brnd_name,forecast_2024_total_spending
1st tier unifine pentips,45291.13794
1st tier unifine pentips,46159.08137
1st tier unifine pentips plus,101638.3561
1st tier unifine pentips plus,103451.7967
abacavir,5412979.273
abacavir,708559.0008
abacavir,47888.64227
abacavir,680410.273
abacavir,1445626.118
abacavir,2219362.286
abacavir-lamivudine,9513548.78
abacavir-lamivudine,652281.6845
abacavir-lamivudine,151640.2411
abacavir-lamivudine,5427831.428
abacavir-lamivudine,3496481.322
abilify,11714419.12
abilify,11654090.61
abilify asimtufii,13290386.24
abilify asimtufii,12934405.8
abilify maintena,234112220.0
abilify maintena,406597513.6
abilify mycite,74599.03284
abilify mycite,74173.70713
abiraterone acetate,423951222.3
abiraterone acetate,16753.94721
abiraterone acetate,49642266.61
abiraterone acetate,138462.0425
abiraterone acetate,4510252.11
abiraterone acetate,39793243.32
abiraterone acetate,154287.7716
abiraterone acetate,21054205.68
abiraterone acetate,66331546.44
abiraterone acetate,304269.8105
abiraterone acetate,104287304.3
abiraterone acetate,173338470.9
abiraterone acetate,173618864.9
abiraterone acetate,28644614.32
abiraterone acetate,43704710.6
abiraterone acetate,22561149.47
abiraterone acetate,68510243.45
abiraterone acetate,99919347.2
abiraterone acetate,113983.1033
abiraterone acetate,1447146.626
abraxane,6838353.27
abraxane,7868475.192
abrysvo,393487230.0
abrysvo,710480168.1
absorica,75275.12531
absorica,74971.53565
absorica ld,63240.89087
absorica ld,62997.68301
acamprosate calcium,8507965.575
acamprosate calcium,3000.964622
acamprosate calcium,4338.856
acamprosate calcium,2726.653465
acamprosate calcium,3628448.488
acamprosate calcium,4176522.437
acamprosate calcium,493531.4076
acanya,14329.68469
acanya,14320.27114
acarbose,10144886.78
acarbose,921203.4916
acarbose,2856248.514
acarbose,1067208.742
acarbose,2547.489863
acarbose,4809892.051
accolate,8831.955009
accolate,8928.766183
accutane,82294.09579
accutane,82269.43771
acebutolol hcl,5601549.053
acebutolol hcl,2428858.545
acebutolol hcl,4846.061795
acebutolol hcl,3250486.996
acetamin-caff-dihydrocodeine,205707.934
acetamin-caff-dihydrocodeine,205574.1967
acetaminophen,51602.47356
acetaminophen,15982.69594
acetaminophen,6332.076415
acetaminophen,1671.992824
acetaminophen,6998.46104
acetaminophen,16895.57877
acetaminophen,637.4364679
acetaminophen-codeine,27909754.19
acetaminophen-codeine,24381.64989
acetaminophen-codeine,3331018.001
acetaminophen-codeine,203.2031896
acetaminophen-codeine,41048.31911
acetaminophen-codeine,3011083.931
acetaminophen-codeine,971.9190649
acetaminophen-codeine,83909.7736
acetaminophen-codeine,213804.342
acetaminophen-codeine,22876447.33
acetaminophen-codeine,2247.763289
acetazolamide,14511088.49
acetazolamide,2232.643077
acetazolamide,1457522.708
acetazolamide,1103038.123
acetazolamide,529591.915
acetazolamide,1440788.055
acetazolamide,1228370.604
acetazolamide,2964433.822
acetazolamide,5616017.769
acetazolamide,2848.070345
acetazolamide,265836.7206
acetazolamide,10263.03585
acetazolamide er,6378472.578
acetazolamide er,2038.288122
acetazolamide er,1219185.513
acetazolamide er,130381.8759
acetazolamide er,1754431.7
acetazolamide er,1589870.546
acetazolamide er,1134185.246
acetazolamide er,433822.8006
acetazolamide sodium,10058.34487
acetazolamide sodium,9967.667026
acetic acid,1561853.456
acetic acid,31853.67466
acetic acid,133096.715
acetic acid,882251.4856
acetic acid,54338.70416
acetic acid,203117.8691
acetic acid,312437.3317
acetylcysteine,1957263.723
acetylcysteine,748137.3467
acetylcysteine,127450.1521
acetylcysteine,38743.52996
acetylcysteine,10569.60368
acetylcysteine,690715.1027
acetylcysteine,13311.14945
acetylcysteine,109272.4155
acetylcysteine,107591.5093
acetylcysteine,7639.276173
aciphex,15174046.44
aciphex,495771.1933
aciphex,15338147.48
acitretin,20392704.07
acitretin,5056394.389
acitretin,6646294.011
acitretin,1042505.731
acitretin,290972.1429
acitretin,7821764.494
actemra actpen,140924608.0
actemra actpen,161543513.4
actemra,105181549.3
actemra,103058215.6
acthar,127740902.6
acthar,259003468.3
acthib,70853.98583
acthib,70149.52909
actimmune,14340126.73
actimmune,29694371.49
activella,129903.9567
activella,129871.5905
actonel,1149829.981
actonel,1153779.247
actoplus met,124951.877
actoplus met,124562.867
actos,965912.8939
actos,963230.6074
acular,68564.56744
acular,68286.88448
acular ls,22737.02059
acular ls,22661.58316
acuvail,172336.8475
acuvail,171677.096
acyclovir sodium,46787.83993
acyclovir sodium,1204.008556
acyclovir sodium,25520.51992
acyclovir sodium,19784.10311
acyclovir,47351055.42
acyclovir,335543.9689
acyclovir,4264683.623
acyclovir,9936.733316
acyclovir,616422.7768
acyclovir,56033.8037
acyclovir,3962.714824
acyclovir,64464.4626
acyclovir,876444.7189
acyclovir,1144335.491
acyclovir,388237.0856
acyclovir,2355.717932
acyclovir,1135072.238
acyclovir,1105781.754
acyclovir,18245.89881
acyclovir,2958730.999
acyclovir,170758.7619
acyclovir,959.8278312
acyclovir,370534.4099
acyclovir,3799.294712
acyclovir,1161068.636
acyclovir,3985316.328
acyclovir,31463.72332
acyclovir,5889.371766
acyclovir,860176.0105
acyclovir,17847.69211
acyclovir,10334.21394
acyclovir,5405.950569
acyclovir,4437846.444
acyclovir,17281821.71
acyclovir,21939.45917
acyclovir,215.8804625
acyclovir,4183595.189
acyclovir,4456.811615
acyclovir,1696699.379
acyclovir,14442.05689
acyclovir,2333061.472
aczone,89143.35412
aczone,88554.26225
adacel tdap,15921097.77
adacel tdap,15842779.31
adakveo,7050344.934
adakveo,6629796.425
adalimumab-adaz(cf),26442.89398
adalimumab-adaz(cf),26169.24401
adalimumab-adaz(cf) pen,77410.70853
adalimumab-adaz(cf) pen,76287.5385
adalimumab-fkjp(cf) pen,49462.80473
adalimumab-fkjp(cf) pen,49005.97036
adapalene,3170596.894
adapalene,4989.284863
adapalene,4068.282407
adapalene,114017.7574
adapalene,187848.3179
adapalene,16559.69745
adapalene,23896.55659
adapalene,333786.6762
adapalene,46010.67411
adapalene,286781.2063
adapalene,237948.3192
adapalene,1712422.388
adapalene-benzoyl peroxide,294560.1876
adapalene-benzoyl peroxide,9619.04991
adapalene-benzoyl peroxide,12392.73248
adapalene-benzoyl peroxide,36635.83905
adapalene-benzoyl peroxide,10819.97353
adapalene-benzoyl peroxide,14935.80232
adapalene-benzoyl peroxide,32640.53421
adapalene-benzoyl peroxide,45182.27856
adapalene-benzoyl peroxide,63183.68904
adapalene-benzoyl peroxide,55860.21173
adbry,34465454.12
adbry,35307472.67
adcetris,2813604.846
adcetris,3092470.863
adcirca,29096113.7
adcirca,29964196.88
adderall,9441025.848
adderall,9448368.858
adderall xr,16682621.4
adderall xr,16757724.97
adefovir dipivoxil,2867842.697
adefovir dipivoxil,2896960.471
adefovir dipivoxil,50663.97043
adempas,254359961.7
adempas,529218488.3
adlarity,2377024.456
adlarity,2398850.994
admelog,1417657.653
admelog,1416270.202
admelog solostar,4070861.039
admelog solostar,4065250.397
adrenalin,48649.71198
adrenalin,48632.40902
adthyza,17690.35433
adthyza,17658.63666
advair diskus,153293023.8
advair diskus,636370884.6
advair hfa,140409215.1
advair hfa,350251718.8
advocate pen needle,222033.356
advocate pen needle,221892.4731
advocate pen needles,1909082.106
advocate pen needles,1909723.6
advocate syringes,176383.0939
advocate syringes,176211.5197
advocate syringes,527149.3856
advocate syringes,527284.1393
advocate syringes,504930.9225
advocate syringes,504845.9158
adzenys xr-odt,1135988.268
adzenys xr-odt,1145706.686
aemcolo,5753.090178
aemcolo,5721.654593
afinitor,32196186.94
afinitor,34671318.54
afinitor disperz,4329359.362
afinitor disperz,6265750.23
afrezza,20734139.07
afrezza,20477093.27
agrylin,229576.5697
agrylin,228169.6056
aimovig autoinjector,189671694.4
aimovig autoinjector,297371809.0
airduo digihaler,621198.8071
airduo digihaler,621664.3494
airduo respiclick,205304.4509
airduo respiclick,205234.9223
airsupra,929982.0044
airsupra,928054.3842
ajovy autoinjector,62923273.66
ajovy autoinjector,60326834.35
ajovy syringe,27612154.51
ajovy syringe,27522634.04
ak-poly-bac,1014.707681
ak-poly-bac,1016.53852
akeega,605713.7827
akeega,584278.4215
aklief,202636.7739
aklief,202130.0375
akten,1316.419974
akten,1314.687351
akynzeo,4219619.115
akynzeo,4208056.898
akynzeo,440435.1333
akynzeo,438940.0144
ala-cort,7616.261843
ala-cort,7567.56138
ala-scalp,150776.3793
ala-scalp,150687.254
albendazole,9854848.606
albendazole,2434769.906
albendazole,129338.2905
albendazole,267304.8316
albendazole,758104.5259
albendazole,771328.2944
albendazole,7020819.649
albuked-25,3659.564339
albuked-25,3653.867997
albumin (human),12981.18326
albumin (human),12775.96964
alburx,8148.915024
alburx,8067.100497
albutein,11474.80897
albutein,11478.50001
albuterol sulfate hfa,458773306.9
albuterol sulfate hfa,287090387.7
albuterol sulfate hfa,100030.5413
albuterol sulfate hfa,560609.8187
albuterol sulfate hfa,27571467.26
albuterol sulfate hfa,61993492.85
albuterol sulfate hfa,54882.9917
albuterol sulfate hfa,28209380.57
albuterol sulfate hfa,138209271.9
albuterol sulfate hfa,121795991.0
albuterol sulfate hfa,3624.020263
albuterol sulfate,12471749.42
albuterol sulfate,1686703.271
albuterol sulfate,1571789.181
albuterol sulfate,221963.1395
albuterol sulfate,483632.0944
albuterol sulfate,34037.86142
albuterol sulfate,1985485.024
albuterol sulfate,255141.2922
albuterol sulfate,2403314.22
albuterol sulfate,1863428.247
albuterol sulfate,563490.6975
albuterol sulfate,127323.6163
albuterol sulfate,41315.77242
albuterol sulfate,21762.72157
albuterol sulfate,1582.056093
albuterol sulfate,169483.6282
alclometasone dipropionate,2431937.303
alclometasone dipropionate,488777.2416
alclometasone dipropionate,97814.2673
alclometasone dipropionate,1868258.404
alcohol pads,11496767.77
alcohol pads,527933.3522
alcohol pads,10943086.14
alcohol prep pads,13558941.5
alcohol prep pads,169560.3221
alcohol prep pads,531865.4123
alcohol prep pads,869896.9145
alcohol prep pads,363029.2697
alcohol prep pads,33119.53646
alcohol prep pads,3418.639255
alcohol prep pads,13383.38349
alcohol prep pads,15534.82709
alcohol prep pads,9660.339792
alcohol prep pads,1934.914463
alcohol prep pads,81530.98769
alcohol prep pads,501331.3807
alcohol prep pads,1193090.066
alcohol prep pads,18163.6213
alcohol prep pads,8788673.267
alcohol prep pads,754.3362009
alcohol prep pads,82703.52734
alcohol prep pads,47455.3982
alcohol swab,167851.1996
alcohol swab,166793.3591
alcohol swabs,932716.8655
alcohol swabs,645443.2036
alcohol swabs,69.38579449
alcohol swabs,1421.673407
alcohol swabs,133626.6631
alcohol swabs,100.7730836
alcohol swabs,329.2668504
alcohol swabs,41480.48818
alcohol swabs,72.30515295
alcohol swabs,26927.82266
alcohol swabs,50029.36697
alcohol wipes,11560.20143
alcohol wipes,472.6872016
alcohol wipes,9419.217108
alcohol wipes,400.6655081
aldactazide,32130.9056
aldactazide,31798.8113
aldactone,536824.4794
aldactone,534855.3006
aldurazyme,2742850.097
aldurazyme,3530391.108
alecensa,133855989.5
alecensa,191646678.3
alendronate sodium,83509736.51
alendronate sodium,89415.47869
alendronate sodium,2632.065156
alendronate sodium,3033.957305
alendronate sodium,74577.61677
alendronate sodium,30222713.79
alendronate sodium,24613700.46
alendronate sodium,453279.8879
alendronate sodium,11172132.83
alendronate sodium,21336691.03
alendronate sodium,3783074.637
alfuzosin hcl er,25485391.79
alfuzosin hcl er,84918.74486
alfuzosin hcl er,60602.26534
alfuzosin hcl er,273464.0063
alfuzosin hcl er,15502976.24
alfuzosin hcl er,6101.127865
alfuzosin hcl er,11732674.32
alfuzosin hcl er,750909.0499
alimta,1976872.444
alimta,2129512.144
aliqopa,302406.206
aliqopa,298841.3603
aliskiren,11836070.25
aliskiren,6074260.388
aliskiren,5726461.786
allopurinol,160392708.3
allopurinol,8435984.166
allopurinol,20510267.28
allopurinol,24570.13697
allopurinol,4704046.819
allopurinol,12840944.13
allopurinol,2555504.123
allopurinol,985.0464287
allopurinol,1634920.662
allopurinol,7727901.785
allopurinol,35409.78673
allopurinol,36641905.67
allopurinol,191.8842463
allopurinol,15318276.07
allopurinol,532.3145659
allopurinol,16120.36569
allopurinol,20076.92187
allopurinol,23968.05782
allopurinol,3015283.914
allopurinol,15918116.21
allzital,3607.007999
allzital,3594.348832
almotriptan malate,1819382.712
almotriptan malate,936107.2007
almotriptan malate,849849.2034
alogliptin,14346972.42
alogliptin,14369664.5
alogliptin-metformin,1089036.963
alogliptin-metformin,1084334.398
alogliptin-pioglitazone,380982.485
alogliptin-pioglitazone,380819.3361
alomide,110492.9998
alomide,41722.70045
alomide,65944.54071
alosetron hcl,11004646.44
alosetron hcl,37419.26047
alosetron hcl,17446.36539
alosetron hcl,5148780.365
alosetron hcl,24540.57349
alosetron hcl,3147891.368
alosetron hcl,3776460.898
alphagan p,122776086.1
alphagan p,170037055.0
alprazolam,81200497.09
alprazolam,22861531.82
alprazolam,15755754.3
alprazolam,35869898.65
alprazolam,5971042.221
alprazolam,3523001.722
alprazolam er,2286081.204
alprazolam er,2008417.184
alprazolam er,251705.2908
alprazolam intensol,47170.8629
alprazolam intensol,47116.18074
alprazolam odt,582736.5477
alprazolam odt,583176.5273
alprazolam odt,3844.406893
alprazolam xr,497657.9632
alprazolam xr,497809.7009
alrex,11034947.97
alrex,11087029.72
altabax,75865.67907
altabax,75609.57434
altace,1764438.418
altace,1778901.715
altavera,79201.01114
altavera,79356.1886
altoprev,819436.6358
altoprev,818778.1134
altreno,83984.24381
altreno,83835.05693
alunbrig,36504520.57
alunbrig,37205114.35
alvesco,35874567.81
alvesco,35984108.85
alyacen,139338.8545
alyacen,139665.6735
alymsys,478506.0927
alymsys,477001.7522
alyq,1515472.336
alyq,1538307.145
amabelz,68967.62319
amabelz,68993.28408
amantadine,31808793.7
amantadine,383.2897396
amantadine,13727.58044
amantadine,1288084.257
amantadine,48268.55115
amantadine,1231609.447
amantadine,689738.4398
amantadine,7867283.66
amantadine,329688.1315
amantadine,4649842.488
amantadine,1580.152594
amantadine,1636078.475
amantadine,2045083.885
amantadine,12334.62537
amantadine,1273.653707
amantadine,16954.46889
amantadine,4997133.338
amantadine,482899.9936
amantadine,6454439.853
amaryl,189500.7397
amaryl,189696.5511
ambien,12435040.85
ambien,12455658.74
ambien cr,5347131.994
ambien cr,5364563.543
ambisome,1148255.066
ambisome,1214414.651
ambrisentan,228172786.0
ambrisentan,148239406.5
ambrisentan,542752.9621
ambrisentan,56398581.4
ambrisentan,90636118.91
ambrisentan,12556353.86
ambrisentan,2765671.652
amcinonide,10764.94894
amcinonide,10771.43395
amethia,1808.315069
amethia,1807.756958
amethyst,37099.22033
amethyst,16634.82219
amethyst,19564.14116
amicar,58004.33701
amicar,57659.52703
amikacin sulfate,1214968.422
amikacin sulfate,16103.57393
amikacin sulfate,6666.603481
amikacin sulfate,948888.2219
amikacin sulfate,112452.779
amikacin sulfate,124433.5497
amikacin sulfate,19257.37276
amiloride hcl,2163098.612
amiloride hcl,768524.6464
amiloride hcl,306090.4442
amiloride hcl,1057249.711
amiloride-hydrochlorothiazide,1257523.807
amiloride-hydrochlorothiazide,4123.768214
amiloride-hydrochlorothiazide,1258112.671
aminocaproic acid,2439369.527
aminocaproic acid,326974.0418
aminocaproic acid,156439.9521
aminocaproic acid,64058.8635
aminocaproic acid,10570.01145
aminocaproic acid,229188.6952
aminocaproic acid,27082.12191
aminocaproic acid,253884.1185
aminocaproic acid,789139.4655
aminocaproic acid,285313.8877
aminocaproic acid,390548.1543
amiodarone hcl,88653145.69
amiodarone hcl,427.3407753
amiodarone hcl,15064088.59
amiodarone hcl,6391.493672
amiodarone hcl,14234470.98
amiodarone hcl,6339633.492
amiodarone hcl,378903.6287
amiodarone hcl,152380.8352
amiodarone hcl,16586117.09
amiodarone hcl,31403726.08
amiodarone hcl,3383643.432
amitiza,7516469.785
amitiza,7471205.859
amitriptyline hcl,80238603.76
amitriptyline hcl,1363472.685
amitriptyline hcl,11414.723
amitriptyline hcl,25883102.09
amitriptyline hcl,154546.3624
amitriptyline hcl,183773.6746
amitriptyline hcl,5222227.538
amitriptyline hcl,14557221.46
amitriptyline hcl,4837271.356
amitriptyline hcl,229.8566364
amitriptyline hcl,10364402.28
amitriptyline hcl,7930193.324
amjevita(cf),8438390.336
amjevita(cf),8418216.58
amjevita(cf) autoinjector,32246009.77
amjevita(cf) autoinjector,10808130.41
amjevita(cf) autoinjector,22993357.7
amlodipine besylate,185345779.7
amlodipine besylate,12237661.53
amlodipine besylate,1255658.532
amlodipine besylate,135836408.3
amlodipine besylate,16094.52776
amlodipine besylate,683462.5264
amlodipine besylate,108832457.7
amlodipine besylate,111196.8086
amlodipine besylate,696.8467015
amlodipine besylate,406208.8149
amlodipine besylate,1535951.356
amlodipine besylate,143.6643495
amlodipine besylate,198093.9882
amlodipine besylate,91969792.25
amlodipine besylate,20092495.21
amlodipine besylate,33405.7282
amlodipine besylate,2901.547455
amlodipine besylate,127802.8
amlodipine besylate,51739885.2
amlodipine besylate,3296.534998
amlodipine besylate,203.0229905
amlodipine besylate,11092.10057
amlodipine besylate,347202.9012
amlodipine besylate-benazepril,42569502.33
amlodipine besylate-benazepril,11573052.08
amlodipine besylate-benazepril,2074368.28
amlodipine besylate-benazepril,15967474.3
amlodipine besylate-benazepril,4446263.644
amlodipine besylate-benazepril,7642527.017
amlodipine-atorvastatin,23708019.68
amlodipine-atorvastatin,3689818.877
amlodipine-atorvastatin,110594.0525
amlodipine-atorvastatin,10669889.53
amlodipine-atorvastatin,3568047.67
amlodipine-atorvastatin,7681830.453
amlodipine-olmesartan,21873950.26
amlodipine-olmesartan,3957302.166
amlodipine-olmesartan,901836.339
amlodipine-olmesartan,55939.31079
amlodipine-olmesartan,2943347.264
amlodipine-olmesartan,5106177.122
amlodipine-olmesartan,6194755.928
amlodipine-olmesartan,252532.4783
amlodipine-olmesartan,2037117.677
amlodipine-valsartan,25557756.29
amlodipine-valsartan,4248.406909
amlodipine-valsartan,72923.52384
amlodipine-valsartan,17664716.12
amlodipine-valsartan,33795.948
amlodipine-valsartan,2456241.766
amlodipine-valsartan,8629878.965
amlodipine-valsartan-hctz,6077829.294
amlodipine-valsartan-hctz,14939.55807
amlodipine-valsartan-hctz,6070184.068
ammonium lactate,28251593.41
ammonium lactate,16588462.59
ammonium lactate,12309284.06
amnesteem,402340.3199
amnesteem,402376.2339
amondys-45,4056352.86
amondys-45,4903718.268
amoxapine,195968.1836
amoxapine,195625.2371
amoxicillin,58803685.92
amoxicillin,10382.19785
amoxicillin,1839067.587
amoxicillin,2138508.928
amoxicillin,4142465.977
amoxicillin,10341849.05
amoxicillin,8102496.29
amoxicillin,118379.2934
amoxicillin,5576028.632
amoxicillin,297.6928464
amoxicillin,339.8338333
amoxicillin-clavulanate pot er,1599156.2
amoxicillin-clavulanate pot er,1598559.432
amoxicillin-clavulanate potass,57177760.24
amoxicillin-clavulanate potass,22336162.96
amoxicillin-clavulanate potass,1895110.998
amoxicillin-clavulanate potass,11145426.95
amoxicillin-clavulanate potass,64315.90658
amoxicillin-clavulanate potass,10055970.19
amoxicillin-clavulanate potass,5986970.872
amoxicillin-clavulanate potass,752.9270815
amoxicillin-clavulanate potass,528505.7333
amoxicillin-clavulanate potass,28060.35808
amoxicillin-clavulanate potass,3773197.057
amoxicillin-clavulanate potass,17359756.71
amphetamine sulfate,186747.5098
amphetamine sulfate,91689.09319
amphetamine sulfate,20902.68183
amphetamine sulfate,46213.57567
amphetamine sulfate,23620.45676
amphotericin b,2067.880257
amphotericin b,2053.855144
amphotericin b liposome,965518.4563
amphotericin b liposome,603731.0276
amphotericin b liposome,404604.7669
ampicillin sodium,4472376.614
ampicillin sodium,41230.51525
ampicillin sodium,27685.35024
ampicillin sodium,1239620.105
ampicillin sodium,239110.7788
ampicillin sodium,149608.7409
ampicillin sodium,34247.05348
ampicillin sodium,31835.9543
ampicillin sodium,217398.1885
ampicillin sodium,1285111.295
ampicillin sodium,356618.7419
ampicillin sodium,5865.131696
ampicillin sodium,83632.23685
ampicillin sodium,752823.9059
ampicillin sodium,31169.30583
ampicillin sodium,2036.707064
ampicillin trihydrate,1308431.619
ampicillin trihydrate,1174.380946
ampicillin trihydrate,1316452.089
ampicillin-sulbactam,2788553.58
ampicillin-sulbactam,24291.81065
ampicillin-sulbactam,213896.9839
ampicillin-sulbactam,212404.3543
ampicillin-sulbactam,19118.21146
ampicillin-sulbactam,51091.08369
ampicillin-sulbactam,19946.73626
ampicillin-sulbactam,188564.5679
ampicillin-sulbactam,266894.7063
ampicillin-sulbactam,8077.665391
ampicillin-sulbactam,120339.3697
ampicillin-sulbactam,1579661.584
ampyra,43756578.97
ampyra,43968374.79
amrix,594943.4219
amrix,590117.8067
amvuttra,24433036.63
amvuttra,42399066.01
amzeeq,361409.4919
amzeeq,330094.712
amzeeq,22754.63499
anafranil,1078643.461
anafranil,1070970.436
anagrelide hcl,8784056.044
anagrelide hcl,1161763.448
anagrelide hcl,6248392.063
analpram hc,10031.50457
analpram hc,10009.76233
anaspaz,515.4099564
anaspaz,514.8358469
anastrozole,49488955.73
anastrozole,13260302.72
anastrozole,6851622.966
anastrozole,2039334.453
anastrozole,212.1883561
anastrozole,3480.864958
anastrozole,92489.77283
anastrozole,21920.0809
anastrozole,22342.58355
anastrozole,242108.2447
anastrozole,5361.007523
anastrozole,6439865.393
anastrozole,17462844.15
androderm,3191391.256
androderm,3157733.19
androgel,4516270.396
androgel,3209301.104
androgel,2070647.795
angeliq,435647.7604
angeliq,435013.6208
annovera,106886.2834
annovera,106497.9442
anoro ellipta,159492246.0
anoro ellipta,557045927.8
antivert,2115.322775
antivert,2107.59816
anusol-hc,38559.0865
anusol-hc,38226.02393
apexicon e,72336.98953
apexicon e,72321.79076
apidra,2768754.241
apidra,2786542.544
apidra solostar,8149881.729
apidra solostar,8130280.339
aplenzin,19418609.95
aplenzin,18795958.27
apokyn,57673141.09
apokyn,67381313.85
apomorphine hcl,281592.0099
apomorphine hcl,278327.6608
apraclonidine hcl,334401.8448
apraclonidine hcl,291274.3743
apraclonidine hcl,56880.83415
aprepitant,8650304.533
aprepitant,4229398.937
aprepitant,3410948.418
aprepitant,980991.2506
apretude,11791029.9
apretude,11701840.6
apri,165678.5576
apri,166577.5176
apriso,5977745.637
apriso,5950326.386
aptensio xr,47603.38912
aptensio xr,47481.81308
aptiom,106171384.0
aptiom,117686844.3
aptivus,1337667.331
aptivus,1333464.559
aralast np,41045453.52
aralast np,38410703.98
aranelle,22714.3557
aranelle,22703.99044
aranesp,58580485.7
aranesp,74194372.01
arava,1002718.28
arava,1012660.485
arazlo,307997.2026
arazlo,307602.5531
arcalyst,23613593.67
arcalyst,28690343.23
arestin,3904411.697
arestin,3871141.882
arexvy,475989676.0
arexvy,1058860059.0
arformoterol tartrate,4112429.238
arformoterol tartrate,417096.933
arformoterol tartrate,141586.653
arformoterol tartrate,1154575.651
arformoterol tartrate,814488.4307
arformoterol tartrate,111467.1623
arformoterol tartrate,1783404.678
aricept,1516759.695
aricept,1552639.551
arikayce,127864108.9
arikayce,164237279.3
arimidex,4505022.392
arimidex,4461948.388
aripiprazole,285096191.9
aripiprazole,27991467.17
aripiprazole,60581067.74
aripiprazole,4776.936419
aripiprazole,343335.0898
aripiprazole,3582.274992
aripiprazole,4850821.297
aripiprazole,20510571.51
aripiprazole,35594091.2
aripiprazole,732717.2502
aripiprazole,49846983.19
aripiprazole,1158.326887
aripiprazole,38007.76224
aripiprazole,101851.863
aripiprazole,35470567.73
aripiprazole,19607987.15
aripiprazole,3906040.194
aripiprazole,167052.8813
aripiprazole,1949381.322
aripiprazole,832851.6155
aripiprazole,33754148.35
aripiprazole,12239.32083
aripiprazole,25039631.85
aripiprazole,4742.270474
aripiprazole,74759764.4
aripiprazole odt,9380047.542
aripiprazole odt,1032809.478
aripiprazole odt,3999235.967
aripiprazole odt,15065.56875
aripiprazole odt,2329013.747
aripiprazole odt,1539753.12
aristada,172100459.9
aristada,247041973.8
aristada initio,3571685.411
aristada initio,3635253.366
arixtra,229991.8491
arixtra,228358.0598
armodafinil,11743187.66
armodafinil,1155980.31
armodafinil,1988940.661
armodafinil,1675313.004
armodafinil,5998010.762
armodafinil,949150.9891
armonair digihaler,371827.0009
armonair digihaler,371991.1273
armour thyroid,24307060.51
armour thyroid,23944239.16
arnuity ellipta,101579400.5
arnuity ellipta,99489752.94
aromasin,1246326.228
aromasin,1275012.062
arthrotec 50,218692.0658
arthrotec 50,216445.5027
arthrotec 75,639158.8054
arthrotec 75,636459.7838
asa-butalb-caffeine-codeine,1741947.752
asa-butalb-caffeine-codeine,1731369.583
asacol hd,73189.26782
asacol hd,72966.89434
asceniv,3373915.624
asceniv,4391893.935
ascomp with codeine,842866.9776
ascomp with codeine,842286.9325
asenapine maleate,29484375.49
asenapine maleate,2367675.966
asenapine maleate,7345167.639
asenapine maleate,7111425.277
asenapine maleate,9497301.228
ashlyna,93348.26471
ashlyna,93410.88082
asmanex,14937453.0
asmanex,14949839.6
asmanex hfa,7733798.201
asmanex hfa,7724993.667
aspirin-dipyridamole er,35551409.19
aspirin-dipyridamole er,2085065.299
aspirin-dipyridamole er,2699931.565
aspirin-dipyridamole er,6180120.864
aspirin-dipyridamole er,16213.76194
aspirin-dipyridamole er,5916148.727
aspirin-dipyridamole er,10102823.69
aspirin-dipyridamole er,4672164.061
aspirin-dipyridamole er,6141.350835
aspruzyo sprinkle,140641.3075
aspruzyo sprinkle,140489.9536
assure id insulin safety,532.491583
assure id insulin safety,532.0864655
assure id insulin safety,866.7855134
assure id insulin safety,865.4039471
assure id pen needle,17390.07181
assure id pen needle,17365.59161
astagraf xl,446581.711
astagraf xl,448316.4253
atacand,2017973.693
atacand,2019110.537
atacand hct,585208.4965
atacand hct,584844.5859
atazanavir sulfate,7605204.029
atazanavir sulfate,2078666.907
atazanavir sulfate,173356.424
atazanavir sulfate,931319.2179
atazanavir sulfate,233933.2968
atazanavir sulfate,2980721.116
atazanavir sulfate,506499.9732
atazanavir sulfate,692622.2774
atelvia,211616.2294
atelvia,211712.0822
atenolol,58806544.52
atenolol,31396.4822
atenolol,3104.921346
atenolol,2752.96939
atenolol,623442.6399
atenolol,16083431.89
atenolol,17136177.37
atenolol,467.9601493
atenolol,14436997.9
atenolol,13911335.22
atenolol,7519398.951
atenolol,84915.28042
atenolol-chlorthalidone,15672424.27
atenolol-chlorthalidone,8140558.882
atenolol-chlorthalidone,2096216.575
atenolol-chlorthalidone,1471684.873
atenolol-chlorthalidone,1152071.741
atenolol-chlorthalidone,558.398689
atenolol-chlorthalidone,3068931.037
ativan,25130718.63
ativan,25881310.25
ativan,6073.915455
atomoxetine hcl,44602450.1
atomoxetine hcl,2487984.048
atomoxetine hcl,7905.801656
atomoxetine hcl,7140438.4
atomoxetine hcl,1329515.866
atomoxetine hcl,2639620.806
atomoxetine hcl,15815236.02
atomoxetine hcl,1499370.876
atomoxetine hcl,11337840.15
atomoxetine hcl,189472.0829
atorvaliq,166945.5303
atorvaliq,167766.1913
atorvastatin calcium,449979530.9
atorvastatin calcium,1441.774248
atorvastatin calcium,79021.60286
atorvastatin calcium,71170446.47
atorvastatin calcium,81734090.22
atorvastatin calcium,689049.2949
atorvastatin calcium,93951401.19
atorvastatin calcium,7541.836422
atorvastatin calcium,43704.73468
atorvastatin calcium,34761.0901
atorvastatin calcium,32888684.89
atorvastatin calcium,28558464.34
atorvastatin calcium,68680621.83
atorvastatin calcium,36876844.37
atorvastatin calcium,177.8779234
atorvastatin calcium,1983204.64
atorvastatin calcium,494761.6444
atorvastatin calcium,1185.873635
atorvastatin calcium,80113750.77
atorvastatin calcium,858219.3509
atorvastatin calcium,15939450.54
atorvastatin calcium,1309010.704
atorvastatin calcium,3426.663202
atorvastatin calcium,6764526.082
atorvastatin calcium,2275490.838
atorvastatin calcium,230283967.1
atorvastatin calcium,71212419.1
atorvastatin calcium,22560526.76
atorvastatin calcium,76357655.49
atorvastatin calcium,2897.465264
atovaquone,60945057.14
atovaquone,2528874.008
atovaquone,4065342.035
atovaquone,12815375.08
atovaquone,18073.91142
atovaquone,142395.5985
atovaquone,668650.571
atovaquone,9171.970133
atovaquone,5403264.646
atovaquone,18198349.53
atovaquone,8501495.286
atovaquone-proguanil hcl,6760155.74
atovaquone-proguanil hcl,3490896.764
atovaquone-proguanil hcl,81192.09188
atovaquone-proguanil hcl,1448478.465
atovaquone-proguanil hcl,1759263.764
atralin,7697.824256
atralin,7652.770175
atripla,108748.7993
atripla,108190.6817
atropine sulfate,16725.43966
atropine sulfate,16712.08012
atropine sulfate,9092065.102
atropine sulfate,1031.582905
atropine sulfate,408308.4907
atropine sulfate,160862.7166
atropine sulfate,401.343485
atropine sulfate,6764330.146
atropine sulfate,983007.7682
atropine sulfate,780293.5855
atropine sulfate,5678.638091
atropine sulfate,1349.691266
atrovent hfa,101494472.7
atrovent hfa,116298740.1
aubagio,162348910.6
aubagio,286909718.5
aubra eq,3867.971276
aubra eq,3874.705545
augmentin,136160.43
augmentin,135898.9149
aurovela,6743.896986
aurovela,6706.679697
aurovela 24 fe,3739.153637
aurovela 24 fe,3713.020362
aurovela fe,11469.82156
aurovela fe,11418.41117
auryxia,123737963.8
auryxia,159736279.7
austedo,271416185.5
austedo,682643998.9
austedo xr,74341390.95
austedo xr,89387049.28
austedo xr titration kt(wk1-4),1994502.924
austedo xr titration kt(wk1-4),2046764.903
autoshield duo pen needle,26568676.87
autoshield duo pen needle,25977716.75
autoshield pen needle,2657.225749
autoshield pen needle,2666.621739
auvelity,39176057.85
auvelity,37061405.79
auvi-q,767010.257
auvi-q,765314.8885
avalide,1084900.507
avalide,1090113.976
avapro,3287535.852
avapro,3317254.846
avastin,12205178.75
avastin,11677292.0
aveed,1188544.584
aveed,1179417.818
aviane,126914.1539
aviane,127523.9002
avodart,4122244.015
avodart,3973011.459
avodart,228057.8427
avonex,96767179.97
avonex,134165902.7
avonex pen,119895733.6
avonex pen,162858812.6
avsola,2716653.356
avsola,2666377.863
avycaz,15756282.36
avycaz,15185990.91
aygestin,7771.979789
aygestin,7642.332578
ayvakit,49332273.97
ayvakit,60829452.22
azacitidine,4022332.404
azacitidine,57976.20836
azacitidine,747341.7277
azacitidine,118522.9628
azacitidine,16045.72554
azacitidine,23735.95775
azacitidine,297450.3515
azacitidine,1097172.038
azacitidine,45566.68892
azacitidine,153980.3644
azacitidine,9986.0775
azacitidine,764963.9006
azacitidine,170319.3242
azacitidine,219516.2098
azactam,198735.4576
azactam,203126.2351
azasan,112790.1703
azasan,111581.215
azasite,1358181.025
azasite,1283017.136
azasite,68943.32215
azathioprine,25771410.12
azathioprine,2506.700955
azathioprine,182624.2726
azathioprine,2999.024517
azathioprine,13452639.79
azathioprine,9378042.397
azathioprine,3949147.939
azathioprine,868.9387648
azelaic acid,9125077.692
azelaic acid,3420982.321
azelaic acid,2841674.871
azelaic acid,58406.52035
azelaic acid,2736900.992
azelaic acid,773023.3336
azelastine hcl,96609643.66
azelastine hcl,177878.6899
azelastine hcl,27384161.35
azelastine hcl,17544669.87
azelastine hcl,335348.8814
azelastine hcl,1569138.308
azelastine hcl,458996.4437
azelastine hcl,333623.3763
azelastine hcl,4691692.968
azelastine hcl,48178646.39
azelastine hcl,25411.66099
azelastine hcl,4081.275098
azelastine hcl,23044.75372
azelastine hcl,4688233.579
azelastine hcl,4550.08412
azelastine hcl,1380938.668
azelastine-fluticasone,20872463.55
azelastine-fluticasone,12898214.64
azelastine-fluticasone,581762.4486
azelastine-fluticasone,6285065.134
azelex,1441447.657
azelex,1444544.812
azesco,1286383.827
azesco,1352731.737
azilect,1750397.545
azilect,1800625.893
azithromycin,45023052.64
azithromycin,10003180.76
azithromycin,77324.30528
azithromycin,43167.46597
azithromycin,7994970.299
azithromycin,28904.40867
azithromycin,7472666.359
azithromycin,9021.391464
azithromycin,760.2679033
azithromycin,952926.1661
azithromycin,6867555.003
azithromycin,2493.848884
azithromycin,280.9017092
azithromycin,248051.0138
azithromycin,1701819.681
azithromycin,9383.286203
azithromycin,207722.3549
azithromycin,1584.795942
azithromycin,10070458.14
azithromycin,13689540.35
azithromycin,38931.26758
azithromycin,178.2770647
azithromycin,3549.704857
azithromycin,6550.244443
azithromycin,2785.395358
azopt,19811272.02
azopt,19857124.45
azor,3211545.62
azor,126312.945
azor,3221104.645
azstarys,1344145.498
azstarys,1350062.684
aztreonam,2964394.19
aztreonam,514211.6344
aztreonam,2231468.618
aztreonam,195251.1457
aztreonam,104294.9794
azulfidine,283780.7011
azulfidine,282382.3773
azurette,25694.40431
azurette,25701.55184
b-d single use alcohol swab,4851.387617
b-d single use alcohol swab,4728.654608
bcg (tice strain),786106.4717
bcg (tice strain),784037.9555
bacitracin,1981694.038
bacitracin,1968578.702
bacitracin-polymyxin,612157.3871
bacitracin-polymyxin,612317.3538
baclofen,128981132.8
baclofen,2220703.673
baclofen,1971.015363
baclofen,88259.52757
baclofen,5807860.359
baclofen,6611145.871
baclofen,1176.577032
baclofen,14412515.97
baclofen,6346322.858
baclofen,10201.87434
baclofen,28492.91767
baclofen,12933246.48
baclofen,19319764.98
baclofen,14578.32599
baclofen,4688614.688
baclofen,17836734.57
baclofen,1955113.762
baclofen,2377801.924
baclofen,3054.289637
baclofen,432222.9356
baclofen,13262998.93
baclofen,1836713.403
baclofen,3926508.098
baclofen,3300500.37
bactrim,1750.205439
bactrim,1747.011039
bactrim ds,18904.77635
bactrim ds,18866.06185
bafiertam,4613126.046
bafiertam,4826931.265
balcoltra,38105.29485
balcoltra,38104.8335
balsalazide disodium,21255276.31
balsalazide disodium,11555124.64
balsalazide disodium,122121.75
balsalazide disodium,11971219.94
balversa,16261847.36
balversa,17178561.19
balziva,52825.38021
balziva,52792.72402
band-aid gauze pads,3427.207605
band-aid gauze pads,3417.962157
banzel,19645789.95
banzel,19047171.04
baqsimi,21730556.92
baqsimi,21903477.22
baraclude,2813322.802
baraclude,2874882.395
basaglar kwikpen u-100,152368726.5
basaglar kwikpen u-100,464118002.4
basaglar tempo pen u-100,237418.5714
basaglar tempo pen u-100,237286.4924
bavencio,2092442.02
bavencio,2352017.017
baxdela,1209158.704
baxdela,1237386.001
bd insulin syringe,1779.090115
bd insulin syringe,1765.225633
bd insulin syringe ult-fine ii,14928.13715
bd insulin syringe ult-fine ii,14829.70621
bd insulin syringe ult-fine ii,2087.522666
bd insulin syringe ult-fine ii,2075.537838
bd insulin syringe ult-fine ii,34971.14472
bd insulin syringe ult-fine ii,34630.94135
bd insulin syringe ultra-fine,2330.52006
bd insulin syringe ultra-fine,2320.086603
bd insulin syringe ultra-fine,6081.769904
bd insulin syringe ultra-fine,6032.173239
beconase aq,1278603.571
beconase aq,1279890.573
belbuca,124245459.9
belbuca,149906048.4
belsomra,120348651.5
belsomra,150078775.7
benazepril hcl,38381046.3
benazepril hcl,9328.270381
benazepril hcl,6204044.739
benazepril hcl,14429158.66
benazepril hcl,15755862.01
benazepril hcl,57151.41178
benazepril hcl,231.587074
benazepril-hydrochlorothiazide,13934558.71
benazepril-hydrochlorothiazide,2570967.09
benazepril-hydrochlorothiazide,3702908.647
benazepril-hydrochlorothiazide,7200885.041
benazepril-hydrochlorothiazide,52229.05282
bendamustine hcl,953275.0593
bendamustine hcl,69484.51959
bendamustine hcl,388579.0749
bendamustine hcl,283616.8283
bendamustine hcl,369234.2404
bendeka,3077406.732
bendeka,3021550.685
benicar,17448291.51
benicar,477420.1537
benicar,17202388.78
benicar hct,7229558.627
benicar hct,207179.0887
benicar hct,6960223.276
benlysta,141539020.3
benlysta,164612607.0
bentyl,54938.46687
bentyl,54300.99302
benzonatate,1560534.982
benzonatate,93.87157852
benzonatate,794010.8237
benzonatate,112.3058713
benzonatate,5536.746975
benzonatate,108455.0233
benzonatate,22007.00059
benzonatate,3564.126495
benzonatate,420.7692353
benzonatate,46419.33776
benzonatate,358519.8027
benzonatate,771.6468638
benzonatate,38919.59388
benzonatate,127.3383567
benzonatate,94387.9003
benztropine mesylate,25894050.95
benztropine mesylate,6374338.293
benztropine mesylate,25941.94644
benztropine mesylate,78846.89033
benztropine mesylate,387.9572192
benztropine mesylate,17409573.22
benztropine mesylate,95486.11233
benztropine mesylate,2463602.807
benztropine mesylate,530.9903293
benztropine mesylate,30544.56845
benztropine mesylate,25954.09154
benztropine mesylate,1784252.378
benztropine mesylate,20968.71355
benztropine mesylate,90018.49465
beovu,625480.5869
beovu,624849.3467
bepotastine besilate,15595279.49
bepotastine besilate,69651.19629
bepotastine besilate,2387600.197
bepotastine besilate,171475.6144
bepotastine besilate,12647954.55
bepreve,3016694.166
bepreve,3028528.055
berinert,11987248.32
berinert,19071425.8
besivance,10366622.12
besivance,10436580.19
besponsa,1559992.171
besponsa,2048710.471
besremi,43608079.79
besremi,38652816.52
betadine,1164.707438
betadine,1152.148677
betaine anhydrous,548576.9661
betaine anhydrous,540375.32
betaine anhydrous,40095.67189
betamethasone diprop augmented,617898.5505
betamethasone diprop augmented,618477.322
betamethasone diprop augmented,16921838.15
betamethasone diprop augmented,2694664.78
betamethasone diprop augmented,5049990.84
betamethasone diprop augmented,412516.3712
betamethasone diprop augmented,21147.13625
betamethasone diprop augmented,2466075.196
betamethasone diprop augmented,336317.5199
betamethasone diprop augmented,5438127.387
betamethasone diprop augmented,920701.4548
betamethasone dipropionate,42297705.89
betamethasone dipropionate,3320509.433
betamethasone dipropionate,2155090.833
betamethasone dipropionate,5769503.365
betamethasone dipropionate,1163672.526
betamethasone dipropionate,3515516.123
betamethasone dipropionate,8995146.921
betamethasone dipropionate,6096855.597
betamethasone dipropionate,5373149.891
betamethasone dipropionate,5379344.681
betamethasone sod phos-acetate,20260.65969
betamethasone sod phos-acetate,20261.68227
betamethasone valerate,10412807.82
betamethasone valerate,2088.870311
betamethasone valerate,3318.495933
betamethasone valerate,561868.8561
betamethasone valerate,2887026.058
betamethasone valerate,100666.6361
betamethasone valerate,72705.95119
betamethasone valerate,1988737.423
betamethasone valerate,4186020.918
betamethasone valerate,61491.39085
betapace,646841.7617
betapace,643976.3075
betapace af,253101.0322
betapace af,252070.8162
betaseron,84259943.14
betaseron,105115282.7
betaxolol hcl,2155435.575
betaxolol hcl,845.7988825
betaxolol hcl,8935.181183
betaxolol hcl,403739.8176
betaxolol hcl,7704.302329
betaxolol hcl,1678125.723
bethanechol chloride,12298184.21
bethanechol chloride,7901.385813
bethanechol chloride,5345741.802
bethanechol chloride,6280787.457
bethanechol chloride,1223.57454
bethanechol chloride,997.9510773
bethanechol chloride,285403.9362
bethanechol chloride,38405.28806
bethkis,79211.14228
bethkis,78849.43383
betimol,5130332.144
betimol,184129.6953
betimol,1714483.018
betimol,3122519.063
betoptic s,4652903.275
betoptic s,3718812.291
betoptic s,691013.3007
bevespi aerosphere,64719607.14
bevespi aerosphere,61857455.43
bexarotene,53555625.44
bexarotene,3015221.358
bexarotene,25364090.98
bexarotene,3017400.132
bexarotene,3548555.373
bexarotene,3269467.189
bexarotene,16567198.21
bexsero,1011283.393
bexsero,1007970.318
beyaz,30950.84723
beyaz,30913.31516
bicalutamide,6727862.441
bicalutamide,6071.382579
bicalutamide,1973809.201
bicalutamide,19643.71077
bicalutamide,747667.133
bicalutamide,122407.1778
bicalutamide,4639485.151
bicillin c-r,32778.86169
bicillin c-r,33024.119
bicillin l-a,3935348.08
bicillin l-a,3926778.538
bidil,1602970.154
bidil,1603048.491
bijuva,656408.7972
bijuva,656985.6993
biktarvy,319205547.0
biktarvy,1131082635.0
bimatoprost,7370026.771
bimatoprost,1649164.881
bimatoprost,51067.06839
bimatoprost,1768607.159
bimatoprost,2168852.614
bimatoprost,33185.76139
bimatoprost,1526707.332
bimzelx,324114.7991
bimzelx,321640.0788
bimzelx autoinjector,947524.8708
bimzelx autoinjector,924925.1342
binosto,532329.472
binosto,532812.04
bismuth-metronidazole-tetracyc,1863139.112
bismuth-metronidazole-tetracyc,1252881.101
bismuth-metronidazole-tetracyc,407899.4351
bisoprolol fumarate,44402276.5
bisoprolol fumarate,14357799.13
bisoprolol fumarate,2321628.385
bisoprolol fumarate,8239833.917
bisoprolol fumarate,10320734.26
bisoprolol fumarate,3040151.145
bisoprolol fumarate,2282371.622
bisoprolol fumarate,2137080.126
bisoprolol fumarate,750697.5833
bisoprolol-hydrochlorothiazide,23123778.89
bisoprolol-hydrochlorothiazide,1802080.015
bisoprolol-hydrochlorothiazide,3531114.732
bisoprolol-hydrochlorothiazide,17472.56444
bisoprolol-hydrochlorothiazide,1395088.814
bisoprolol-hydrochlorothiazide,8929998.93
bisoprolol-hydrochlorothiazide,2116500.491
bisoprolol-hydrochlorothiazide,6493750.209
bivigam,2296480.352
bivigam,2424500.49
blincyto,1257592.876
blincyto,1290011.598
blisovi 24 fe,48427.42136
blisovi 24 fe,48460.37318
blisovi fe,299343.5014
blisovi fe,299253.5458
boniva,20850.35966
boniva,20809.58932
bonjesta,43401.52879
bonjesta,43383.73705
boostrix tdap,77683811.86
boostrix tdap,80186331.39
bortezomib,3921257.272
bortezomib,10878.23179
bortezomib,18199.57045
bortezomib,3274.92606
bortezomib,78554.24058
bortezomib,21346.92504
bortezomib,145970.7682
bortezomib,713536.4924
bortezomib,88810.04054
bortezomib,26315.39879
bortezomib,127772.6221
bortezomib,40413.93727
bortezomib,1691040.33
bortezomib,1067564.783
bortezomib,92964.56396
bosentan,43943356.18
bosentan,24903301.77
bosentan,24916.78385
bosentan,5934452.631
bosentan,3982843.623
bosulif,142998500.6
bosulif,200780918.8
botox,96919813.72
botox,111454295.6
braftovi,86321208.98
braftovi,106339698.9
breo ellipta,132694499.0
breo ellipta,660968657.2
breyna,8976746.581
breyna,9041614.024
breztri aerosphere,217316072.6
breztri aerosphere,612588805.7
briellyn,24811.96412
briellyn,24937.30856
brilinta,203989148.1
brilinta,417933737.2
brimonidine tartrate,85008648.61
brimonidine tartrate,32663168.45
brimonidine tartrate,1463724.111
brimonidine tartrate,22359645.67
brimonidine tartrate,5753832.098
brimonidine tartrate,13876894.76
brimonidine tartrate,141996.8083
brimonidine tartrate,147325.6078
brimonidine tartrate,142802.3512
brimonidine tartrate,7948235.03
brimonidine tartrate-timolol,101967201.9
brimonidine tartrate-timolol,7206531.41
brimonidine tartrate-timolol,3293484.221
brimonidine tartrate-timolol,13427201.28
brimonidine tartrate-timolol,47030758.42
brimonidine tartrate-timolol,30999328.26
brinzolamide,52606764.63
brinzolamide,1940704.773
brinzolamide,17266836.15
brinzolamide,16914781.15
brinzolamide,17426581.89
briumvi,1369440.748
briumvi,1352467.516
briviact,127834628.9
briviact,160966878.9
brixadi,366102.1278
brixadi,365501.2056
bromfenac sodium,8611821.043
bromfenac sodium,2766393.276
bromfenac sodium,512210.5296
bromfenac sodium,4328963.133
bromfenac sodium,503473.719
bromocriptine mesylate,9448994.289
bromocriptine mesylate,1293166.441
bromocriptine mesylate,1376324.54
bromocriptine mesylate,102817.083
bromocriptine mesylate,4749641.548
bromocriptine mesylate,1232759.911
brompheniramine-pseudoephed-dm,7424.618283
brompheniramine-pseudoephed-dm,1409.89337
brompheniramine-pseudoephed-dm,3714.038259
brompheniramine-pseudoephed-dm,950.4535376
brompheniramine-pseudoephed-dm,2163.413019
bromsite,3681913.847
bromsite,3678834.099
bronchitol,125342.1203
bronchitol,125357.2055
brovana,413587.6379
brovana,416948.8852
brukinsa,288891143.1
brukinsa,732866954.3
bryhali,147652.1353
bryhali,147776.5926
bss,5918.416575
bss,5909.575026
budesonide dr,33057394.9
budesonide dr,14961380.12
budesonide dr,4601325.121
budesonide dr,14933691.74
budesonide ec,42921887.69
budesonide ec,168251.3733
budesonide ec,1564.809641
budesonide ec,38876610.1
budesonide ec,6861.5785
budesonide er,39194786.77
budesonide er,24299099.73
budesonide er,1017090.751
budesonide er,16634542.41
budesonide,30631300.36
budesonide,12835746.26
budesonide,385381.538
budesonide,10549.29625
budesonide,406613.9199
budesonide,2522366.857
budesonide,4242540.801
budesonide,24592.27509
budesonide,6083231.459
budesonide,2083638.473
budesonide,35484.68282
budesonide,665651.8172
budesonide,760756.1173
budesonide-formoterol fumarate,126379773.0
budesonide-formoterol fumarate,130583133.2
bumetanide,100489592.5
bumetanide,31744.27966
bumetanide,317.6118385
bumetanide,16868910.34
bumetanide,4244.283589
bumetanide,5147.134945
bumetanide,4304.798865
bumetanide,71246.27005
bumetanide,8872.101409
bumetanide,7930675.837
bumetanide,9168.671388
bumetanide,38993020.03
bumetanide,835.9101419
bumetanide,3312.356407
bumetanide,23016.58693
bumetanide,22266366.35
bumetanide,8096321.37
buphenyl,3217561.282
buphenyl,3264381.827
bupivacaine hcl,2006.71188
bupivacaine hcl,395.2159879
bupivacaine hcl,790.3916775
bupivacaine hcl,442.5943702
bupivacaine hcl,213.5197136
bupivacaine hcl,8066.0206
bupivacaine hcl,101.4333109
bupivacaine hcl,4550.805955
bupivacaine hcl,1070.495538
bupivacaine hcl,2120.684965
buprenorphine,122535219.1
buprenorphine,20924447.9
buprenorphine,190840.4759
buprenorphine,205615.6352
buprenorphine,50122469.59
buprenorphine,2518271.049
buprenorphine,38103832.99
buprenorphine hcl,17508739.03
buprenorphine hcl,9403045.3
buprenorphine hcl,2252211.742
buprenorphine hcl,757.9102703
buprenorphine hcl,287697.7661
buprenorphine hcl,13703.56991
buprenorphine hcl,1180231.764
buprenorphine hcl,2717317.779
buprenorphine hcl,960.8447201
buprenorphine hcl,1592776.005
buprenorphine-naloxone,188158222.9
buprenorphine-naloxone,12276628.1
buprenorphine-naloxone,1386637.006
buprenorphine-naloxone,2744.146753
buprenorphine-naloxone,30500780.9
buprenorphine-naloxone,6112.60493
buprenorphine-naloxone,3658266.777
buprenorphine-naloxone,1161444.905
buprenorphine-naloxone,126039.8572
buprenorphine-naloxone,73435283.85
buprenorphine-naloxone,4599906.088
buprenorphine-naloxone,100127386.4
buprenorphine-naloxone,35454.94817
buprenorphine-naloxone,1055837.838
buprenorphine-naloxone,6923011.89
buprenorphine-naloxone,7207303.263
bupropion hcl,20900501.58
bupropion hcl,14155.08788
bupropion hcl,497.1643159
bupropion hcl,1041508.424
bupropion hcl,5149889.019
bupropion hcl,14344241.34
bupropion hcl,1887756.173
bupropion hcl,2248.885777
bupropion hcl sr,62501183.63
bupropion hcl sr,180349.3122
bupropion hcl sr,22588278.74
bupropion hcl sr,10112611.92
bupropion hcl sr,351635.3765
bupropion hcl sr,46928.41033
bupropion hcl sr,1682.006717
bupropion hcl sr,3809810.013
bupropion hcl sr,6749518.053
bupropion hcl sr,401.5451735
bupropion hcl sr,3095377.848
bupropion hcl sr,736.1643686
bupropion hcl sr,17122250.35
bupropion hcl sr,2379.43733
bupropion hcl sr,8130.514775
bupropion xl,192464623.7
bupropion xl,316110.9256
bupropion xl,1079947.959
bupropion xl,412676.971
bupropion xl,211410.8638
bupropion xl,2136723.372
bupropion xl,50696814.96
bupropion xl,692767.3019
bupropion xl,41480.63286
bupropion xl,19684449.15
bupropion xl,421823.8107
bupropion xl,205777.6039
bupropion xl,630752.7529
bupropion xl,457.9032137
bupropion xl,41390.86966
bupropion xl,218646.3066
bupropion xl,2792.964944
bupropion xl,2949.2554
bupropion xl,188688.9213
bupropion xl,2489798.514
bupropion xl,5233835.559
bupropion xl,432.0111727
bupropion xl,6147.885757
bupropion xl,5088868.668
bupropion xl,2477150.448
bupropion xl,36794173.99
bupropion xl,3528.744136
bupropion xl,641322.1954
bupropion xl,3953557.473
bupropion xl,3249608.6
bupropion xl,5764753.795
bupropion xl,55573906.94
buspirone hcl,131373596.3
buspirone hcl,10489960.4
buspirone hcl,2431.855776
buspirone hcl,37933603.96
buspirone hcl,13788687.49
buspirone hcl,5874580.048
buspirone hcl,51855.90364
buspirone hcl,867432.0319
buspirone hcl,5880.457622
buspirone hcl,3925505.909
buspirone hcl,8508678.648
buspirone hcl,11536418.96
buspirone hcl,2783079.748
buspirone hcl,10436016.45
buspirone hcl,5923268.398
buspirone hcl,27386893.23
buspirone hcl,126.509933
buspirone hcl,55804.01813
butalb-acetaminoph-caff-codein,5030777.434
butalb-acetaminoph-caff-codein,1594375.523
butalb-acetaminoph-caff-codein,1351268.423
butalb-acetaminoph-caff-codein,1753868.274
butalbital compound-codeine,8898.999977
butalbital compound-codeine,6338.487568
butalbital compound-codeine,2877.670129
butalbital-acetaminophen,2846211.566
butalbital-acetaminophen,1724414.635
butalbital-acetaminophen,173343.706
butalbital-acetaminophen,28003.19016
butalbital-acetaminophen,74421.44637
butalbital-acetaminophen,642489.2306
butalbital-acetaminophen-caffe,30948167.81
butalbital-acetaminophen-caffe,21478.02957
butalbital-acetaminophen-caffe,449735.5186
butalbital-acetaminophen-caffe,1907088.658
butalbital-acetaminophen-caffe,942977.8401
butalbital-acetaminophen-caffe,88120.36657
butalbital-acetaminophen-caffe,777662.181
butalbital-acetaminophen-caffe,171736.7804
butalbital-acetaminophen-caffe,3459.91922
butalbital-acetaminophen-caffe,6244991.993
butalbital-acetaminophen-caffe,6122091.457
butalbital-acetaminophen-caffe,3713385.075
butalbital-acetaminophen-caffe,66901.84586
butalbital-acetaminophen-caffe,1363780.274
butalbital-acetaminophen-caffe,236.8231666
butalbital-acetaminophen-caffe,386854.0725
butalbital-acetaminophen-caffe,1459817.671
butalbital-acetaminophen-caffe,5521829.153
butalbital-aspirin-caffeine,3070102.409
butalbital-aspirin-caffeine,25519.38219
butalbital-aspirin-caffeine,1965.188829
butalbital-aspirin-caffeine,48018.26875
butalbital-aspirin-caffeine,3072975.672
butorphanol tartrate,2558969.836
butorphanol tartrate,1548499.904
butorphanol tartrate,3585.198472
butorphanol tartrate,916695.752
butrans,23190874.2
butrans,23231715.28
bydureon bcise,133588619.8
bydureon bcise,223508029.4
bydureon pen,60573.72888
bydureon pen,59920.2759
byetta,20912339.22
byetta,20592243.72
bylvay,1860215.888
bylvay,2690511.396
bystolic,24521303.75
bystolic,24629749.83
c-nate dha,5543.631539
c-nate dha,5526.009902
cabenuva,134403335.7
cabenuva,164000061.1
cabergoline,8430833.261
cabergoline,3216910.233
cabergoline,2601150.862
cabergoline,1992554.253
cabergoline,755899.598
cabergoline,49838.89824
cablivi,7248929.434
cablivi,15771948.56
cabometyx,284331157.2
cabometyx,910727597.7
caduet,384408.5398
caduet,42125.06125
caduet,110582.9914
caduet,212255.7799
calan sr,90629.69435
calan sr,32943.92265
calan sr,51880.0201
calcipotriene,30152259.42
calcipotriene,150175.5749
calcipotriene,4292811.507
calcipotriene,9394767.788
calcipotriene,142538.1909
calcipotriene,23683.88001
calcipotriene,4531.191229
calcipotriene,2926.291828
calcipotriene,1814420.987
calcipotriene,3178.340559
calcipotriene,15704059.62
calcipotriene,3060131.962
calcipotriene-betamethasone,4951591.625
calcipotriene-betamethasone,890195.7626
calcipotriene-betamethasone,1003001.319
calcipotriene-betamethasone,1484578.876
calcipotriene-betamethasone,1037164.486
calcipotriene-betamethasone,684915.6697
calcitonin-salmon,12994825.4
calcitonin-salmon,336143.6357
calcitonin-salmon,895456.6157
calcitonin-salmon,11370526.64
calcitonin-salmon,1125797.694
calcitriol,32146204.93
calcitriol,1551599.566
calcitriol,243443.9528
calcitriol,8912000.069
calcitriol,63585.31039
calcitriol,73381.86887
calcitriol,707700.0923
calcitriol,772.7628872
calcitriol,8344003.34
calcitriol,9899784.274
calcitriol,3607.979604
calcitriol,477400.1323
calcitriol,585478.1761
calcium acetate,35160099.31
calcium acetate,7972278.26
calcium acetate,1716.925256
calcium acetate,835588.8334
calcium acetate,5052.659335
calcium acetate,47203.94525
calcium acetate,2681.619915
calcium acetate,5339688.368
calcium acetate,1208378.033
calcium acetate,8547756.184
calcium acetate,2419.11962
calcium acetate,908.763537
calcium acetate,11642015.59
calcium acetate,379621.9487
calcium gluconate,73652.71331
calcium gluconate,8846.898657
calcium gluconate,67405.79254
calquence,60806477.61
calquence,65836797.28
calquence,274560114.3
calquence,661242789.2
cambia,2496069.158
cambia,2549996.635
camila,19833.55747
camila,19936.65568
camrese,43106.777
camrese,43080.12865
camrese lo,48948.55397
camrese lo,48928.91019
camzyos,93223735.54
camzyos,115848418.5
canasa,1404934.848
canasa,1434148.684
cancidas,47633.3931
cancidas,47408.10531
candesartan cilexetil,54344840.96
candesartan cilexetil,6366406.755
candesartan cilexetil,18828809.89
candesartan cilexetil,14253148.31
candesartan cilexetil,14094946.19
candesartan-hydrochlorothiazid,23163980.3
candesartan-hydrochlorothiazid,2878044.383
candesartan-hydrochlorothiazid,7027381.516
candesartan-hydrochlorothiazid,10079121.69
candesartan-hydrochlorothiazid,350926.7251
capecitabine,49619.35408
capecitabine,1342.021766
capecitabine,788.127696
capecitabine,9629.48013
capecitabine,2832.466357
capecitabine,6762.90287
capecitabine,17836.14184
capecitabine,7461.641274
caplyta,122772953.9
caplyta,161222242.7
caprelsa,2540185.827
caprelsa,2747434.956
captopril,8887843.183
captopril,1513007.043
captopril,794.6167537
captopril,2851308.197
captopril,1674434.569
captopril,2724217.822
captopril,161666.6551
carac,44417.03659
carac,44088.27876
carafate,2255467.3
carafate,2257972.199
carbaglu,4618734.364
carbaglu,6565133.492
carbamazepine,56150320.88
carbamazepine,12940033.45
carbamazepine,3177238.26
carbamazepine,747137.6949
carbamazepine,10525165.5
carbamazepine,69938.14194
carbamazepine,265177.9583
carbamazepine,5450645.778
carbamazepine,19585176.29
carbamazepine er,75775616.47
carbamazepine er,1189602.841
carbamazepine er,18933268.82
carbamazepine er,8013976.915
carbamazepine er,12667899.57
carbamazepine er,1269421.703
carbamazepine er,3594.216135
carbamazepine er,1789610.637
carbamazepine er,1123821.594
carbamazepine er,2746034.628
carbamazepine er,13628684.97
carbamazepine er,3520688.357
carbamazepine er,2252978.343
carbamazepine er,7813409.418
carbatrol,3374747.11
carbatrol,3376803.935
carbidopa,8245814.521
carbidopa,996999.2376
carbidopa,1860299.618
carbidopa,15393.80618
carbidopa,1502028.695
carbidopa,3659878.8
carbidopa,38566.33171
carbidopa,463365.714
carbidopa-levodopa,112569859.4
carbidopa-levodopa,1751395.472
carbidopa-levodopa,44859994.74
carbidopa-levodopa,3871375.105
carbidopa-levodopa,2473284.902
carbidopa-levodopa,2329456.228
carbidopa-levodopa,31104330.88
carbidopa-levodopa,49348.73633
carbidopa-levodopa,12010.03612
carbidopa-levodopa,3181944.148
carbidopa-levodopa,2699909.633
carbidopa-levodopa,5432760.144
carbidopa-levodopa,2322.317666
carbidopa-levodopa,24436982.01
carbidopa-levodopa,5526053.888
carbidopa-levodopa er,41269631.08
carbidopa-levodopa er,5707182.284
carbidopa-levodopa er,21445.75783
carbidopa-levodopa er,870087.0986
carbidopa-levodopa er,2219038.877
carbidopa-levodopa er,160591.7465
carbidopa-levodopa er,8949785.171
carbidopa-levodopa er,1300.644874
carbidopa-levodopa er,20763061.43
carbidopa-levodopa-entacapone,17631486.83
carbidopa-levodopa-entacapone,53950.10451
carbidopa-levodopa-entacapone,11133504.92
carbidopa-levodopa-entacapone,4242327.606
carbidopa-levodopa-entacapone,128979.1661
carbinoxamine maleate,936491.6107
carbinoxamine maleate,3489.908233
carbinoxamine maleate,748925.4642
carbinoxamine maleate,53266.62258
carbinoxamine maleate,68134.17373
carboplatin,154389.1829
carboplatin,29719.99403
carboplatin,782.8983946
carboplatin,6847.383593
carboplatin,12024.87589
carboplatin,6300.195132
carboplatin,9518.476401
carboplatin,10899.31453
carboplatin,86785.17586
cardizem,209603.6103
cardizem,208849.7908
cardizem cd,3066724.972
cardizem cd,3033588.131
cardizem la,2491603.167
cardizem la,2484879.675
cardura,440787.0098
cardura,118982.8784
cardura,327894.2072
cardura xl,815978.6963
cardura xl,816551.3457
carefine pen needle,81352.56118
carefine pen needle,81319.62444
caretouch alcohol prep pad,400.6353067
caretouch alcohol prep pad,400.1088512
caretouch pen needle,633.7411081
caretouch pen needle,632.4290134
carisoprodol,5298455.721
carisoprodol,8725.727565
carisoprodol,200443.762
carisoprodol,861.7146464
carisoprodol,1132652.002
carisoprodol,2317476.606
carisoprodol,37496.73372
carisoprodol,60438.66704
carisoprodol,441512.1066
carisoprodol,13088.41555
carisoprodol,2477.709614
carisoprodol,33751.11408
carisoprodol,1446581.388
carisoprodol,7802.819718
carnitor,55430.90895
carnitor,55576.587
carnitor sf,7038.029386
carnitor sf,7064.831649
carnitor,449784.8312
carnitor,450286.564
carospir,622556.7174
carospir,627047.0491
carteolol hcl,542751.4399
carteolol hcl,543080.6959
cartia xt,5879081.28
cartia xt,5875747.636
carvedilol,173291910.0
carvedilol,1055210.348
carvedilol,714.5857589
carvedilol,35281322.84
carvedilol,39840.85016
carvedilol,14712884.84
carvedilol,18062318.32
carvedilol,10207693.58
carvedilol,156.8601306
carvedilol,12467572.16
carvedilol,387.2366583
carvedilol,66107.41529
carvedilol,70297.29367
carvedilol,68404963.01
carvedilol,16455376.68
carvedilol,407069.3994
carvedilol,21237.74566
carvedilol,946466.5949
carvedilol,1656.160322
carvedilol er,35557764.78
carvedilol er,24182098.51
carvedilol er,8262651.432
carvedilol er,3387385.985
carvedilol er,490899.7154
casodex,386495.4494
casodex,384436.7382
caspofungin acetate,1842790.847
caspofungin acetate,622717.4976
caspofungin acetate,7707.46569
caspofungin acetate,782078.3085
caspofungin acetate,161740.3848
caspofungin acetate,80048.01139
caspofungin acetate,151614.9423
catapres-tts 1,35818.34673
catapres-tts 1,35802.40054
catapres-tts 2,62758.38658
catapres-tts 2,62488.55058
catapres-tts 3,246891.0
catapres-tts 3,245768.521
cayston,37053393.75
cayston,34463675.37
cefaclor,612657.7034
cefaclor,611362.1809
cefaclor er,35039.59303
cefaclor er,34890.21621
cefadroxil,6709740.491
cefadroxil,311363.3212
cefadroxil,1898961.774
cefadroxil,738322.5734
cefadroxil,3133068.07
cefadroxil,344613.5551
cefazolin sodium,5087936.769
cefazolin sodium,1842.531873
cefazolin sodium,121950.8701
cefazolin sodium,109984.4388
cefazolin sodium,367927.2395
cefazolin sodium,107276.5388
cefazolin sodium,2970.646391
cefazolin sodium,1376.790459
cefazolin sodium,97184.86749
cefazolin sodium,16382.79081
cefazolin sodium,6567.76046
cefazolin sodium,8401.84734
cefazolin sodium,10563.14186
cefazolin sodium,144161.4648
cefazolin sodium,4081749.552
cefazolin sodium-dextrose,256956.8377
cefazolin sodium-dextrose,96884.85607
cefazolin sodium-dextrose,152646.779
cefdinir,33718807.19
cefdinir,4173098.897
cefdinir,622858.7452
cefdinir,35697.79559
cefdinir,127725.9205
cefdinir,5874200.591
cefdinir,3201245.826
cefdinir,15848837.98
cefdinir,12240943.25
cefdinir,8537.433078
cefepime,949269.6335
cefepime,946908.8761
cefepime hcl,20899339.9
cefepime hcl,429023.6165
cefepime hcl,4525.689141
cefepime hcl,148243.4905
cefepime hcl,3340.409262
cefepime hcl,17709.37328
cefepime hcl,570677.3453
cefepime hcl,7052.872297
cefepime hcl,6075.239342
cefepime hcl,490488.6367
cefepime hcl,73435.07482
cefepime hcl,845837.9879
cefepime hcl,18530662.57
cefepime-dextrose,522363.6652
cefepime-dextrose,524079.8829
cefixime,2134967.244
cefixime,1662760.986
cefixime,7486.027993
cefixime,33451.28957
cefixime,82420.28303
cefixime,276354.178
cefotetan,9193.716668
cefotetan,9134.746306
cefoxitin,390944.8648
cefoxitin,25484.41332
cefoxitin,245588.0931
cefoxitin,88001.60911
cefoxitin,3470.885506
cefoxitin,39583.32639
cefoxitin sodium,14142.49935
cefoxitin sodium,14135.72647
cefpodoxime proxetil,21006616.24
cefpodoxime proxetil,157359.7432
cefpodoxime proxetil,5928977.955
cefpodoxime proxetil,3710122.221
cefpodoxime proxetil,9272998.66
cefpodoxime proxetil,4719374.924
cefprozil,832304.1368
cefprozil,24779.77825
cefprozil,275493.5761
cefprozil,164996.6731
cefprozil,404166.6909
ceftazidime,1612128.496
ceftazidime,1014051.568
ceftazidime,639217.3179
ceftazidime,5790.423105
ceftazidime,5833.896275
ceftriaxone,909540.6212
ceftriaxone,509035.5464
ceftriaxone,355224.4357
ceftriaxone,23522017.32
ceftriaxone,2182.867404
ceftriaxone,10187.50645
ceftriaxone,782284.9815
ceftriaxone,28250.48446
ceftriaxone,112938.0732
ceftriaxone,773325.9318
ceftriaxone,3162380.684
ceftriaxone,51506.91542
ceftriaxone,9032.693721
ceftriaxone,184.5581186
ceftriaxone,124416.4191
ceftriaxone,1785.292176
ceftriaxone,9189.526053
ceftriaxone,1093.37762
ceftriaxone,18115518.85
cefuroxime,19100240.55
cefuroxime,19482.52127
cefuroxime,1517605.943
cefuroxime,1583131.855
cefuroxime,655281.1667
cefuroxime,9006737.329
cefuroxime,8539347.341
cefuroxime,1288.802956
cefuroxime sodium,5182.959219
cefuroxime sodium,3727.410068
cefuroxime sodium,1993.355702
celebrex,14717315.97
celebrex,14576289.94
celecoxib,200007178.7
celecoxib,1753937.446
celecoxib,120995.1037
celecoxib,899943.8075
celecoxib,5606338.537
celecoxib,46244.23292
celecoxib,205269.6433
celecoxib,16149991.37
celecoxib,145532.8946
celecoxib,828.1772598
celecoxib,19209601.59
celecoxib,17408040.0
celecoxib,7055521.52
celecoxib,1902.317393
celecoxib,3657289.675
celecoxib,1193.275731
celecoxib,60453.93368
celecoxib,2742551.098
celecoxib,15731917.39
celecoxib,1745271.215
celecoxib,55291.36018
celecoxib,29157227.41
celecoxib,3278.883875
celecoxib,289.0614135
celecoxib,28114795.8
celecoxib,13783545.44
celecoxib,37164039.2
celecoxib,1085.410541
celecoxib,549.3796505
celestone,1806.159285
celestone,1804.050451
celexa,2798774.937
celexa,2821304.67
cellcept,5422783.69
cellcept,5351768.966
celontin,662227.9609
celontin,662852.2217
cephalexin,49589994.39
cephalexin,14665514.83
cephalexin,1349.621687
cephalexin,22337355.81
cephalexin,6555.473162
cephalexin,24888.76793
cephalexin,345.8583441
cephalexin,493.1614627
cephalexin,3265.197127
cephalexin,38567.84649
cephalexin,1451711.785
cephalexin,19270478.71
cephalexin,19408.96119
cequa,58539882.12
cequa,51874667.04
cequr simplicity,3553769.327
cequr simplicity,3565850.854
cequr simplicity inserter,7920.862751
cequr simplicity inserter,7914.863158
cerdelga,27426440.47
cerdelga,36539076.81
cerebyx,42508.55118
cerebyx,42562.05855
cerezyme,10052747.18
cerezyme,18744844.59
cetirizine hcl,232001.3681
cetirizine hcl,53432.17161
cetirizine hcl,121290.7375
cetirizine hcl,6388.098697
cetirizine hcl,38801.60218
cetirizine hcl,22118.70385
cevimeline hcl,21512333.5
cevimeline hcl,7922846.261
cevimeline hcl,10963553.49
cevimeline hcl,1160007.807
cevimeline hcl,1142.188617
cevimeline hcl,2770796.154
cevimeline hcl,101242.9033
cevimeline hcl,30285.74591
chantix,85554.95056
chantix,85605.3273
charlotte 24 fe,24561.72613
charlotte 24 fe,24551.71858
chateal eq,1444.624077
chateal eq,1446.634961
chemet,135850.3719
chemet,131221.0738
chenodal,9352157.004
chenodal,18104586.94
children's multivitamin,395.848412
children's multivitamin,394.8713891
chlordiazepoxide hcl,1152675.022
chlordiazepoxide hcl,1106685.66
chlordiazepoxide hcl,4345.19611
chlordiazepoxide hcl,15116.3133
chlordiazepoxide hcl,4457.971002
chlordiazepoxide-amitriptyline,273385.9893
chlordiazepoxide-amitriptyline,272916.5046
chlordiazepoxide-clidinium,6496749.76
chlordiazepoxide-clidinium,242450.3226
chlordiazepoxide-clidinium,1946991.563
chlordiazepoxide-clidinium,46083.00426
chlordiazepoxide-clidinium,362682.6623
chlordiazepoxide-clidinium,227357.982
chlordiazepoxide-clidinium,3280407.603
chlordiazepoxide-clidinium,1135285.082
chlorhexidine gluconate,15467515.48
chlorhexidine gluconate,2772.532558
chlorhexidine gluconate,13716843.12
chlorhexidine gluconate,287.441463
chlorhexidine gluconate,1443423.525
chlorhexidine gluconate,129.4296317
chlorhexidine gluconate,1200.287122
chlorhexidine gluconate,587.8269286
chloroquine phosphate,582105.2295
chloroquine phosphate,411125.2444
chloroquine phosphate,161020.6293
chlorpromazine hcl,69918557.19
chlorpromazine hcl,23645651.47
chlorpromazine hcl,5340886.513
chlorpromazine hcl,2673596.717
chlorpromazine hcl,161738.68
chlorpromazine hcl,309018.3075
chlorpromazine hcl,23450969.82
chlorpromazine hcl,131248.4488
chlorpromazine hcl,102255.3668
chlorpromazine hcl,3303823.937
chlorpromazine hcl,85906.36279
chlorpromazine hcl,8991044.136
chlorpromazine hcl,7180394.206
chlorpromazine hcl,73587.6204
chlorpromazine hcl,316937.1306
chlorpromazine hcl,60728.70129
chlorpromazine hcl,8228430.899
chlorthalidone,66648698.76
chlorthalidone,2085071.862
chlorthalidone,14936.63664
chlorthalidone,2217938.988
chlorthalidone,4014622.772
chlorthalidone,37429.3491
chlorthalidone,293991.5732
chlorthalidone,379809.8213
chlorthalidone,1185626.849
chlorthalidone,3378969.009
chlorthalidone,15418.96655
chlorthalidone,966907.65
chlorthalidone,6883.008911
chlorthalidone,524395.3574
chlorthalidone,7299205.986
chlorthalidone,4600.136907
chlorthalidone,21029991.04
chlorthalidone,7636572.184
chlorthalidone,2188.504202
chlorthalidone,14101415.0
chlorzoxazone,13191188.9
chlorzoxazone,187922.5013
chlorzoxazone,953436.2107
chlorzoxazone,4438.806426
chlorzoxazone,3636997.37
chlorzoxazone,924447.5108
chlorzoxazone,666796.8793
chlorzoxazone,4924906.815
chlorzoxazone,17135.31384
chlorzoxazone,506239.826
chlorzoxazone,674507.3514
cholbam,3986489.694
cholbam,5682405.636
cholestyramine,48216721.06
cholestyramine,1144.43124
cholestyramine,3467379.919
cholestyramine,45307.56996
cholestyramine,274811.7861
cholestyramine,307891.8664
cholestyramine,4201518.656
cholestyramine,22656775.05
cholestyramine,5367621.739
cholestyramine,539907.2389
cholestyramine,10718724.78
cholestyramine light,14836081.31
cholestyramine light,101887.5948
cholestyramine light,5404528.392
cholestyramine light,602522.5268
cholestyramine light,795818.2879
cholestyramine light,5570310.232
cholestyramine light,2186789.242
chorionic gonadotropin,594601.0161
chorionic gonadotropin,594526.4756
cialis,6168408.95
cialis,6170915.306
cibinqo,8171468.612
cibinqo,9001118.828
ciclodan,2830.583591
ciclodan,2852.526926
ciclopirox,28022100.98
ciclopirox,499627.1757
ciclopirox,581855.6899
ciclopirox,2083558.015
ciclopirox,13672080.93
ciclopirox,1420466.348
ciclopirox,20496.2756
ciclopirox,56726.64316
ciclopirox,497514.3141
ciclopirox,9586470.151
ciclopirox,15208410.41
ciclopirox,983339.725
ciclopirox,4070250.025
ciclopirox,48395.65503
ciclopirox,4131180.822
ciclopirox,9952.783845
ciclopirox,1735153.779
ciclopirox,3893948.492
ciclopirox,7440.329899
ciclopirox,7449.455663
cidofovir,131170.9073
cidofovir,130212.9853
cilostazol,22825073.32
cilostazol,15788090.6
cilostazol,1842322.274
cilostazol,62493.77214
cilostazol,5805991.965
cilostazol,47897.56281
ciloxan,1344586.245
ciloxan,1340068.757
cimduo,264123.225
cimduo,262476.0053
cimerli,84544.10354
cimerli,84281.75622
cimetidine,7698513.259
cimetidine,4298907.494
cimetidine,3561317.894
cimetidine,21625.4626
cimetidine,7967.520331
cimetidine,4823.472707
cimetidine,8515.1703
cimzia,157405177.9
cimzia,238662268.5
cinacalcet hcl,91832270.38
cinacalcet hcl,1126825.2
cinacalcet hcl,1696.216047
cinacalcet hcl,53927.71816
cinacalcet hcl,6342051.691
cinacalcet hcl,16891736.15
cinacalcet hcl,72754.87028
cinacalcet hcl,17033.52195
cinacalcet hcl,20863836.56
cinacalcet hcl,2399225.954
cinacalcet hcl,17170896.91
cinacalcet hcl,14266.43169
cinacalcet hcl,25673271.37
cinacalcet hcl,9218489.598
cinacalcet hcl,140119.1866
cinacalcet hcl,30283293.35
cinqair,978948.6278
cinqair,972841.6521
cinryze,15201313.65
cinryze,28137694.35
cinvanti,141747.1077
cinvanti,141420.4469
cipro,391085.8975
cipro,390721.5765
cipro,28255.49093
cipro,28336.95894
cipro hc,3185685.697
cipro hc,3144542.874
cipro hc,38736.83899
ciprodex,6145560.561
ciprodex,6176587.703
ciprofloxacin hcl,35931493.5
ciprofloxacin hcl,77.25774484
ciprofloxacin hcl,252.8450164
ciprofloxacin hcl,840492.8463
ciprofloxacin hcl,87152.79658
ciprofloxacin hcl,9598.212739
ciprofloxacin hcl,9934121.612
ciprofloxacin hcl,3178410.337
ciprofloxacin hcl,3394797.772
ciprofloxacin hcl,127.8439697
ciprofloxacin hcl,33793.71154
ciprofloxacin hcl,1029043.059
ciprofloxacin hcl,15189.60166
ciprofloxacin hcl,2337663.098
ciprofloxacin hcl,596827.8098
ciprofloxacin hcl,10702.25333
ciprofloxacin hcl,15430228.04
ciprofloxacin hcl,854.1994428
ciprofloxacin hcl,4960.151207
ciprofloxacin hcl,186899.0876
ciprofloxacin hcl,133.9289575
ciprofloxacin hcl-fluocinolone,33310.93539
ciprofloxacin hcl-fluocinolone,33263.53334
ciprofloxacin-d5w,71843.63879
ciprofloxacin-d5w,40946.92473
ciprofloxacin-d5w,21744.33518
ciprofloxacin-d5w,8814.906353
ciprofloxacin-dexamethasone,38062591.09
ciprofloxacin-dexamethasone,15090426.47
ciprofloxacin-dexamethasone,1904031.23
ciprofloxacin-dexamethasone,2347712.707
ciprofloxacin-dexamethasone,17087700.21
cisplatin,29466.72887
cisplatin,1594.478203
cisplatin,4304.153961
cisplatin,7885.133074
cisplatin,6226.542524
cisplatin,2089.034223
cisplatin,6124.767395
citalopram hbr,62030859.55
citalopram hbr,4210.993548
citalopram hbr,750472.2548
citalopram hbr,53161.60011
citalopram hbr,30841321.18
citalopram hbr,13891.10912
citalopram hbr,41281.2737
citalopram hbr,14036736.6
citalopram hbr,32792.6651
citalopram hbr,161.0438826
citalopram hbr,107054.2802
citalopram hbr,68166.7959
citalopram hbr,2827459.076
citalopram hbr,8155919.515
citalopram hbr,2968.568978
citalopram hbr,8491.394445
citalopram hbr,506489.6275
citalopram hbr,6376636.412
citalopram hbr,79.38365357
citalopram hbr,1149222.17
citranatal b-calm,2422.070744
citranatal b-calm,2417.732603
claravis,751236.3936
claravis,749969.0174
clarinex,285018.3594
clarinex,284766.2529
clarinex-d 12 hour,726627.207
clarinex-d 12 hour,726262.5827
clarithromycin,5505807.753
clarithromycin,7465.050546
clarithromycin,659018.1115
clarithromycin,1503254.705
clarithromycin,520.2595436
clarithromycin,966489.5081
clarithromycin,1047.436996
clarithromycin,2773733.315
clarithromycin,852.8610062
clarithromycin er,651389.6534
clarithromycin er,445549.2545
clarithromycin er,131060.5339
clemastine fumarate,20427799.27
clemastine fumarate,249962.6485
clemastine fumarate,18471505.94
clenpiq,33203148.92
clenpiq,32661958.95
cleocin,172948.2472
cleocin,172241.4349
cleocin hcl,257.3344565
cleocin hcl,256.421743
cleocin phosphate,783.1182202
cleocin phosphate,780.7968935
cleocin t,10410.2895
cleocin t,10340.57475
clickfine,4869.261497
clickfine,4829.023178
climara,3849944.018
climara,3847289.433
climara pro,3731077.953
climara pro,3732310.015
clindacin,9093.489311
clindacin,9073.175849
clindacin p,33445.64227
clindacin p,33549.89707
clindagel,287240.9415
clindagel,286067.7286
clindamycin (pediatric),586328.7107
clindamycin (pediatric),102194.1135
clindamycin (pediatric),30806.18622
clindamycin (pediatric),133412.0407
clindamycin (pediatric),72458.07623
clindamycin (pediatric),14165.21117
clindamycin (pediatric),294973.9549
clindamycin (pediatric),5436.820199
clindamycin hcl,20687046.24
clindamycin hcl,5053649.329
clindamycin hcl,201738.1944
clindamycin hcl,2736682.996
clindamycin hcl,3633945.425
clindamycin hcl,9833.941407
clindamycin hcl,276435.9258
clindamycin hcl,9396475.229
clindamycin hcl,1232.676945
clindamycin phos-benzoyl perox,481047.4675
clindamycin phos-benzoyl perox,110584.848
clindamycin phos-benzoyl perox,1586.728117
clindamycin phos-benzoyl perox,49917.52404
clindamycin phos-benzoyl perox,47279.68808
clindamycin phos-benzoyl perox,24580.35593
clindamycin phos-benzoyl perox,185647.9611
clindamycin phos-benzoyl perox,27778.98137
clindamycin phos-benzoyl perox,38981.24204
clindamycin phos-tretinoin,206869.407
clindamycin phos-tretinoin,31249.77848
clindamycin phos-tretinoin,9335.65503
clindamycin phos-tretinoin,120530.6326
clindamycin phos-tretinoin,61060.83629
clindamycin phosphate,27717900.35
clindamycin phosphate,1149666.828
clindamycin phosphate,6193.499364
clindamycin phosphate,4497287.146
clindamycin phosphate,537811.0013
clindamycin phosphate,1157142.169
clindamycin phosphate,1030561.835
clindamycin phosphate,4438532.749
clindamycin phosphate,488058.0975
clindamycin phosphate,6362.133704
clindamycin phosphate,3292581.506
clindamycin phosphate,377345.0402
clindamycin phosphate,31634.81819
clindamycin phosphate,4786565.153
clindamycin phosphate,6687009.815
clindamycin phosphate,359243.0104
clindamycin phosphate-d5w,82606.83027
clindamycin phosphate-d5w,50559.33281
clindamycin phosphate-d5w,37554.09678
clindamycin-0.9% nacl,58921.0282
clindamycin-0.9% nacl,58993.75524
clindamycin-benzoyl peroxide,2097777.205
clindamycin-benzoyl peroxide,50766.17913
clindamycin-benzoyl peroxide,667204.0813
clindamycin-benzoyl peroxide,1947.65392
clindamycin-benzoyl peroxide,368997.1177
clindamycin-benzoyl peroxide,20023.74951
clindamycin-benzoyl peroxide,174491.3034
clindamycin-benzoyl peroxide,647842.363
clindamycin-benzoyl peroxide,267461.2959
clindesse,40023.0601
clindesse,40018.89428
clinimix,21983.86607
clinimix,21960.37528
clinimix,9288.591898
clinimix,9284.50014
clinimix,3060.902913
clinimix,3074.313986
clinimix,20661.89785
clinimix,20642.92818
clinimix,9420.638657
clinimix,9418.823904
clinimix e,2967.708534
clinimix e,2968.528951
clinimix e,11570.92515
clinimix e,11568.69622
clinimix e,8379.090562
clinimix e,8379.288412
clinimix e,81211.21546
clinimix e,81190.90037
clinisol,2597959.347
clinisol,2576514.319
clinolipid,8990978.418
clinolipid,9040657.602
clinpro 5000,140855.6584
clinpro 5000,140840.7816
clobazam,29326357.49
clobazam,53893.01021
clobazam,531091.5252
clobazam,2815950.494
clobazam,122168.0599
clobazam,4693269.127
clobazam,33554.21237
clobazam,10810780.05
clobazam,4511278.823
clobazam,19097.73669
clobazam,311767.8687
clobazam,256866.9806
clobazam,758673.3037
clobazam,5683362.568
clobetasol emollient,4131865.336
clobetasol emollient,2554491.584
clobetasol emollient,20909.54216
clobetasol emollient,325394.219
clobetasol emollient,1341182.27
clobetasol emollient,85401.99965
clobetasol emulsion,418611.0957
clobetasol emulsion,77752.4401
clobetasol emulsion,364903.3664
clobetasol propionate,147804484.3
clobetasol propionate,105109.074
clobetasol propionate,76611.05734
clobetasol propionate,89301.33959
clobetasol propionate,9446.335162
clobetasol propionate,11789356.68
clobetasol propionate,6895114.614
clobetasol propionate,553160.7578
clobetasol propionate,122396.624
clobetasol propionate,781207.805
clobetasol propionate,19795.84892
clobetasol propionate,24283670.52
clobetasol propionate,27239.00776
clobetasol propionate,3093594.648
clobetasol propionate,2367443.059
clobetasol propionate,636934.3797
clobetasol propionate,1291295.988
clobetasol propionate,7943107.291
clobetasol propionate,4510436.983
clobetasol propionate,6486827.082
clobetasol propionate,32393.71779
clobetasol propionate,920142.104
clobetasol propionate,6763983.287
clobetasol propionate,51005360.54
clobetasol propionate,3467140.326
clobetasol propionate,110.1008001
clobetasol propionate,1174710.592
clobetasol propionate,9339038.7
clobetasol propionate,3681268.954
clobetasol propionate,177663.5347
clobetasol propionate,926680.8997
clobex,135547.1122
clobex,135176.6297
clocortolone pivalate,245803.3309
clocortolone pivalate,212385.2085
clocortolone pivalate,31369.5152
clodan,5177.776043
clodan,5193.784711
cloderm,30219.4074
cloderm,30153.91435
clomid,560965.5391
clomid,559584.8769
clomiphene citrate,15035.16003
clomiphene citrate,15045.48796
clomipramine hcl,24629696.96
clomipramine hcl,1361309.637
clomipramine hcl,61260.09579
clomipramine hcl,70044.58792
clomipramine hcl,8048106.835
clomipramine hcl,403606.4315
clomipramine hcl,339566.7327
clomipramine hcl,1698.195376
clomipramine hcl,1426067.151
clomipramine hcl,1039852.43
clomipramine hcl,1393395.135
clomipramine hcl,123106.4099
clomipramine hcl,1361.581908
clomipramine hcl,148836.5043
clomipramine hcl,788.616656
clomipramine hcl,3261668.706
clomipramine hcl,251908.9014
clomipramine hcl,587074.2421
clomipramine hcl,2422016.45
clomipramine hcl,3347013.444
clomipramine hcl,1803589.311
clonazepam,91989955.97
clonazepam,5441304.946
clonazepam,52624411.94
clonazepam,1958545.356
clonazepam,11531037.35
clonazepam,100457.1601
clonazepam,165.9912471
clonazepam,903196.1185
clonazepam,2233202.918
clonazepam,6567422.154
clonazepam,4490279.037
clonazepam,3172.537302
clonidine,78719360.99
clonidine,124208.8349
clonidine,21887150.69
clonidine,21613325.02
clonidine,31023165.48
clonidine hcl,35921236.81
clonidine hcl,2842613.344
clonidine hcl,18298.77251
clonidine hcl,9220723.92
clonidine hcl,6308930.285
clonidine hcl,425688.1369
clonidine hcl,467190.9223
clonidine hcl,487.8955276
clonidine hcl,75.32317588
clonidine hcl,543678.5544
clonidine hcl,3597368.008
clonidine hcl,12302547.26
clonidine hcl,214.0929904
clonidine hcl er,1732515.218
clonidine hcl er,64286.09312
clonidine hcl er,302089.5799
clonidine hcl er,6448.126905
clonidine hcl er,34660.95145
clonidine hcl er,23510.45335
clonidine hcl er,17297.59583
clonidine hcl er,1001422.266
clonidine hcl er,360169.1926
clopidogrel,222612889.2
clopidogrel,2274508.77
clopidogrel,7491.607771
clopidogrel,42952.4124
clopidogrel,28189.20603
clopidogrel,465796.1934
clopidogrel,3999.916575
clopidogrel,7764.811172
clopidogrel,356174.0567
clopidogrel,10613652.27
clopidogrel,2178325.623
clopidogrel,4903975.735
clopidogrel,24319.33467
clopidogrel,76279.37382
clopidogrel,873230.4269
clopidogrel,19535034.44
clopidogrel,98.89957695
clopidogrel,468.7371662
clopidogrel,60326854.97
clopidogrel,149.5356075
clopidogrel,13452.94937
clopidogrel,66492234.3
clopidogrel,21560700.03
clopidogrel,2512380.955
clopidogrel,6164.905746
clorazepate dipotassium,16629962.95
clorazepate dipotassium,4119418.716
clorazepate dipotassium,2507262.437
clorazepate dipotassium,1149639.007
clorazepate dipotassium,14026.0617
clorazepate dipotassium,7707212.211
clorazepate dipotassium,1024546.665
clotrimazole,23285234.43
clotrimazole,2649159.363
clotrimazole,10407911.15
clotrimazole,3529314.395
clotrimazole,358195.9635
clotrimazole,204563.3244
clotrimazole,2720641.038
clotrimazole,634293.9065
clotrimazole,5006335.817
clotrimazole,43010.69052
clotrimazole-betamethasone,45521348.43
clotrimazole-betamethasone,17462861.97
clotrimazole-betamethasone,6522190.989
clotrimazole-betamethasone,3176801.408
clotrimazole-betamethasone,7357759.065
clotrimazole-betamethasone,13056163.12
clozapine,84939494.65
clozapine,9929.441578
clozapine,501.4260799
clozapine,3147514.253
clozapine,13010049.8
clozapine,1161550.046
clozapine,154661.5856
clozapine,7186923.611
clozapine,62244299.91
clozapine,6225498.941
clozapine,3619.132343
clozapine,362524.2346
clozapine odt,18286332.18
clozapine odt,15741538.49
clozapine odt,59695.52284
clozapine odt,2931437.062
clozaril,13325848.54
clozaril,13247425.65
co q-10,624.0648888
co q-10,621.7496171
coartem,92079.05186
coartem,91983.95404
codeine sulfate,1096078.316
codeine sulfate,903688.8989
codeine sulfate,243189.7821
colazal,242639.2045
colazal,240941.006
colchicine,104739478.1
colchicine,3341904.946
colchicine,6646214.583
colchicine,45144.34159
colchicine,18344265.77
colchicine,14055.23492
colchicine,564926.8783
colchicine,28892.70527
colchicine,18187803.61
colchicine,11647045.25
colchicine,8955951.553
colchicine,11545.69565
colchicine,3261657.294
colchicine,11659995.31
colchicine,2542506.349
colchicine,2580351.171
colchicine,13712272.69
colchicine,1661.256213
colcrys,1074808.33
colcrys,1077486.349
colesevelam hcl,90405735.04
colesevelam hcl,863698.85
colesevelam hcl,343755.7974
colesevelam hcl,5359071.116
colesevelam hcl,860562.0734
colesevelam hcl,16865835.71
colesevelam hcl,13787940.46
colesevelam hcl,22661942.62
colesevelam hcl,3281833.13
colesevelam hcl,11552933.05
colesevelam hcl,9437676.643
colestid,199037.596
colestid,198329.0614
colestipol hcl,48282909.09
colestipol hcl,10577441.04
colestipol hcl,9053315.88
colestipol hcl,2654296.852
colestipol hcl,23605028.51
colistimethate,4807605.12
colistimethate,3627847.026
colistimethate,472081.9216
colistimethate,542312.0952
coly-mycin m parenteral,29738.83983
coly-mycin m parenteral,30026.00534
combigan,142930849.7
combigan,251558857.6
combipatch,4654146.31
combipatch,4667780.29
combivent respimat,149335114.4
combivent respimat,295085809.6
combivir,161811.421
combivir,162477.9341
cometriq,3063225.708
cometriq,3315206.53
comfort ez insulin syringe,658709.5411
comfort ez insulin syringe,645426.4536
comfort ez insulin syringe,2444530.297
comfort ez insulin syringe,2417466.444
comfort ez insulin syringe,28233.44565
comfort ez insulin syringe,1785257.114
comfort ez insulin syringe,30190.78391
comfort ez insulin syringe,1647508.456
comfort ez pen needle,31724034.11
comfort ez pen needle,29383434.59
comfort ez pen needle,3034124.396
comfort ez pro safety pen ndl,402100.5169
comfort ez pro safety pen ndl,409446.2274
comfort touch pen needle,944262.6414
complera,29027315.9
complera,28385764.89
complete natal dha,10581.33907
complete natal dha,10576.88078
completenate,3895.145037
completenate,3889.04397
compro,1191163.881
compro,1192328.731
comtan,31818.45798
comtan,31921.38967
concept dha,763.8506605
concept dha,763.0654245
concerta,14552355.67
concerta,14576637.34
condylox,16122.39358
condylox,16055.08395
constulose,5302486.343
constulose,5324947.741
contrave,1457712.502
contrave,1486938.334
conzip,39700.45674
conzip,39532.6023
copaxone,152285966.4
copaxone,261196969.7
copiktra,18879310.06
copiktra,2474010.166
copiktra,16816654.33
cordran,3569441.247
cordran,3554828.756
coreg,616196.1436
coreg,27899.95168
coreg,589514.294
coreg cr,10920862.01
coreg cr,9008533.202
coreg cr,9422.986308
coreg cr,509440.9501
corgard,371951.7842
corgard,372288.9667
corlanor,49728874.57
corlanor,46227911.28
cortef,675939.0456
cortef,673938.7012
cortenema,7578.284001
cortenema,7600.559426
cortifoam,545678.1974
cortifoam,544949.9893
cortisporin-tc,455255.3184
cortisporin-tc,452684.4599
cortrophin,44408820.33
cortrophin,68324286.33
cosela,113191.6877
cosela,112587.1741
cosentyx (2 syringes),72152974.02
cosentyx (2 syringes),89092561.08
cosentyx sensoready (2 pens),239774246.5
cosentyx sensoready (2 pens),588467728.6
cosentyx sensoready pen,151230924.0
cosentyx sensoready pen,180494829.2
cosentyx syringe,31073913.45
cosentyx syringe,29992755.17
cosentyx unoready pen,18218144.21
cosentyx unoready pen,18637763.31
cosopt,485629.7705
cosopt,375914.8231
cosopt,135064.1066
cosopt pf,5403405.636
cosopt pf,4003558.079
cosopt pf,926383.2725
cotellic,6134171.315
cotellic,7171549.599
cotempla xr-odt,230779.4983
cotempla xr-odt,230310.8471
cozaar,4771520.102
cozaar,4760232.267
creon,280935184.3
creon,1241162895.0
cresemba,73919372.98
cresemba,81270251.04
crestor,37979651.92
crestor,37087089.11
crinone,71442.41808
crinone,71343.10239
cromolyn sodium,8817980.702
cromolyn sodium,419797.0658
cromolyn sodium,1260710.192
cromolyn sodium,644716.1747
cromolyn sodium,2018657.281
cromolyn sodium,2484083.587
cromolyn sodium,43171.02037
cromolyn sodium,24231.21523
cromolyn sodium,2181872.864
crotan,14176153.28
crotan,13949438.16
cryselle,274976.1784
cryselle,275162.6871
crysvita,35617280.74
crysvita,19590309.01
crysvita,25327868.71
cuprimine,2382296.636
cuprimine,3118270.109
curity,923.258457
curity,939.5466642
curity alcohol preps,1855.195832
curity alcohol preps,1761.399212
cutaquig,4063602.24
cutaquig,2941989.8
cutaquig,1815317.381
cuvitru,34365772.19
cuvitru,32612958.26
cuvposa,274460.6933
cuvposa,274755.9461
cuvrior,362213.4791
cuvrior,358043.2611
cyanocobalamin injection,2481783.427
cyanocobalamin injection,431606.3538
cyanocobalamin injection,590849.5755
cyanocobalamin injection,665655.0332
cyanocobalamin injection,2701.911685
cyanocobalamin injection,86574.2219
cyanocobalamin injection,2576.298993
cyanocobalamin injection,4371.201678
cyanocobalamin injection,40929.98468
cyanocobalamin injection,1462.372175
cyanocobalamin injection,212.0567519
cyanocobalamin injection,113315.0175
cyanocobalamin injection,16808.27901
cyanocobalamin injection,191522.6585
cyanocobalamin injection,169004.4835
cyclobenzaprine hcl,64807320.4
cyclobenzaprine hcl,171.098564
cyclobenzaprine hcl,16082505.45
cyclobenzaprine hcl,16520269.79
cyclobenzaprine hcl,1098564.99
cyclobenzaprine hcl,785164.6424
cyclobenzaprine hcl,841249.5938
cyclobenzaprine hcl,2080858.989
cyclobenzaprine hcl,7170.596352
cyclobenzaprine hcl,8589350.756
cyclobenzaprine hcl,178.3303811
cyclobenzaprine hcl,5085858.082
cyclobenzaprine hcl,374.5624373
cyclobenzaprine hcl,9424055.324
cyclobenzaprine hcl,8524.927745
cyclobenzaprine hcl,515.5637345
cyclobenzaprine hcl,6023342.61
cyclobenzaprine hcl,3276122.022
cyclobenzaprine hcl,88.01169317
cyclobenzaprine hcl,109.2038293
cyclobenzaprine hcl er,3356766.284
cyclobenzaprine hcl er,760566.5439
cyclobenzaprine hcl er,2256533.691
cyclobenzaprine hcl er,413214.428
cyclogyl,27093.433
cyclogyl,26821.53182
cyclomydril,694.3854747
cyclomydril,693.7524708
cyclopentolate hcl,303258.665
cyclopentolate hcl,166889.8451
cyclopentolate hcl,89388.6073
cyclopentolate hcl,32020.04283
cyclophosphamide,2889299.486
cyclophosphamide,318466.767
cyclophosphamide,242620.9132
cyclophosphamide,272702.9577
cyclophosphamide,65286.99994
cyclophosphamide,259841.301
cyclophosphamide,74034.36967
cyclophosphamide,332262.2213
cyclophosphamide,521574.8422
cyclophosphamide,545578.3452
cyclophosphamide,42790.31973
cyclophosphamide,67149.62901
cyclophosphamide,75054.61166
cycloserine,139715.5306
cycloserine,61856.4659
cycloserine,95736.39651
cycloset,3281016.833
cycloset,3292374.503
cyclosporine modified,7398354.283
cyclosporine modified,4859755.201
cyclosporine modified,1772782.843
cyclosporine modified,623027.6859
cyclosporine modified,226629.06
cyclosporine,144488765.0
cyclosporine,15157.86193
cyclosporine,76678821.31
cyclosporine,14165170.51
cyclosporine,49841721.19
cyclosporine,95874567.85
cyclosporine,23602.76212
cyltezo(cf),316028.0128
cyltezo(cf),313924.953
cyltezo(cf) pen,1530387.081
cyltezo(cf) pen,1516922.848
cymbalta,18859514.31
cymbalta,18937869.14
cyproheptadine hcl,6058368.681
cyproheptadine hcl,1159.282656
cyproheptadine hcl,2850269.346
cyproheptadine hcl,479130.9745
cyproheptadine hcl,1012.466063
cyproheptadine hcl,310432.2331
cyproheptadine hcl,609218.7043
cyproheptadine hcl,263019.6317
cyproheptadine hcl,143381.1355
cyproheptadine hcl,2499.183916
cyproheptadine hcl,9244.548258
cyproheptadine hcl,303282.7522
cyproheptadine hcl,105670.7757
cyproheptadine hcl,523744.9674
cyproheptadine hcl,2277.551582
cyproheptadine hcl,894728.156
cyramza,3854887.892
cyramza,3897106.328
cyred eq,1148.193061
cyred eq,1147.805404
cystadane,2845396.987
cystadane,2821636.53
cystadrops,1991030.042
cystadrops,1964772.972
cystagon,71913.97198
cystagon,72287.91338
cystaran,1952747.232
cystaran,1989347.014
cytarabine,209.3359379
cytarabine,209.527296
cytarabine,3073.488003
cytarabine,514.9777534
cytarabine,2055.786538
cytarabine,578.0631908
cytogam,457252.9027
cytogam,454283.4637
cytomel,1968625.767
cytomel,1963398.604
cytotec,31734.95311
cytotec,31382.89515
dabigatran etexilate,78564067.16
dabigatran etexilate,84452963.44
dabigatran etexilate,1405455.182
dabigatran etexilate,71259.99016
dacarbazine,2872.12736
dacarbazine,2856.596028
dalfampridine er,66266625.16
dalfampridine er,2831249.92
dalfampridine er,6399966.932
dalfampridine er,16908283.74
dalfampridine er,701297.744
dalfampridine er,28151600.6
dalfampridine er,8874727.373
daliresp,26282231.69
daliresp,26184700.84
dalvance,13112255.87
dalvance,12780175.31
danazol,2660898.443
danazol,973027.2915
danazol,4363.423597
danazol,1767383.971
dantrium,10739.24815
dantrium,10865.48441
dantrolene sodium,3943735.599
dantrolene sodium,1003194.256
dantrolene sodium,444860.3386
dantrolene sodium,2921.115573
dantrolene sodium,2572415.07
dantrolene sodium,1528.978817
dantrolene sodium,4963.681346
dapsone,8973163.372
dapsone,244911.0075
dapsone,29450.93719
dapsone,392374.1702
dapsone,7336331.144
dapsone,52591.64604
dapsone,105509.3159
dapsone,77257.26948
dapsone,1653.36094
dapsone,43112.10747
dapsone,18697.72001
dapsone,25021.25949
dapsone,940639.6281
dapsone,98371.38102
dapsone,182620.3922
daptacel dtap,21226.60214
daptacel dtap,21052.37019
daptomycin,123294843.7
daptomycin,5009450.96
daptomycin,28351.26695
daptomycin,3587.345512
daptomycin,683672.9663
daptomycin,3567683.224
daptomycin,115913.7133
daptomycin,38074.76389
daptomycin,959799.5086
daptomycin,2695543.976
daptomycin,2584808.503
daptomycin,13689.04404
daptomycin,727781.7378
daptomycin,83390.24565
daptomycin,731970.0029
daptomycin,68210095.07
daptomycin,5736072.609
daptomycin,277415.8632
daptomycin,477460.9887
daptomycin,1741827.057
daptomycin,8531088.967
daptomycin,29822606.71
daptomycin,61991.60354
daptomycin-0.9% nacl,36201.35533
daptomycin-0.9% nacl,36222.84463
daraprim,941365.8859
daraprim,924257.2043
darifenacin er,9165797.049
darifenacin er,1805689.409
darifenacin er,4019220.061
darifenacin er,3283855.435
darifenacin er,4730.120464
darifenacin er,976458.4764
darifenacin er,38221.98505
dartisla,16520.05132
dartisla,16448.20803
darunavir,23198906.66
darunavir,19361583.0
darunavir,81711.03005
darunavir,26655.63041
darunavir,121729.2822
darunavir,4141169.43
darzalex,18495809.03
darzalex,16871957.3
darzalex faspro,67482108.97
darzalex faspro,66089051.79
dasetta,109194.073
dasetta,109649.3762
daurismo,2794140.943
daurismo,3064204.737
daybue,15088125.6
daybue,23105989.53
daypro,31555.84149
daypro,31198.0091
daysee,130855.0864
daytrana,445835.2346
daytrana,445970.611
dayvigo,16709833.37
dayvigo,16879552.55
ddavp,475475.2566
ddavp,474192.9494
deblitane,58303.80818
deblitane,58397.25179
decitabine,720280.3146
decitabine,33931.44221
decitabine,43113.72245
decitabine,227212.3261
decitabine,65008.39373
decitabine,26099.54319
decitabine,189299.1952
decitabine,5364.146586
decitabine,102027.3553
deferasirox,49247693.14
deferasirox,11260054.87
deferasirox,11789127.81
deferasirox,2965925.098
deferasirox,265681.1973
deferasirox,4766333.917
deferasirox,579954.423
deferasirox,2208437.998
deferasirox,2033871.318
deferasirox,701902.9108
deferasirox,3519988.637
deferasirox,6616610.121
deferasirox,1479689.826
deferiprone,6748000.024
deferiprone,4643569.711
deferiprone,3018703.774
deferiprone (3 times a day),5467474.797
deferiprone (3 times a day),5429157.001
deferoxamine mesylate,90318.12712
deferoxamine mesylate,10935.99123
deferoxamine mesylate,67662.23975
deferoxamine mesylate,4028.020597
delestrogen,134748.3105
delestrogen,135180.8999
delstrigo,16247085.97
delstrigo,16129700.39
delzicol,1511745.357
delzicol,1535241.022
demeclocycline hcl,5994063.49
demeclocycline hcl,6683.964517
demeclocycline hcl,2754934.891
demeclocycline hcl,3422712.87
demerol,77195.33313
demerol,77202.87997
demser,455190.0364
demser,450750.1917
denavir,863680.4666
denavir,858303.8691
denta 5000 plus,408605.9528
denta 5000 plus,409936.8498
dentagel,179660.6256
dentagel,181165.7631
depakote,12986481.94
depakote,12399270.45
depakote,288887.0637
depakote er,10601911.4
depakote er,10650667.01
depakote sprinkle,3851021.174
depakote sprinkle,3887766.587
depo-estradiol,743837.9169
depo-estradiol,742067.2532
depo-medrol,21225.13046
depo-medrol,21302.30971
depo-provera,10834.88442
depo-provera,634.269043
depo-provera,9926.723198
depo-subq provera 104,31585.84574
depo-subq provera 104,31597.34969
depo-testosterone,925500.2299
depo-testosterone,925180.1039
depo-testosterone,14995.4888
derma-smoothe-fs,12426.35471
derma-smoothe-fs,12440.97394
derma-smoothe-fs,16634.85641
derma-smoothe-fs,16668.35305
dermacea,109.1791768
dermacea,104.548428
dermacinrx lidocan,27616.59405
dermacinrx lidocan,27657.31497
dermacinrx lidogel,1429097.146
dermacinrx lidogel,1527989.945
dermacinrx lidorex,62716.86253
dermacinrx lidorex,62996.18512
dermacinrx prenatrix,26464.84021
dermacinrx prenatrix,26559.42091
dermacinrx pretrate,58395.79663
dermacinrx pretrate,58543.63851
dermotic,34803.69375
dermotic,34864.38663
descovy,237515270.4
descovy,414039092.7
desferal mesylate,36495.51321
desferal mesylate,36398.58949
desipramine hcl,4657761.243
desipramine hcl,140515.788
desipramine hcl,1652986.188
desipramine hcl,940994.0709
desipramine hcl,940214.7396
desipramine hcl,611640.2717
desipramine hcl,347455.1754
desloratadine,7922487.385
desloratadine,26726.99582
desloratadine,1975881.185
desloratadine,5570818.446
desloratadine,274732.9823
desloratadine,1252.142575
desmopressin acetate,4541429.945
desmopressin acetate,130580.0873
desmopressin acetate,259020.3884
desmopressin acetate,4276946.762
desmopressin acetate,19183337.01
desmopressin acetate,99951.06332
desmopressin acetate,55189.5692
desmopressin acetate,92123.14229
desmopressin acetate,73180.4705
desmopressin acetate,405576.1187
desmopressin acetate,22906.50677
desmopressin acetate,217597.5034
desmopressin acetate,321934.707
desmopressin acetate,915991.0315
desmopressin acetate,6114560.865
desmopressin acetate,7560513.678
desmopressin acetate,3325234.022
desmopressin acetate,141446.4891
desogestr-eth estrad eth estra,21369.23284
desogestr-eth estrad eth estra,21431.79498
desonide,10909108.56
desonide,3281312.195
desonide,69675.64096
desonide,340420.7897
desonide,1995.90986
desonide,2332915.361
desonide,15565.035
desonide,635997.7884
desonide,118576.0237
desonide,13883.64674
desonide,781443.6628
desonide,834438.812
desonide,190077.4652
desonide,963904.1071
desonide,1790713.146
desoximetasone,6706129.048
desoximetasone,6765.121687
desoximetasone,609603.3073
desoximetasone,3374127.91
desoximetasone,1412522.691
desoximetasone,10527.3652
desoximetasone,688609.3057
desoximetasone,4559.696773
desoximetasone,30982.9376
desoximetasone,223061.3507
desvenlafaxine er,1863004.513
desvenlafaxine er,1863599.059
desvenlafaxine er,2794.200898
desvenlafaxine succinate er,70042287.01
desvenlafaxine succinate er,11506801.41
desvenlafaxine succinate er,21278513.25
desvenlafaxine succinate er,21321650.22
desvenlafaxine succinate er,3370814.696
desvenlafaxine succinate er,18742031.4
desvenlafaxine succinate er,33345.67254
desvenlafaxine succinate er,156581.9171
detrol,96475.33568
detrol,95885.95766
detrol la,1509617.117
detrol la,1534139.314
dexamethasone,21836030.14
dexamethasone,595815.756
dexamethasone,7975653.884
dexamethasone,2967.281868
dexamethasone,956.6928071
dexamethasone,65926.42021
dexamethasone,3598746.315
dexamethasone,2067142.631
dexamethasone,1780783.957
dexamethasone,17739.62684
dexamethasone,289688.1845
dexamethasone,26984.49109
dexamethasone,19421.16992
dexamethasone,6847.412576
dexamethasone,1773.436085
dexamethasone,2996649.378
dexamethasone,1103727.925
dexamethasone intensol,161446.5224
dexamethasone intensol,161043.7599
dexamethasone sodium phosphate,53886.60609
dexamethasone sodium phosphate,169.7820873
dexamethasone sodium phosphate,27832.61909
dexamethasone sodium phosphate,11347.29442
dexamethasone sodium phosphate,122.7761367
dexamethasone sodium phosphate,15548.85815
dexamethasone sodium phosphate,3629132.026
dexamethasone sodium phosphate,518.1396948
dexamethasone sodium phosphate,2399.616784
dexamethasone sodium phosphate,56201.71873
dexamethasone sodium phosphate,3378930.797
dexamethasone sodium phosphate,4274.704402
dexamethasone sodium phosphate,14896.46103
dexamethasone sodium phosphate,25993.44635
dexamethasone sodium phosphate,42497.68176
dexamethasone sodium phosphate,1961.727039
dexamethasone sodium phosphate,56412.58517
dexedrine,2404806.05
dexedrine,2380714.353
dexilant,72950239.41
dexilant,80927656.22
dexlansoprazole dr,152239363.5
dexlansoprazole dr,225201660.8
dexlansoprazole dr,156711701.0
dexmethylphenidate hcl,996015.3326
dexmethylphenidate hcl,82662.81231
dexmethylphenidate hcl,3052.081379
dexmethylphenidate hcl,270656.9063
dexmethylphenidate hcl,395009.7186
dexmethylphenidate hcl,240681.06
dexmethylphenidate hcl er,6137106.239
dexmethylphenidate hcl er,336900.5377
dexmethylphenidate hcl er,243839.2821
dexmethylphenidate hcl er,1752188.486
dexmethylphenidate hcl er,1663419.362
dexmethylphenidate hcl er,886900.2607
dexmethylphenidate hcl er,151559.1224
dexmethylphenidate hcl er,168367.4448
dexmethylphenidate hcl er,61886.16033
dexmethylphenidate hcl er,11215.21305
dexmethylphenidate hcl er,1185849.54
dextroamphetamine sulfate,5164006.969
dextroamphetamine sulfate,89376.29822
dextroamphetamine sulfate,809036.3546
dextroamphetamine sulfate,1488818.659
dextroamphetamine sulfate,50283.02805
dextroamphetamine sulfate,958742.9915
dextroamphetamine sulfate,1265820.727
dextroamphetamine sulfate,55573.79868
dextroamphetamine sulfate,60301.78757
dextroamphetamine sulfate,367538.2826
dextroamphetamine sulfate er,6573832.768
dextroamphetamine sulfate er,2523265.238
dextroamphetamine sulfate er,4174519.355
dextroamphetamine sulfate er,50164.92168
dextroamphetamine-amphet er,42724346.63
dextroamphetamine-amphet er,366557.071
dextroamphetamine-amphet er,2949214.533
dextroamphetamine-amphet er,73354.96047
dextroamphetamine-amphet er,5788196.939
dextroamphetamine-amphet er,628270.493
dextroamphetamine-amphet er,375.2226286
dextroamphetamine-amphet er,3617625.666
dextroamphetamine-amphet er,2100787.951
dextroamphetamine-amphet er,10407305.32
dextroamphetamine-amphet er,2586762.135
dextroamphetamine-amphet er,530528.8908
dextroamphetamine-amphet er,45782.66351
dextroamphetamine-amphet er,9342615.112
dextroamphetamine-amphet er,48747.01962
dextroamphetamine-amphet er,340.5726065
dextroamphetamine-amphet er,3580605.584
dextroamphetamine-amphetamine,62119562.89
dextroamphetamine-amphetamine,9830.327028
dextroamphetamine-amphetamine,2985517.029
dextroamphetamine-amphetamine,136309.3799
dextroamphetamine-amphetamine,9584.147854
dextroamphetamine-amphetamine,28522.73892
dextroamphetamine-amphetamine,560936.471
dextroamphetamine-amphetamine,3339395.569
dextroamphetamine-amphetamine,17466.04651
dextroamphetamine-amphetamine,45243.3508
dextroamphetamine-amphetamine,229589.8803
dextroamphetamine-amphetamine,2988503.428
dextroamphetamine-amphetamine,22880966.5
dextroamphetamine-amphetamine,33471.49666
dextroamphetamine-amphetamine,4475948.902
dextroamphetamine-amphetamine,8341966.507
dextroamphetamine-amphetamine,9117423.811
dextroamphetamine-amphetamine,6275481.582
dextrose 10%-0.45% nacl,3226.960771
dextrose 10%-0.45% nacl,3226.06693
dextrose 5%-0.2% nacl,1750.377279
dextrose 5%-0.2% nacl,1767.435738
dextrose 5%-0.45% nacl,497964.8211
dextrose 5%-0.45% nacl,446309.2851
dextrose 5%-0.45% nacl,3673.282639
dextrose 5%-0.45% nacl,40949.25589
dextrose 5%-0.9% nacl,168761.3048
dextrose 5%-0.9% nacl,489.2362231
dextrose 5%-0.9% nacl,142553.9325
dextrose 5%-0.9% nacl,23490.20002
dextrose in lactated ringers,57083.63585
dextrose in lactated ringers,33016.74375
dextrose in lactated ringers,21432.44658
dextrose in water,18994.91533
dextrose in water,3551.672851
dextrose in water,16011.3612
dextrose in water,402025.8941
dextrose in water,285.941403
dextrose in water,390544.0138
dextrose in water,1362.781402
dextrose in water,31389.02328
dextrose in water,4968.144419
dextrose in water,2938.603368
dextrose in water,1871.344091
dextrose in water,23430.89197
dextrose in water,23443.09378
dhivy,964728.0974
dhivy,968567.2705
diacomit,1323553.399
diacomit,1401033.08
diastat acudial,21044.34048
diastat acudial,21100.70341
diazepam,21462118.11
diazepam,1708.995885
diazepam,14215778.99
diazepam,2045101.602
diazepam,384576.6959
diazepam,265.2579267
diazepam,47030.92076
diazepam,6663515.029
diazepam,6103.801042
diazepam,53096.85073
diazepam,30504.3957
diazepam,25363.60012
diazepam,89406.76461
diazepam,16240.33606
diazepam,604.7462328
diazoxide,2502021.615
diazoxide,1187568.076
diazoxide,1396533.167
dichlorphenamide,403505.7379
dichlorphenamide,397284.6025
diclegis,17461.43169
diclegis,17428.80995
diclofenac epolamine,101664962.2
diclofenac epolamine,3647175.406
diclofenac epolamine,23892737.92
diclofenac epolamine,78682590.04
diclofenac potassium,43922724.97
diclofenac potassium,229990.3872
diclofenac potassium,7740800.071
diclofenac potassium,940999.3599
diclofenac potassium,897351.1559
diclofenac potassium,889797.2518
diclofenac potassium,308927.8469
diclofenac potassium,11627.78095
diclofenac potassium,4063262.076
diclofenac potassium,785884.9813
diclofenac potassium,5453479.376
diclofenac potassium,495435.8136
diclofenac potassium,1389292.159
diclofenac potassium,816884.8953
diclofenac potassium,19586352.77
diclofenac potassium,716331.3504
diclofenac sodium er,10976542.93
diclofenac sodium er,3943775.118
diclofenac sodium er,3788945.156
diclofenac sodium er,2529540.666
diclofenac sodium er,659941.1457
diclofenac sodium,356494355.5
diclofenac sodium,266392.6443
diclofenac sodium,348218.725
diclofenac sodium,7015.091727
diclofenac sodium,29412348.14
diclofenac sodium,7864827.307
diclofenac sodium,543.1115684
diclofenac sodium,3845747.056
diclofenac sodium,3169.872298
diclofenac sodium,8663356.431
diclofenac sodium,331022.6927
diclofenac sodium,58955819.89
diclofenac sodium,17689.72173
diclofenac sodium,128435609.5
diclofenac sodium,677648.6679
diclofenac sodium,13888021.39
diclofenac sodium,54096988.77
diclofenac sodium,1279159.326
diclofenac sodium,6470406.555
diclofenac sodium,553772.0474
diclofenac sodium,1594227.908
diclofenac sodium,2986441.663
diclofenac sodium,63010.22743
diclofenac sodium,14707343.13
diclofenac sodium,24043282.92
diclofenac sodium,1027816.693
diclofenac sodium,35345690.95
diclofenac sodium-misoprostol,7470092.927
diclofenac sodium-misoprostol,1703281.372
diclofenac sodium-misoprostol,17602.37344
diclofenac sodium-misoprostol,2378081.616
diclofenac sodium-misoprostol,978.3724722
diclofenac sodium-misoprostol,261434.9457
diclofenac sodium-misoprostol,1613871.962
diclofenac sodium-misoprostol,1411257.237
dicloxacillin sodium,1264430.881
dicloxacillin sodium,799934.5379
dicloxacillin sodium,2699.736418
dicloxacillin sodium,472504.5603
dicyclomine hcl,53136513.3
dicyclomine hcl,192500.2931
dicyclomine hcl,8279.215771
dicyclomine hcl,14902488.72
dicyclomine hcl,2422231.94
dicyclomine hcl,2557361.935
dicyclomine hcl,4092124.21
dicyclomine hcl,76920.25457
dicyclomine hcl,22705.99953
dicyclomine hcl,15260944.42
dicyclomine hcl,667.6811079
dicyclomine hcl,16492.98098
dicyclomine hcl,19461.43961
dicyclomine hcl,130448.1719
dicyclomine hcl,241414.8597
dicyclomine hcl,1253128.472
dicyclomine hcl,100.3905042
dicyclomine hcl,4361.1255
dicyclomine hcl,11247186.22
differin,93995.49105
differin,93922.13004
dificid,105859714.3
dificid,103611462.0
diflorasone diacetate,15564211.83
diflorasone diacetate,6857183.178
diflorasone diacetate,6135116.266
diflorasone diacetate,9659.673122
diflorasone diacetate,2579705.145
diflucan,243104.1164
diflucan,242912.127
diflunisal,883789.3326
diflunisal,557976.3051
diflunisal,3831.237079
diflunisal,276374.5209
difluprednate,22761099.78
difluprednate,929721.2134
difluprednate,16882034.79
difluprednate,205278.3543
difluprednate,4316.95884
difluprednate,2924115.344
digitek,863.1156936
digitek,865.184548
digoxin,51836864.53
digoxin,6305682.269
digoxin,13002669.03
digoxin,81953.54024
digoxin,16793621.79
digoxin,14132.95241
digoxin,27165.74724
digoxin,23300.24087
digoxin,3909861.513
digoxin,8577110.478
digoxin,3810536.491
digoxin,39241.0102
digoxin,3313.190349
dihydroergotamine mesylate,33565600.36
dihydroergotamine mesylate,365847.7136
dihydroergotamine mesylate,227796.3004
dihydroergotamine mesylate,15289334.91
dihydroergotamine mesylate,24914.48407
dihydroergotamine mesylate,51475.11141
dihydroergotamine mesylate,64638.88043
dihydroergotamine mesylate,4509100.409
dihydroergotamine mesylate,763917.4529
dihydroergotamine mesylate,13107745.91
dihydroergotamine mesylate,20326.74595
dilantin,1561206.778
dilantin,1541260.311
dilantin,30166663.38
dilantin,28788582.96
dilantin-125,169473.6827
dilantin-125,169334.3469
dilaudid,932397.6309
dilaudid,931492.0534
dilaudid,2077.469722
dilaudid,2072.055064
dilt-xr,14665802.5
dilt-xr,14682742.7
diltiazem 12hr er,34264972.89
diltiazem 12hr er,2733737.379
diltiazem 12hr er,3735791.542
diltiazem 12hr er,127197.2563
diltiazem 12hr er,14964794.22
diltiazem 12hr er,13207919.66
diltiazem 24hr er,22877466.48
diltiazem 24hr er,19792649.2
diltiazem 24hr er,2661.343161
diltiazem 24hr er,2954891.0
diltiazem 24hr er (cd),148213275.1
diltiazem 24hr er (cd),8677809.331
diltiazem 24hr er (cd),14045.7257
diltiazem 24hr er (cd),1590.903966
diltiazem 24hr er (cd),203.9279842
diltiazem 24hr er (cd),1736.260332
diltiazem 24hr er (cd),73425678.64
diltiazem 24hr er (cd),834.3761979
diltiazem 24hr er (cd),388629.2157
diltiazem 24hr er (cd),3611265.945
diltiazem 24hr er (cd),10874656.72
diltiazem 24hr er (cd),48465692.14
diltiazem 24hr er (cd),358485.6248
diltiazem 24hr er (cd),14829102.52
diltiazem 24hr er (la),16967185.32
diltiazem 24hr er (la),10891816.14
diltiazem 24hr er (la),634419.7358
diltiazem 24hr er (la),2613032.835
diltiazem 24hr er (xr),13085958.5
diltiazem 24hr er (xr),7964361.167
diltiazem 24hr er (xr),2686856.58
diltiazem 24hr er (xr),2314484.816
diltiazem hcl,25916383.4
diltiazem hcl,21028.8968
diltiazem hcl,16359785.07
diltiazem hcl,6519559.936
diltiazem hcl,3574478.312
diltiazem hcl,286.0864714
dimethyl fumarate,107623314.5
dimethyl fumarate,8581467.048
dimethyl fumarate,15730680.37
dimethyl fumarate,11882105.84
dimethyl fumarate,19897135.25
dimethyl fumarate,431567.6124
dimethyl fumarate,28853798.75
dimethyl fumarate,10452680.19
dimethyl fumarate,715580.5828
dimethyl fumarate,63737.83838
dimethyl fumarate,14646254.79
diovan,24151781.99
diovan,24055780.92
diovan hct,7407916.911
diovan hct,7410762.183
dipentum,2769246.156
dipentum,2811685.722
diphenhydramine hcl,1510235.7
diphenhydramine hcl,12147.18164
diphenhydramine hcl,500445.1978
diphenhydramine hcl,50119.95537
diphenhydramine hcl,496446.9257
diphenhydramine hcl,481102.7873
diphenoxylate-atropine,19875823.03
diphenoxylate-atropine,4342.042495
diphenoxylate-atropine,856.1139708
diphenoxylate-atropine,380702.2015
diphenoxylate-atropine,5020443.381
diphenoxylate-atropine,1991821.894
diphenoxylate-atropine,5463986.438
diphenoxylate-atropine,1253432.051
diphenoxylate-atropine,1468.296396
diphenoxylate-atropine,548478.5789
diphenoxylate-atropine,993182.4302
diphenoxylate-atropine,2898250.589
diphenoxylate-atropine,270834.7463
diphtheria-tetanus toxoids-ped,31742.15654
diphtheria-tetanus toxoids-ped,31433.08118
diprolene,11802.83033
diprolene,11828.5691
dipyridamole,1856137.964
dipyridamole,250354.6163
dipyridamole,958731.1314
dipyridamole,24311.06523
dipyridamole,704436.6155
dipyridamole,1895.020719
diskets,129.3496463
diskets,129.2881869
disopyramide phosphate,3277584.749
disopyramide phosphate,1308676.389
disopyramide phosphate,322681.8115
disopyramide phosphate,1549928.353
disulfiram,2736170.509
disulfiram,99609.78133
disulfiram,187165.5156
disulfiram,2297359.402
disulfiram,261822.4482
ditropan xl,47606.98788
ditropan xl,47727.83812
diuril,17752.76926
diuril,17631.47356
divalproex sodium,133822376.4
divalproex sodium,27541537.38
divalproex sodium,16160562.56
divalproex sodium,16720049.01
divalproex sodium,11961875.3
divalproex sodium,15842285.83
divalproex sodium,174995.2026
divalproex sodium,5267.14417
divalproex sodium,5195199.16
divalproex sodium,31891777.93
divalproex sodium,21949671.09
divalproex sodium,12099.00491
divalproex sodium,2846.483712
divalproex sodium er,126749019.2
divalproex sodium er,2796.650005
divalproex sodium er,9371669.401
divalproex sodium er,593798.6019
divalproex sodium er,980195.4908
divalproex sodium er,118622.5044
divalproex sodium er,206452.4669
divalproex sodium er,24646542.38
divalproex sodium er,40952443.34
divalproex sodium er,2308.284276
divalproex sodium er,21552763.44
divalproex sodium er,21602367.53
divalproex sodium er,6522818.624
divigel,1013865.039
divigel,1016392.777
dobutamine hcl,18729.81799
dobutamine hcl,18531.06951
dobutamine hcl-d5w,22086.04011
dobutamine hcl-d5w,616.8756939
dobutamine hcl-d5w,21238.07218
docetaxel,1527932.672
docetaxel,50437.92946
docetaxel,176954.8347
docetaxel,13481.55525
docetaxel,13776.36958
docetaxel,23990.02386
docetaxel,340192.6235
docetaxel,756955.1632
docetaxel,92840.90607
docetaxel,6082.617726
docetaxel,106369.4362
docetaxel,47811.29883
docetaxel,4521.520632
docetaxel,30720.2181
docetaxel,6632.66225
dodex,44759.3431
dodex,44674.05468
dofetilide,81193054.99
dofetilide,35123250.95
dofetilide,10187346.54
dofetilide,18142581.29
dofetilide,155549.5642
dofetilide,103926.9966
dofetilide,73683.61881
dofetilide,1893413.277
dofetilide,2632377.866
dofetilide,4414012.632
dofetilide,12134572.59
dojolvi,2157096.965
dojolvi,2418790.166
dolishale,11946.00321
dolishale,12062.95406
donepezil hcl,112503416.0
donepezil hcl,9053.176519
donepezil hcl,53415.84243
donepezil hcl,4988454.288
donepezil hcl,4161.456387
donepezil hcl,3409.939775
donepezil hcl,3948119.971
donepezil hcl,71461224.78
donepezil hcl,398.8079984
donepezil hcl,9278526.021
donepezil hcl,19040690.94
donepezil hcl,259213.598
donepezil hcl,42737.59242
donepezil hcl,358.6511349
donepezil hcl,4205539.379
donepezil hcl,12285.1274
donepezil hcl,3423.034537
donepezil hcl,1467662.512
donepezil hcl,14861.55013
donepezil hcl,5034457.912
donepezil hcl,358.7967671
donepezil hcl odt,1618375.036
donepezil hcl odt,5502.408171
donepezil hcl odt,6704.614324
donepezil hcl odt,3923.620796
donepezil hcl odt,1617233.621
doptelet,92440680.26
doptelet,108010264.7
doryx,16806.04576
doryx,16743.44516
doryx mpc,135323.7787
doryx mpc,135371.62
dorzolamide hcl,29232119.88
dorzolamide hcl,57036.19762
dorzolamide hcl,7721353.331
dorzolamide hcl,1278385.596
dorzolamide hcl,1419.756439
dorzolamide hcl,748488.5086
dorzolamide hcl,13848023.71
dorzolamide hcl,4233313.752
dorzolamide hcl,4896752.131
dorzolamide-timolol,74933013.8
dorzolamide-timolol,3046720.859
dorzolamide-timolol,7492378.718
dorzolamide-timolol,23491963.01
dorzolamide-timolol,5798224.574
dorzolamide-timolol,3257871.763
dorzolamide-timolol,29127301.46
dorzolamide-timolol,971.260171
dorzolamide-timolol,12332.06691
dorzolamide-timolol,8932654.68
dorzolamide-timolol,34021.89906
dorzolamide-timolol,21688364.13
dorzolamide-timolol,5988542.887
dorzolamide-timolol,1131402.83
dorzolamide-timolol,13951545.92
dorzolamide-timolol,294575.913
dotti,9996047.446
dotti,9935463.325
dovato,226386326.2
dovato,358361975.9
doxazosin mesylate,52536444.31
doxazosin mesylate,5287974.144
doxazosin mesylate,5851957.613
doxazosin mesylate,149495.1834
doxazosin mesylate,12804.92032
doxazosin mesylate,314.7943821
doxazosin mesylate,4332348.343
doxazosin mesylate,4724.805252
doxazosin mesylate,28235285.41
doxazosin mesylate,5276294.83
doxepin hcl,83441216.26
doxepin hcl,12384212.95
doxepin hcl,1162817.388
doxepin hcl,724934.648
doxepin hcl,2009176.625
doxepin hcl,4399.354027
doxepin hcl,4178398.689
doxepin hcl,25508.1556
doxepin hcl,5047435.717
doxepin hcl,26252.03965
doxepin hcl,2218323.589
doxepin hcl,8188823.155
doxepin hcl,103457.8891
doxepin hcl,1845536.198
doxepin hcl,160015.8166
doxepin hcl,4638472.295
doxepin hcl,143452.7394
doxepin hcl,4687868.688
doxepin hcl,271908.4207
doxepin hcl,730097.4416
doxepin hcl,657.042537
doxepin hcl,9133.876566
doxepin hcl,620881.9077
doxepin hcl,6236903.209
doxepin hcl,9321039.228
doxepin hcl,5307134.768
doxepin hcl,4699134.608
doxepin hcl,3550222.546
doxercalciferol,648873.5851
doxercalciferol,13718.14491
doxercalciferol,50914.39503
doxercalciferol,621426.0052
doxil,27927.42553
doxil,27777.15104
doxorubicin hcl,40943.51085
doxorubicin hcl,8889.367869
doxorubicin hcl,3709.067527
doxorubicin hcl,5018.856648
doxorubicin hcl,19943.77822
doxorubicin hcl liposome,561109.0865
doxorubicin hcl liposome,65798.11348
doxorubicin hcl liposome,61669.2753
doxorubicin hcl liposome,162819.2345
doxorubicin hcl liposome,116013.4146
doxorubicin hcl liposome,85780.2232
doxorubicin hcl liposome,36737.27495
doxorubicin hcl liposome,35786.19851
doxy 100,194702.428
doxy 100,23714.69311
doxy 100,178905.6335
doxycycline hyclate,118165295.9
doxycycline hyclate,168659.331
doxycycline hyclate,19573327.38
doxycycline hyclate,267613.0026
doxycycline hyclate,24805655.55
doxycycline hyclate,15752973.46
doxycycline hyclate,5867234.587
doxycycline hyclate,57478.97772
doxycycline hyclate,5363.15324
doxycycline hyclate,2678606.113
doxycycline hyclate,10876.28975
doxycycline hyclate,18255701.11
doxycycline hyclate,29213.68927
doxycycline hyclate,122007.1071
doxycycline hyclate,94610.96445
doxycycline hyclate,1883936.111
doxycycline hyclate,543899.6661
doxycycline hyclate,2006.299429
doxycycline hyclate,263433.8378
doxycycline hyclate,44437.45751
doxycycline hyclate,16743502.96
doxycycline hyclate,1820.045123
doxycycline hyclate,5901.009178
doxycycline hyclate,666866.5899
doxycycline hyclate,43610.08163
doxycycline hyclate,7450232.322
doxycycline hyclate,1668.59864
doxycycline hyclate,5051.403942
doxycycline hyclate,1650860.696
doxycycline hyclate,44593.07762
doxycycline hyclate,531270.961
doxycycline hyclate,106733.5986
doxycycline hyclate,1804.419264
doxycycline ir-dr,12481862.35
doxycycline ir-dr,5178568.824
doxycycline ir-dr,5582500.548
doxycycline monohydrate,29842451.21
doxycycline monohydrate,36982.33257
doxycycline monohydrate,9873138.067
doxycycline monohydrate,1025970.452
doxycycline monohydrate,3667364.187
doxycycline monohydrate,150680.1098
doxycycline monohydrate,8524205.276
doxycycline monohydrate,1134455.493
doxycycline monohydrate,770528.5459
doxycycline monohydrate,899042.02
doxycycline monohydrate,578.7248661
doxycycline monohydrate,9635588.037
doxycycline monohydrate,409.9314052
doxycycline monohydrate,258.236468
doxylamine succ-pyridoxine hcl,73496.14315
doxylamine succ-pyridoxine hcl,27519.84751
doxylamine succ-pyridoxine hcl,33880.33125
doxylamine succ-pyridoxine hcl,13309.1976
drizalma sprinkle,9838.386195
drizalma sprinkle,9868.402985
dronabinol,18110624.42
dronabinol,3620358.444
dronabinol,351618.1214
dronabinol,42193.21444
dronabinol,13085240.25
dronabinol,452942.6836
dronabinol,22139.50438
dronabinol,21687.70066
droperidol,2901.667863
droperidol,2908.889646
droplet insulin syringe,1359654.559
droplet insulin syringe,1359422.21
droplet insulin syringe,715505.2148
droplet insulin syringe,715723.3748
droplet insulin syringe,2267910.566
droplet insulin syringe,2267632.702
droplet micron pen needle,246570.455
droplet micron pen needle,246522.3753
droplet pen needle,34230359.15
droplet pen needle,34312643.95
dropsafe pen needle,1116895.427
dropsafe pen needle,1116575.771
dropsafe prep pads,852467.2349
dropsafe prep pads,801683.8256
drospirenone-eth estra-levomef,51566.47159
drospirenone-eth estra-levomef,31756.55043
drospirenone-eth estra-levomef,20257.44808
drospirenone-ethinyl estradiol,768762.6848
drospirenone-ethinyl estradiol,1416.095283
drospirenone-ethinyl estradiol,375482.0533
drospirenone-ethinyl estradiol,129854.969
drospirenone-ethinyl estradiol,156495.1966
drospirenone-ethinyl estradiol,91857.08455
droxia,173772.9
droxia,57417.25186
droxia,113264.5622
droxidopa,61568842.29
droxidopa,26313457.92
droxidopa,78582.45601
droxidopa,26353.57477
droxidopa,2428633.82
droxidopa,1033199.175
droxidopa,101382.4563
droxidopa,248226.9033
droxidopa,3158548.142
droxidopa,703027.3735
droxidopa,17575281.42
droxidopa,19674524.35
duaklir pressair,50093.25584
duaklir pressair,49968.70769
duavee,347452.8342
duavee,348874.1068
duexis,14711611.94
duexis,14916970.84
dulera,91599201.82
dulera,103581843.9
duloxetine hcl,392148365.9
duloxetine hcl,6224.106077
duloxetine hcl,4978066.742
duloxetine hcl,76393173.0
duloxetine hcl,3704185.328
duloxetine hcl,41750.34009
duloxetine hcl,2798.061045
duloxetine hcl,8521799.177
duloxetine hcl,15041.85337
duloxetine hcl,86030.55445
duloxetine hcl,2709.715355
duloxetine hcl,25694671.85
duloxetine hcl,115774556.5
duloxetine hcl,6115976.915
duloxetine hcl,314964.1597
duloxetine hcl,14474390.94
duloxetine hcl,159875701.7
duloxetine hcl,809514.0516
duloxetine hcl,2710.636198
duloxetine hcl,37070.23723
duobrii,914068.2431
duobrii,907647.7271
duopa,3082643.429
duopa,3075922.472
dupixent pen,328557735.2
dupixent pen,764226135.3
dupixent syringe,264325238.3
dupixent syringe,472577338.8
durezol,952086.3391
durezol,637225.9245
durezol,347331.5017
durysta,983578.1077
durysta,981587.4675
dutasteride,41354135.37
dutasteride,1894.936562
dutasteride,25718.11681
dutasteride,452.8305289
dutasteride,14835241.91
dutasteride,21098325.49
dutasteride,5420.011945
dutasteride,4503503.768
dutasteride-tamsulosin,10975964.7
dutasteride-tamsulosin,6555706.406
dutasteride-tamsulosin,4993900.8
dyanavel xr,491962.4054
dyanavel xr,490542.693
dymista,461252.8521
dymista,460950.8951
dyrenium,280391.7326
dyrenium,283193.3838
dysport,2627277.016
dysport,2633728.857
e.e.s. 200,62644.59823
e.e.s. 200,62907.73368
e.e.s. 400,9306.106371
e.e.s. 400,9321.14756
easy comfort alcohol pad,197930.6322
easy comfort alcohol pad,198026.4404
easy comfort insulin syringe,532422.8491
easy comfort insulin syringe,531151.8296
easy comfort insulin syringe,585011.8667
easy comfort insulin syringe,583599.8748
easy comfort pen needle,8019921.798
easy comfort pen needle,8031020.226
easy comfort pen needles,4216208.289
easy comfort pen needles,4217261.766
easy glide insulin syringe,15015.08763
easy glide insulin syringe,15060.22783
easy glide insulin syringe,17990.69267
easy glide insulin syringe,18058.38455
easy glide insulin syringe,28553.11866
easy glide insulin syringe,28669.41671
easy glide pen needle,181658.1067
easy glide pen needle,182529.5086
easy touch,177826.0202
easy touch,178245.8708
easy touch,272500.1597
easy touch,273107.0077
easy touch,506198.7872
easy touch,506859.2708
easy touch alcohol prep pads,983533.3483
easy touch alcohol prep pads,983262.7821
easy touch fliplock insulin,649.1407431
easy touch fliplock insulin,650.3008441
easy touch insulin safety,3081.17219
easy touch insulin safety,3089.165952
easy touch insulin safety,4353.830541
easy touch insulin safety,4363.951267
easy touch insulin syringe,15444.26916
easy touch insulin syringe,15474.74545
easy touch insulin syringe,60087.77393
easy touch insulin syringe,60105.96871
easy touch insulin syringe,32886.09859
easy touch insulin syringe,32865.78757
easy touch luer lock insulin,143.4660379
easy touch luer lock insulin,143.0873642
easy touch pen needle,7344676.159
easy touch pen needle,7356567.896
easy touch safety pen needle,481352.2994
easy touch safety pen needle,481249.8552
easy touch sheathlock insulin,524.6637015
easy touch sheathlock insulin,525.5429594
easy-touch insulin syringe,363896.5121
easy-touch insulin syringe,365245.6569
ec-naproxen,6217071.892
ec-naproxen,6228713.361
eclipse syringe,1336.743014
eclipse syringe,1344.381509
econazole nitrate,7141424.598
econazole nitrate,3489704.377
econazole nitrate,61887.8526
econazole nitrate,3808880.211
edarbi,43821638.32
edarbi,43111997.59
edarbyclor,29906709.41
edarbyclor,29398214.67
edecrin,518192.2552
edecrin,516900.0019
edluar,717993.8151
edluar,716240.0572
edurant,25425758.56
edurant,24262117.88
efavirenz,6823027.341
efavirenz,441538.189
efavirenz,301344.9937
efavirenz,2498787.332
efavirenz,1306520.209
efavirenz,7404.166932
efavirenz,2368530.786
efavirenz-emtric-tenofov disop,26475971.96
efavirenz-emtric-tenofov disop,3134217.661
efavirenz-emtric-tenofov disop,2434199.123
efavirenz-emtric-tenofov disop,50217.13256
efavirenz-emtric-tenofov disop,1496942.049
efavirenz-emtric-tenofov disop,13938259.86
efavirenz-emtric-tenofov disop,3398360.16
efavirenz-lamivu-tenofov disop,718805.4429
efavirenz-lamivu-tenofov disop,718208.4374
effer-k,219065.0905
effer-k,218866.5077
effexor xr,27427325.38
effexor xr,27578645.33
effient,1053984.623
effient,1008780.507
effient,34497.07445
efudex,20151.47069
efudex,20163.29252
egrifta sv,32926669.24
egrifta sv,31671905.62
elaprase,4325801.842
elaprase,6111781.724
elelyso,2379435.963
elelyso,3344797.154
elestrin,180760.3569
elestrin,180611.6599
eletriptan hbr,7524835.172
eletriptan hbr,1008947.254
eletriptan hbr,1571952.658
eletriptan hbr,67279.94666
eletriptan hbr,3032946.486
eletriptan hbr,442365.2773
eletriptan hbr,1076379.801
elfabrio,520893.4854
elfabrio,521994.0731
elfolate,632.3808108
elfolate,632.0293242
elidel,868969.0269
elidel,867442.4985
eligard,11152146.68
eligard,11182704.17
elinest,118488.5298
elinest,118635.9397
eliquis,488722933.5
eliquis,2866657806.0
elite-ob,4546.201208
elite-ob,4535.201587
elite-thin,259.5721697
elite-thin,259.2175474
elitek,545603.187
elitek,544697.2775
elixophyllin,6625.506802
elixophyllin,6585.940333
ella,716.8615054
ella,716.6208801
elmiron,57425343.76
elmiron,53559537.62
eluryng,792429.0515
eluryng,791833.8133
elyxyb,571924.3744
elyxyb,571697.664
embrace pen needle,71341.70242
embrace pen needle,71312.81867
emcyt,41488.50629
emcyt,41018.637
emend,56027.2261
emend,55826.60238
emflaza,15370999.17
emflaza,18250840.53
emgality pen,146913732.5
emgality pen,205710904.7
emgality syringe,42089297.52
emgality syringe,39625106.7
empaveli,20235387.67
empaveli,27346767.62
empliciti,1952918.828
empliciti,2190004.006
emsam,13387182.32
emsam,13443090.23
emtricitabine,2767623.49
emtricitabine,59765.68507
emtricitabine,2581995.535
emtricitabine-tenofovir disop,28725132.46
emtricitabine-tenofovir disop,4016899.69
emtricitabine-tenofovir disop,721680.4699
emtricitabine-tenofovir disop,913203.9953
emtricitabine-tenofovir disop,2776131.673
emtricitabine-tenofovir disop,2334.570967
emtricitabine-tenofovir disop,1591989.956
emtricitabine-tenofovir disop,802077.478
emtricitabine-tenofovir disop,67282.19435
emtricitabine-tenofovir disop,8367308.386
emtricitabine-tenofovir disop,659499.0953
emtricitabine-tenofovir disop,724853.8795
emtricitabine-tenofovir disop,2333420.61
emtricitabine-tenofovir disop,3723753.13
emtricitabine-tenofovir disop,15578.78843
emtriva,313657.6469
emtriva,316462.2498
emverm,5244564.96
emverm,5145771.816
enalapril maleate,47684387.89
enalapril maleate,3337425.611
enalapril maleate,13538636.92
enalapril maleate,17080851.12
enalapril maleate,2388.755896
enalapril maleate,4652666.347
enalapril maleate,12082.80195
enalapril maleate,24283.76835
enalapril maleate,3008340.835
enalapril maleate,1197679.987
enalapril maleate,243.6613369
enalapril maleate,228995.4266
enalapril maleate,10077826.74
enalapril maleate,300809.5117
enalapril-hydrochlorothiazide,3697793.346
enalapril-hydrochlorothiazide,713.6943883
enalapril-hydrochlorothiazide,3725201.07
enalaprilat,5275.696606
enalaprilat,5257.694218
enbrace hr,83742.24409
enbrace hr,83858.53585
enbrel,205886905.1
enbrel,396643428.5
enbrel mini,141791708.0
enbrel mini,235512957.7
enbrel sureclick,284817810.0
enbrel sureclick,979384797.4
endari,8792614.054
endari,8680283.062
endocet,2691047.722
endocet,2695830.626
endometrin,7748.20763
endometrin,7702.531733
engerix-b adult,228742.6167
engerix-b adult,229171.0961
engerix-b pediatric-adolescent,1789.52495
engerix-b pediatric-adolescent,1802.666963
enhertu,9717547.916
enhertu,9012240.176
enilloring,15088.71502
enilloring,15355.99503
enjaymo,1042611.801
enjaymo,1037711.918
enoxaparin sodium,96228657.28
enoxaparin sodium,12486370.71
enoxaparin sodium,30964171.48
enoxaparin sodium,14487918.05
enoxaparin sodium,19654773.5
enoxaparin sodium,107130.6493
enoxaparin sodium,5128880.897
enoxaparin sodium,2020344.381
enoxaparin sodium,93274.04642
enoxaparin sodium,119908.6754
enoxaparin sodium,758742.4013
enoxaparin sodium,5884182.737
enoxaparin sodium,24964.86825
enoxaparin sodium,194179.7544
enoxaparin sodium,3944628.47
enpresse,33310.65375
enpresse,33290.06116
enskyce,87513.26144
enspryng,32510664.31
enspryng,37962922.06
enstilar,8478905.747
enstilar,8473969.181
entacapone,25570793.15
entacapone,83436.28586
entacapone,42080.68602
entacapone,5489850.168
entacapone,546229.7122
entacapone,446603.1809
entacapone,1605881.736
entacapone,8956894.131
entacapone,8324064.6
entecavir,39327756.69
entecavir,1801593.095
entecavir,12335567.79
entecavir,36159.54792
entecavir,69478.6044
entecavir,1893118.201
entecavir,12063059.63
entecavir,797593.666
entecavir,401301.5118
entecavir,706446.785
entecavir,3598.513024
entecavir,4466946.812
entresto,303217663.8
entresto,1522567277.0
entyvio,84351136.62
entyvio,107262740.7
entyvio pen,213133.4097
entyvio pen,211790.5788
enulose,4906027.206
enulose,4918399.583
envarsus xr,13040829.39
envarsus xr,13076063.76
epaned,178621.5724
epaned,177659.9181
epclusa,223509216.0
epclusa,758628244.6
epidiolex,152305926.3
epidiolex,177276601.3
epiduo forte,76018.44634
epiduo forte,75626.48924
epifoam,13859.20074
epifoam,13834.24216
epinastine hcl,1693686.543
epinastine hcl,3373.152809
epinastine hcl,1160852.45
epinastine hcl,439999.8041
epinephrine,117156659.9
epinephrine,58369360.91
epinephrine,30427550.2
epinephrine,2582.824231
epinephrine,38319876.48
epinephrine,388.7264383
epinephrine,390.3305871
epipen 2-pak,909447.3224
epipen 2-pak,904611.4693
epipen jr 2-pak,30579.35999
epipen jr 2-pak,30462.82284
epitol,453665.2201
epitol,454872.5192
epivir,104755.9984
epivir,105449.8698
epivir hbv,75180.15266
epivir hbv,75175.10306
eplerenone,31684109.13
eplerenone,3195632.017
eplerenone,184780.7051
eplerenone,711.3084222
eplerenone,3609978.511
eplerenone,3176244.235
eplerenone,453121.579
eplerenone,6046551.663
eplerenone,30345.24206
eplerenone,13337119.67
epogen,7400222.961
epogen,7394359.568
eprontia,543597.257
eprontia,543791.898
epsolay,447382.8613
epsolay,446563.6988
epzicom,697150.4737
epzicom,702094.0597
equetro,1203105.077
equetro,1205659.237
eraxis,619283.8363
eraxis,617331.3448
erbitux,7034399.789
erbitux,6684777.109
ergoloid mesylates,11473.722
ergoloid mesylates,11425.76783
ergomar,38543.21351
ergomar,38410.94598
ergotamine-caffeine,3407550.275
ergotamine-caffeine,3436765.609
erivedge,94918658.64
erivedge,115029209.7
erleada,292980439.0
erleada,695563421.7
erlotinib hcl,12130623.79
erlotinib hcl,5342979.108
erlotinib hcl,1487406.366
erlotinib hcl,1004797.864
erlotinib hcl,1402389.937
erlotinib hcl,1693815.669
erlotinib hcl,271420.1146
ermeza,23662.86363
ermeza,23594.96031
errin,168263.7602
errin,168671.5289
ertaczo,1007395.078
ertaczo,1007860.753
ertapenem,77749623.0
ertapenem,338556.5835
ertapenem,4110261.678
ertapenem,3992076.787
ertapenem,10209924.25
ertapenem,1428789.22
ertapenem,495183.5353
ertapenem,19844682.31
ertapenem,2508543.863
ertapenem,5789875.554
ertapenem,1309753.403
ertapenem,349376.6204
ertapenem,9213595.052
ertapenem,18848792.01
ery,106810.3239
ery,107334.8616
ery-tab,24715.14492
ery-tab,21589.76801
ery-tab,5890.3274
eryped 200,79078.92553
eryped 200,79256.2661
eryped 400,67108.27258
eryped 400,66965.12976
erythrocin lactobionate,55668.79372
erythrocin lactobionate,55558.2198
erythrocin stearate,8692.508024
erythrocin stearate,8707.411045
erythromycin,1141654.291
erythromycin,8896.751882
erythromycin,735495.8265
erythromycin,80689.26619
erythromycin,12902.06064
erythromycin,277005.7395
erythromycin ethylsuccinate,4254904.723
erythromycin ethylsuccinate,632426.5164
erythromycin ethylsuccinate,204463.2017
erythromycin ethylsuccinate,281193.0678
erythromycin ethylsuccinate,2610424.106
erythromycin ethylsuccinate,901970.0149
erythromycin,27506465.88
erythromycin,1408414.467
erythromycin,4652545.019
erythromycin,3060275.944
erythromycin,59845.53607
erythromycin,7327050.99
erythromycin,3703558.922
erythromycin,1378191.143
erythromycin,2361.816015
erythromycin,9713031.657
erythromycin,187666.4925
erythromycin,2150057.008
erythromycin,61836.91815
erythromycin-benzoyl peroxide,1117099.766
erythromycin-benzoyl peroxide,47991.18465
erythromycin-benzoyl peroxide,810120.5056
erythromycin-benzoyl peroxide,200993.2102
esbriet,84610380.99
esbriet,98950164.47
escitalopram oxalate,149947506.8
escitalopram oxalate,23030067.76
escitalopram oxalate,54181132.15
escitalopram oxalate,1155560.56
escitalopram oxalate,1294742.899
escitalopram oxalate,123590.0231
escitalopram oxalate,73336.25916
escitalopram oxalate,4704.475785
escitalopram oxalate,2331865.22
escitalopram oxalate,6527546.749
escitalopram oxalate,46654.87191
escitalopram oxalate,314715.0087
escitalopram oxalate,13357917.65
escitalopram oxalate,605024.4227
escitalopram oxalate,4051344.968
escitalopram oxalate,22778606.12
escitalopram oxalate,1314491.934
escitalopram oxalate,3611.355384
escitalopram oxalate,7945646.442
esgic,103259.0547
esgic,103439.3686
esomeprazole magnesium,155830961.2
esomeprazole magnesium,3272580.219
esomeprazole magnesium,2814090.943
esomeprazole magnesium,4584041.449
esomeprazole magnesium,479327.624
esomeprazole magnesium,851.2414549
esomeprazole magnesium,262984.2822
esomeprazole magnesium,7485955.379
esomeprazole magnesium,8579.292648
esomeprazole magnesium,11139602.42
esomeprazole magnesium,48779266.83
esomeprazole magnesium,8160697.863
esomeprazole magnesium,19522150.88
esomeprazole magnesium,14370030.59
esomeprazole magnesium,16304864.54
esomeprazole magnesium,33123917.81
esomeprazole magnesium,3127166.998
esomeprazole magnesium,299296.4763
esomeprazole sodium,38971.22194
esomeprazole sodium,26453.06061
esomeprazole sodium,13473.57334
estarylla,371981.8513
estarylla,374119.443
estazolam,5030701.121
estazolam,4492672.22
estazolam,222450.3272
estazolam,228332.9337
estrace,2189307.818
estrace,2193516.981
estradiol (once weekly),18461337.64
estradiol (once weekly),10550114.92
estradiol (once weekly),8382758.209
estradiol (twice weekly),32513031.92
estradiol (twice weekly),69847.67682
estradiol (twice weekly),13416512.2
estradiol (twice weekly),3649327.669
estradiol (twice weekly),14319551.52
estradiol valerate,1724387.422
estradiol valerate,423220.0529
estradiol valerate,74088.52857
estradiol valerate,29307.99192
estradiol valerate,1276884.162
estradiol,222665320.4
estradiol,975474.8491
estradiol,791583.9065
estradiol,90563921.63
estradiol,1931.399773
estradiol,11873.12387
estradiol,57101162.08
estradiol,23721589.83
estradiol,24333844.81
estradiol,123942.5247
estradiol,32987437.68
estradiol,2107061.799
estradiol,89427.13853
estradiol,884323.6699
estradiol,6286940.857
estradiol-norethindrone acetat,5327607.505
estradiol-norethindrone acetat,900643.1017
estradiol-norethindrone acetat,2707913.679
estradiol-norethindrone acetat,1582190.231
estring,48756025.02
estring,51700927.92
estrogel,989462.3982
estrogel,989809.9234
eszopiclone,23466533.85
eszopiclone,11848.69554
eszopiclone,118288.3764
eszopiclone,4931421.344
eszopiclone,95061.84601
eszopiclone,7663510.162
eszopiclone,104877.5438
eszopiclone,3775548.742
eszopiclone,2323795.726
eszopiclone,918250.6379
eszopiclone,5121663.293
ethacrynic acid,7942479.696
ethacrynic acid,26469.89839
ethacrynic acid,1166281.656
ethacrynic acid,62119.0787
ethacrynic acid,728637.1838
ethacrynic acid,129209.7772
ethacrynic acid,2597024.437
ethacrynic acid,1341981.124
ethacrynic acid,1885329.304
ethambutol hcl,3916330.849
ethambutol hcl,208340.8177
ethambutol hcl,2864456.044
ethambutol hcl,980361.7683
ethambutol hcl,6701.851856
ethosuximide,1897672.606
ethosuximide,6666.833758
ethosuximide,876405.6126
ethosuximide,188201.9418
ethosuximide,338538.6517
ethosuximide,60281.10253
ethosuximide,518039.8652
ethosuximide,39091.98264
ethynodiol-ethinyl estradiol,39807.62814
ethynodiol-ethinyl estradiol,39837.93483
etodolac,13077252.37
etodolac,1047855.563
etodolac,140607.8788
etodolac,29348.21496
etodolac,439453.2837
etodolac,4308933.868
etodolac,2882883.655
etodolac,4078529.791
etodolac er,2299601.987
etodolac er,1391863.287
etodolac er,5280.078354
etodolac er,586497.9635
etodolac er,307382.9906
etonogestrel-ethinyl estradiol,678137.0718
etonogestrel-ethinyl estradiol,336078.9812
etonogestrel-ethinyl estradiol,372004.1341
etopophos,10124.55298
etopophos,10070.23669
etoposide,20111.71856
etoposide,2218.772841
etoposide,9208.878089
etoposide,634.0504681
etoposide,9067.459243
etravirine,27404340.15
etravirine,6198097.888
etravirine,37380.20481
etravirine,14655891.13
eucrisa,11091471.58
eucrisa,11013872.81
eulexin,169432.1723
eulexin,168315.6907
euthyrox,1090855.752
euthyrox,1090169.689
evamist,347300.9789
evamist,346740.585
evekeo,109092.6522
evekeo,109305.7667
evenity,1004782.751
evenity,1040182.004
evenity (2 syringes),69023217.8
evenity (2 syringes),72686220.93
everolimus,176923887.6
everolimus,88498628.66
everolimus,30763975.05
everolimus,9283388.49
everolimus,74503246.36
everolimus,40533639.74
everolimus,5927677.132
evista,1143926.135
evista,1148666.04
evkeeza,4136258.593
evkeeza,7709316.698
evotaz,14152416.46
evotaz,14246261.4
evoxac,1212820.697
evoxac,25421.69263
evoxac,1169648.835
evrysdi,94958395.66
evrysdi,142080125.7
excilon,259.3421022
excilon,264.497691
exelderm,109664.2281
exelderm,111356.9932
exelon,20915619.14
exelon,20744490.45
exemestane,38794164.54
exemestane,5232385.953
exemestane,8697207.095
exemestane,2575427.676
exemestane,6333222.918
exemestane,7370642.068
exemestane,3086138.014
exemestane,27709.66427
exemestane,8977385.323
exemestane,2128695.548
exforge,2383876.571
exforge,2407143.122
exforge hct,951404.3667
exforge hct,955223.1414
exjade,2715093.436
exjade,3045020.09
exkivity,10432470.97
exkivity,9718203.966
exondys-51,10476739.03
exondys-51,24274654.87
exservan,464416.3796
exservan,462663.256
extavia,1919337.308
extavia,1907235.833
eylea,65660747.25
eylea,75306311.62
eylea hd,689352.4757
eylea hd,682496.3858
eysuvis,10395329.6
eysuvis,10450050.38
ezallor sprinkle,114446.9175
ezallor sprinkle,114202.7501
ezetimibe,317106334.2
ezetimibe,5181982.623
ezetimibe,918278.1158
ezetimibe,7419226.951
ezetimibe,3180427.798
ezetimibe,25109116.03
ezetimibe,13675549.56
ezetimibe,3790.782459
ezetimibe,13351.59983
ezetimibe,25450546.67
ezetimibe,503698.136
ezetimibe,64913589.33
ezetimibe,60107049.54
ezetimibe,441712.4278
ezetimibe,76007819.72
ezetimibe,1337713.804
ezetimibe,11619894.96
ezetimibe,483.4347332
ezetimibe-simvastatin,36000722.55
ezetimibe-simvastatin,1662495.861
ezetimibe-simvastatin,7429255.558
ezetimibe-simvastatin,10529941.9
ezetimibe-simvastatin,10411082.62
ezetimibe-simvastatin,14904.67795
ezetimibe-simvastatin,5696052.55
ezetimibe-simvastatin,267563.3912
fabior,89805.72385
fabior,89609.54375
fabrazyme,36220243.21
fabrazyme,40911653.94
falmina,60466.07655
falmina,60677.76196
famciclovir,6469500.393
famciclovir,1490076.56
famciclovir,28114.46609
famciclovir,3338865.86
famciclovir,2020714.121
famciclovir,1178.910255
famciclovir,974.3015182
famciclovir,128890.3443
famotidine,875.9843352
famotidine,886.6792707
famotidine,75047.24159
famotidine,6569.677936
famotidine,35330.39459
famotidine,1504.217777
famotidine,19614.63897
famotidine,688.0441744
famotidine,236160910.1
famotidine,8948.588714
famotidine,620.550195
famotidine,167586.3039
famotidine,86331397.71
famotidine,320.1819718
famotidine,539.2578341
famotidine,8167941.375
famotidine,31305.96179
famotidine,27193.12953
famotidine,2351135.783
famotidine,6139712.29
famotidine,5433.297602
famotidine,2240.011213
famotidine,770336.3202
famotidine,37420.24347
famotidine,2557296.088
famotidine,204.1273448
famotidine,3994452.63
famotidine,6504659.634
famotidine,10422399.77
famotidine,11081978.26
famotidine,104374.0249
famotidine,98.78214467
famotidine,13198175.86
famotidine,279.364603
famotidine,29035896.73
famotidine,19751782.25
famotidine,990765.7384
famotidine,1091180.351
famotidine,8399.516763
famotidine,116.6156353
fanapt,89473259.97
fanapt,88281357.92
fareston,80941.38057
fareston,80773.59521
farxiga,356180899.4
farxiga,1915262871.0
fasenra,60582227.56
fasenra,69688581.57
fasenra pen,133304991.5
fasenra pen,155641247.8
faslodex,290841.4238
faslodex,287422.1123
febuxostat,63875731.65
febuxostat,166416.318
febuxostat,463583.2723
febuxostat,9707948.726
febuxostat,6358324.857
febuxostat,599706.9989
febuxostat,17822579.6
febuxostat,4307851.042
febuxostat,848632.676
febuxostat,910980.5796
febuxostat,129225.7167
febuxostat,15085407.94
felbamate,11821371.78
felbamate,369020.1852
felbamate,2481.163214
felbamate,3339113.607
felbamate,485282.1158
felbamate,1472008.315
felbamate,48000.10749
felbamate,9552.85967
felbamate,1876692.407
felbamate,3610433.603
felbamate,262282.1659
felbatol,7582404.695
felbatol,7476133.788
feldene,25316.69186
feldene,25191.80077
felodipine er,13442215.03
felodipine er,4349.161067
felodipine er,462221.6893
felodipine er,5598269.056
felodipine er,1777519.554
felodipine er,3979.342171
felodipine er,277061.18
felodipine er,68602.52959
felodipine er,4841950.88
felodipine er,3937.660169
felodipine er,171010.1697
felodipine er,216189.8741
felodipine er,1774.211136
femara,1315622.132
femara,1340325.185
femring,6823589.237
femring,6834853.205
femynor,3306.78894
femynor,3308.861877
fenofibrate,74964760.6
fenofibrate,251452.4445
fenofibrate,439914.2557
fenofibrate,465697.6754
fenofibrate,1787.702381
fenofibrate,94302.00591
fenofibrate,9133383.03
fenofibrate,4728855.884
fenofibrate,18215155.59
fenofibrate,70315.97324
fenofibrate,6468.382709
fenofibrate,470581.9188
fenofibrate,99994.0425
fenofibrate,5335.751368
fenofibrate,242164.8225
fenofibrate,2771524.55
fenofibrate,11295537.04
fenofibrate,2588.673503
fenofibrate,88356.15786
fenofibrate,26511160.97
fenofibrate,71909801.91
fenofibrate,25734.3874
fenofibrate,2109694.202
fenofibrate,6487284.667
fenofibrate,845623.6441
fenofibrate,36499.11998
fenofibrate,14426961.7
fenofibrate,5118.545615
fenofibrate,11071683.4
fenofibrate,641365.0118
fenofibrate,183.622151
fenofibrate,7814109.889
fenofibrate,13514276.65
fenofibrate,13661.58318
fenofibrate,17260413.85
fenofibrate,22520024.21
fenofibrate,30828.79769
fenofibrate,3012100.021
fenofibrate,624764.3487
fenofibrate,730078.1415
fenofibrate,24818.01993
fenofibrate,1051843.98
fenofibrate,2598902.907
fenofibrate,2250.313328
fenofibrate,244437.0289
fenofibrate,22648.88164
fenofibrate,723307.9334
fenofibrate,1162840.482
fenofibrate,158430.2884
fenofibrate,6543150.321
fenofibrate,7294730.783
fenofibric acid,13737662.03
fenofibric acid,32096.19512
fenofibric acid,219135.7596
fenofibric acid,5904.814514
fenofibric acid,720414.1544
fenofibric acid,16150.7076
fenofibric acid,2321781.8
fenofibric acid,471137.8687
fenofibric acid,3373829.959
fenofibric acid,2229879.432
fenofibric acid,3333406.354
fenoprofen calcium,265287.5313
fenoprofen calcium,181314.1042
fenoprofen calcium,73671.17779
fentanyl,101551886.3
fentanyl,8154359.056
fentanyl,61553776.39
fentanyl,3829093.607
fentanyl,1106040.058
fentanyl,26960378.23
fentanyl citrate,1996299.636
fentanyl citrate,1393586.58
fentanyl citrate,769117.1393
fentanyl citrate,69512.67963
fentanyl citrate,70289.15138
fentanyl citrate,31549.54763
fentanyl citrate,40971.92316
fentora,1190902.573
fentora,1193070.345
ferriprox,3064603.286
ferriprox,3722389.549
ferriprox (2 times a day),22754800.36
ferriprox (2 times a day),28710194.45
ferriprox (3 times a day),3794782.877
ferriprox (3 times a day),5565443.787
fesoterodine fumarate er,30539108.23
fesoterodine fumarate er,6628271.502
fesoterodine fumarate er,6156156.084
fesoterodine fumarate er,9063671.599
fesoterodine fumarate er,9619657.367
fesoterodine fumarate er,44219.24547
fesoterodine fumarate er,188536.6851
fetroja,3970129.77
fetroja,4747650.619
fetzima,32352914.56
fetzima,32012880.01
fiasp,23235879.04
fiasp,22947382.71
fiasp flextouch,91742532.44
fiasp flextouch,97988004.38
fiasp penfill,1594409.221
fiasp penfill,1628647.385
fiasp pumpcart,13783.31986
fiasp pumpcart,13706.21033
filspari,3919643.565
filspari,4185459.658
finacea,2633189.741
finacea,2644869.903
finasteride,94638129.7
finasteride,5975031.15
finasteride,166.7534815
finasteride,2575796.956
finasteride,1033685.356
finasteride,90584.69439
finasteride,10003298.76
finasteride,69084.13346
finasteride,125490.2466
finasteride,18166887.22
finasteride,405.3038457
finasteride,37419275.01
finasteride,25591451.39
finasteride,6621971.791
finasteride,1011.055571
fingolimod,119086224.8
fingolimod,5733308.764
fingolimod,1123701.417
fingolimod,13803896.01
fingolimod,41947000.31
fingolimod,2533424.183
fingolimod,24831270.92
fingolimod,5476512.236
fingolimod,492983.4111
fingolimod,6239743.132
fingolimod,8076197.743
fintepla,15934684.11
fintepla,17372361.56
finzala,17330.61746
finzala,17265.09571
fioricet,959356.5616
fioricet,956689.6153
fioricet with codeine,301359.3942
fioricet with codeine,296074.338
firazyr,37009366.9
firazyr,56144225.76
firdapse,84723514.87
firdapse,149516739.9
firmagon,1152737.45
firmagon,1143878.558
firvanq,1265837.404
firvanq,11670.78168
firvanq,1266615.497
flac otic oil,2037.57462
flac otic oil,2032.160335
flarex,4118683.264
flarex,42096.0154
flarex,3817273.105
flavoxate hcl,527099.8279
flavoxate hcl,366762.8857
flavoxate hcl,123448.3719
flecainide acetate,70483728.39
flecainide acetate,13885860.12
flecainide acetate,326251.144
flecainide acetate,4104585.179
flecainide acetate,1386204.778
flecainide acetate,5143118.061
flecainide acetate,27787156.04
flecainide acetate,19540063.08
flector,2325343.902
flector,2346966.227
fleqsuvy,836581.3405
fleqsuvy,841243.5733
flexbumin,45964.93623
flexbumin,45869.62688
flolan,485111.7955
flolan,478142.4401
flolipid,5833.859911
flolipid,5809.03909
flomax,2379581.259
flomax,2400567.801
flovent diskus,48081608.29
flovent diskus,47504730.35
flovent hfa,164053909.9
flovent hfa,275409969.7
fluconazole,44454731.47
fluconazole,8511326.634
fluconazole,9987660.636
fluconazole,6535224.16
fluconazole,41788.23084
fluconazole,387.1410816
fluconazole,45610.37983
fluconazole,310.1646269
fluconazole,515917.5175
fluconazole,7254342.156
fluconazole,4575794.754
fluconazole,58424.09479
fluconazole,2120204.459
fluconazole,156.0901612
fluconazole,1968020.506
fluconazole,94.04608366
fluconazole,3716.182226
fluconazole-nacl,111830.359
fluconazole-nacl,2599.979928
fluconazole-nacl,79015.96696
fluconazole-nacl,8378.541766
fluconazole-nacl,4962.763462
fluconazole-nacl,16238.45285
flucytosine,17630318.25
flucytosine,62982.08615
flucytosine,59476.7186
flucytosine,749315.7461
flucytosine,13568640.11
flucytosine,3461339.918
fludrocortisone acetate,12850109.8
fludrocortisone acetate,4386286.132
fludrocortisone acetate,2407608.691
fludrocortisone acetate,92075.48108
fludrocortisone acetate,8443.712162
fludrocortisone acetate,508.8081783
fludrocortisone acetate,5392361.26
fludrocortisone acetate,138.3968194
flumazenil,63595.23546
flumazenil,33680.89997
flumazenil,265.6440621
flumazenil,6573.479468
flumazenil,24734.37028
flunisolide,4161620.341
flunisolide,364461.8671
flunisolide,3713388.165
fluocinolone acetonide,9312949.522
fluocinolone acetonide,2291554.008
fluocinolone acetonide,15649.04918
fluocinolone acetonide,1453678.775
fluocinolone acetonide,114256.7939
fluocinolone acetonide,5691.295313
fluocinolone acetonide,22146.77045
fluocinolone acetonide,46774.45958
fluocinolone acetonide,194599.8362
fluocinolone acetonide,1495.293565
fluocinolone acetonide,399771.3268
fluocinolone acetonide,2645258.748
fluocinolone acetonide,2511035.59
fluocinolone acetonide,514.7851591
fluocinolone acetonide,27373.21448
fluocinolone acetonide,5462129.441
fluocinolone acetonide,2466629.974
fluocinolone acetonide,10495.8432
fluocinolone acetonide,2344370.65
fluocinolone acetonide,468564.2211
fluocinolone acetonide,102656.4429
fluocinolone acetonide,51362.12013
fluocinolone acetonide oil,11444745.39
fluocinolone acetonide oil,39732.38577
fluocinolone acetonide oil,6284706.224
fluocinolone acetonide oil,17026.41025
fluocinolone acetonide oil,4750153.45
fluocinolone acetonide oil,191179.6728
fluocinolone acetonide oil,119210.6683
fluocinonide,49921512.5
fluocinonide,2771016.603
fluocinonide,1826841.825
fluocinonide,48220.05339
fluocinonide,6498953.73
fluocinonide,19064.04374
fluocinonide,56659.84815
fluocinonide,38480.98488
fluocinonide,371979.8484
fluocinonide,1326857.695
fluocinonide,2287446.505
fluocinonide,14336171.51
fluocinonide,2166.819621
fluocinonide,1887227.76
fluocinonide,267726.0511
fluocinonide,412178.5945
fluocinonide,4905414.146
fluocinonide,2015432.249
fluocinonide,7507454.888
fluocinonide,437576.472
fluocinonide-e,985986.0525
fluocinonide-e,272164.0145
fluocinonide-e,229736.7032
fluocinonide-e,464349.7553
fluoride,5574.946308
fluoride,5667.559733
fluoridex,581403.7247
fluoridex,581186.7581
fluorometholone,26746656.59
fluorometholone,26955380.25
fluorouracil,54673549.75
fluorouracil,24894.98824
fluorouracil,3122.121963
fluorouracil,23631574.81
fluorouracil,3612297.943
fluorouracil,7199367.019
fluorouracil,4810429.558
fluorouracil,1253.636152
fluorouracil,691.4058116
fluorouracil,15035.99991
fluorouracil,31332.41113
fluorouracil,8560.974736
fluorouracil,1655.866829
fluorouracil,3277.816844
fluorouracil,11672440.11
fluoxetine dr,1316760.659
fluoxetine dr,1319353.736
fluoxetine hcl,91143136.52
fluoxetine hcl,8375.902779
fluoxetine hcl,93555.41328
fluoxetine hcl,874794.4792
fluoxetine hcl,251712.9283
fluoxetine hcl,5338521.541
fluoxetine hcl,26062154.23
fluoxetine hcl,111834.6622
fluoxetine hcl,600029.7984
fluoxetine hcl,5917814.694
fluoxetine hcl,31629.18316
fluoxetine hcl,9614.44871
fluoxetine hcl,67.16952121
fluoxetine hcl,60364.29665
fluoxetine hcl,1070410.972
fluoxetine hcl,874743.434
fluoxetine hcl,1051467.256
fluoxetine hcl,1727.63717
fluoxetine hcl,7600677.685
fluoxetine hcl,802126.6018
fluoxetine hcl,32722.62237
fluoxetine hcl,814502.3738
fluoxetine hcl,1521207.318
fluoxetine hcl,5194588.296
fluoxetine hcl,6115.153309
fluoxetine hcl,4370480.402
fluoxetine hcl,185.2896768
fluoxetine hcl,2443857.664
fluoxetine hcl,41551292.94
fluoxetine hcl,8047.375891
fluoxetine hcl,135381.0577
fluoxetine hcl,3193432.325
fluphenazine decanoate,9640998.888
fluphenazine decanoate,1427885.329
fluphenazine decanoate,25042.42437
fluphenazine decanoate,694557.5692
fluphenazine decanoate,3098788.221
fluphenazine decanoate,3107943.671
fluphenazine decanoate,371267.7491
fluphenazine hcl,45246049.6
fluphenazine hcl,830462.3991
fluphenazine hcl,297130.472
fluphenazine hcl,2968187.051
fluphenazine hcl,6995155.98
fluphenazine hcl,1975655.102
fluphenazine hcl,258206.0907
fluphenazine hcl,8701525.496
fluphenazine hcl,6521461.154
fluphenazine hcl,120009.8509
fluphenazine hcl,328142.1592
fluphenazine hcl,10481291.51
fluphenazine hcl,10705.9079
fluphenazine hcl,131076.0071
fluphenazine hcl,67919.061
fluphenazine hcl,1448060.856
fluphenazine hcl,7028195.086
flurandrenolide,129297.2876
flurandrenolide,129873.0918
flurazepam hcl,364.6969828
flurazepam hcl,365.0538241
flurbiprofen,860154.6965
flurbiprofen,860624.6478
flurbiprofen sodium,654473.9651
flurbiprofen sodium,655430.4325
fluticasone propionate hfa,26848462.47
fluticasone propionate hfa,26929508.11
fluticasone propionate,176437795.9
fluticasone propionate,55373032.57
fluticasone propionate,177908.4952
fluticasone propionate,413929.2511
fluticasone propionate,843665.8169
fluticasone propionate,1490289.827
fluticasone propionate,6410275.355
fluticasone propionate,1095.252071
fluticasone propionate,42215.34203
fluticasone propionate,269458.4743
fluticasone propionate,84499820.89
fluticasone propionate,660633.8291
fluticasone-salmeterol,263580537.7
fluticasone-salmeterol,224457805.8
fluticasone-salmeterol,57697980.86
fluticasone-salmeterol,195779896.5
fluticasone-salmeterol hfa,7961738.081
fluticasone-salmeterol hfa,7918581.678
fluticasone-vilanterol,46218663.1
fluticasone-vilanterol,46779500.43
fluvastatin er,4442976.513
fluvastatin er,16205.52517
fluvastatin er,1810077.623
fluvastatin er,2863790.519
fluvastatin sodium,4470046.242
fluvastatin sodium,1446264.454
fluvastatin sodium,3115667.386
fluvoxamine maleate,18097219.95
fluvoxamine maleate,2838837.248
fluvoxamine maleate,6760178.594
fluvoxamine maleate,8331141.733
fluvoxamine maleate er,8533067.998
fluvoxamine maleate er,4816901.57
fluvoxamine maleate er,3989773.923
fml,240649.932
fml,239393.5284
fml forte,877297.2188
fml forte,871803.9787
focalin,92217.27852
focalin,92157.29169
focalin xr,1864499.34
focalin xr,1872934.249
folic acid,4350192.503
folic acid,768307.0653
folic acid,2958.14817
folic acid,42297.57392
folic acid,56493.32829
folic acid,1072.191777
folic acid,1307.534106
folic acid,1237572.434
folic acid,3269.323166
folic acid,5113.235837
folic acid,212188.8006
folic acid,678.3681064
folic acid,700485.7402
folic acid,2052.726137
folivane-ob,3414.097467
folivane-ob,3408.749685
fondaparinux sodium,20305261.51
fondaparinux sodium,115482.9434
fondaparinux sodium,333211.7896
fondaparinux sodium,4863167.143
fondaparinux sodium,11392331.23
fondaparinux sodium,2986508.538
forfivo xl,415430.7568
forfivo xl,419538.4788
formoterol fumarate,6155426.259
formoterol fumarate,709064.3409
formoterol fumarate,2534524.247
formoterol fumarate,828534.3794
formoterol fumarate,324228.2474
formoterol fumarate,156326.4316
formoterol fumarate,1917433.742
forteo,182971466.7
forteo,322682315.3
fortesta,20006.58712
fortesta,19963.62491
fosamax,451826.7486
fosamax,452528.9963
fosamax plus d,644195.2124
fosamax plus d,644799.7909
fosamprenavir calcium,1580163.031
fosamprenavir calcium,585668.8966
fosamprenavir calcium,1261538.331
fosaprepitant dimeglumine,536545.3065
fosaprepitant dimeglumine,3711.374993
fosaprepitant dimeglumine,171431.7774
fosaprepitant dimeglumine,12484.77724
fosaprepitant dimeglumine,7960.555518
fosaprepitant dimeglumine,5156.194009
fosaprepitant dimeglumine,6693.014678
fosaprepitant dimeglumine,30361.79023
fosaprepitant dimeglumine,45854.56121
fosaprepitant dimeglumine,57890.52605
fosaprepitant dimeglumine,55012.68889
fosaprepitant dimeglumine,89483.29237
fosaprepitant dimeglumine,4226.91327
fosaprepitant dimeglumine,953.3992121
fosaprepitant dimeglumine,12779.44984
fosaprepitant dimeglumine,44198.78477
fosfomycin tromethamine,18305398.74
fosfomycin tromethamine,10435669.45
fosfomycin tromethamine,5294641.747
fosfomycin tromethamine,1810965.532
fosinopril sodium,5457149.427
fosinopril sodium,3645963.78
fosinopril sodium,29196.23392
fosinopril sodium,2115108.371
fosinopril sodium,1731.686517
fosinopril sodium,2797.41604
fosinopril-hydrochlorothiazide,906628.3765
fosinopril-hydrochlorothiazide,4217.063552
fosinopril-hydrochlorothiazide,264243.3969
fosinopril-hydrochlorothiazide,653666.9047
fosphenytoin sodium,1309.42784
fosphenytoin sodium,1303.003092
fosrenol,5439561.589
fosrenol,5456744.518
fotivda,88783339.15
fotivda,113045949.8
fragmin,2118731.793
fragmin,2090832.808
freestyle libre 3 sensor,6939.814972
freestyle libre 3 sensor,6923.586901
frova,341303.3032
frova,336720.9516
frovatriptan succinate,3342263.258
frovatriptan succinate,556285.4041
frovatriptan succinate,1164329.255
frovatriptan succinate,435246.8735
frovatriptan succinate,1225993.309
fruzaqla,3613114.202
fruzaqla,3699300.904
fulphila,10661817.4
fulphila,9929821.129
fulphila,714637.703
fulvestrant,5863984.286
fulvestrant,11587.80849
fulvestrant,643150.5961
fulvestrant,434369.2328
fulvestrant,26247.47543
fulvestrant,13424.80687
fulvestrant,13453.86335
fulvestrant,66826.97713
fulvestrant,630056.207
fulvestrant,38524.29879
fulvestrant,2286304.309
fulvestrant,55750.92147
fulvestrant,130313.9826
fulvestrant,1858007.689
fulvestrant,668898.6
fulvestrant,50241.93856
furoscix,7000320.89
furoscix,6927251.47
furosemide,114880520.3
furosemide,1921.675595
furosemide,17448379.82
furosemide,30531644.94
furosemide,13978852.94
furosemide,26627289.14
furosemide,51764.38797
furosemide,122332.6113
furosemide,771973.7225
furosemide,1446.575074
furosemide,4484.098987
furosemide,27563.91496
furosemide,33466.80031
furosemide,4731.610967
furosemide,60428649.33
furosemide,52573.69689
furosemide,10833.49114
furosemide,3469.517243
furosemide,16143.95338
furosemide,62660.1243
furosemide,35264.09842
furosemide,21574.11644
furosemide,33249.95557
furosemide,13537.54663
furosemide,11853.67283
furosemide,165.046898
furosemide,7912.918361
fuzeon,1010532.179
fuzeon,1003430.727
fyavolv,773970.4461
fycompa,70842723.26
fycompa,71151269.34
fylnetra,100862.1235
fylnetra,99676.11221
gabapentin,450101177.9
gabapentin,1764.627009
gabapentin,5422580.523
gabapentin,18133463.69
gabapentin,1024451.541
gabapentin,738210.6406
gabapentin,1135.287918
gabapentin,140747385.8
gabapentin,23661314.16
gabapentin,95137.02252
gabapentin,58963913.8
gabapentin,28378.45444
gabapentin,32695.81901
gabapentin,170453.8846
gabapentin,4320.579759
gabapentin,38155.1863
gabapentin,17646.86275
gabapentin,890693.6453
gabapentin,7842416.027
gabapentin,52450934.22
gabapentin,191493.4992
gabapentin,6396.766878
gabapentin,37781468.79
gabapentin,1921310.74
gabapentin,16405137.5
gabapentin,13312624.49
gabapentin,12936.10802
gabapentin,343.5428304
gabapentin,618816.5658
gabapentin,58657594.01
gabapentin,82458749.29
gabapentin,87433938.72
gabapentin,88.50407699
gabapentin,58580.14945
gabapentin,61947426.27
gabapentin,25203141.9
gabapentin,2629191.641
gabapentin,2432.079103
gabitril,752710.0364
gabitril,749760.9782
gablofen,101181.2995
gablofen,101028.4075
galafold,25276011.2
galafold,33328400.38
galantamine er,12748703.68
galantamine er,4456870.764
galantamine er,77336.79955
galantamine er,1039.260799
galantamine er,8356038.151
galantamine hbr,9270083.876
galantamine hbr,1360.812536
galantamine hbr,1871211.487
galantamine hbr,3574677.713
galantamine hbr,5154.079956
galantamine hbr,3514368.784
galantamine hydrobromide,308494.2491
galantamine hydrobromide,309680.6044
gamastan,209532.6047
gamastan,209758.0109
gamifant,1226615.384
gamifant,1206175.255
gammagard liquid,186658621.7
gammagard liquid,436364556.7
gammagard s-d,9585618.995
gammagard s-d,8856926.557
gammaked,157586481.6
gammaked,220575527.0
gammaplex,243626021.9
gammaplex,294945398.0
gammaplex,6096884.044
gammaplex,4871478.384
gamunex-c,185791589.5
gamunex-c,332619760.8
ganciclovir sodium,55819.70111
ganciclovir sodium,10356.05397
ganciclovir sodium,27762.46577
ganciclovir sodium,21856.43986
gardasil 9,2127798.059
gardasil 9,2121319.475
gastrocrom,678764.7091
gastrocrom,676349.0025
gatifloxacin,2452979.482
gatifloxacin,1382170.991
gatifloxacin,13726.05753
gatifloxacin,373788.0367
gatifloxacin,683851.307
gattex,144659271.1
gattex,270403756.9
gauze bandage,595.1867107
gauze bandage,606.5518915
gauze pad,889.8461966
gauze pad,515.005377
gauze pad,341.9999929
gauze pads,3094.097186
gauze pads,2849.943966
gauze pads,89.27274668
gauze pads,113.6186914
gavilyte-c,7150323.096
gavilyte-c,7179747.509
gavilyte-g,13401297.75
gavilyte-g,13658810.84
gavilyte-n,23303.3707
gavilyte-n,23378.211
gavreto,12536306.09
gavreto,11783661.87
gazyva,5539323.476
gazyva,5676186.122
gefitinib,1150268.815
gefitinib,1141753.661
gefitinib,102465.076
gelnique,779051.6059
gelnique,774888.7782
gemcitabine hcl,658214.1214
gemcitabine hcl,63483.20165
gemcitabine hcl,17082.77042
gemcitabine hcl,5823.468487
gemcitabine hcl,43507.5071
gemcitabine hcl,176541.8448
gemcitabine hcl,2602.809268
gemcitabine hcl,74691.9383
gemcitabine hcl,247421.1217
gemcitabine hcl,6239.449313
gemcitabine hcl,429.015509
gemfibrozil,20867860.43
gemfibrozil,2471.416869
gemfibrozil,394768.7616
gemfibrozil,14255.12793
gemfibrozil,1930733.415
gemfibrozil,7965.945859
gemfibrozil,52102.59713
gemfibrozil,154255.5243
gemfibrozil,10617386.63
gemfibrozil,4875493.739
gemfibrozil,1945694.14
gemfibrozil,83.23290722
gemmily,12140.24814
gemmily,12390.95809
gemtesa,175571073.5
gemtesa,324031805.0
generlac,72534.91567
generlac,72480.04194
gengraf,1025186.026
gengraf,1030836.042
genotropin,30354177.96
genotropin,29646044.99
gentak,1987.565761
gentak,1993.473936
gentamicin sulfate,34600.47926
gentamicin sulfate,265.5924723
gentamicin sulfate,32763.24653
gentamicin sulfate in ns,32345.37011
gentamicin sulfate in ns,32346.98169
gentamicin sulfate,12475646.39
gentamicin sulfate,32835.82764
gentamicin sulfate,741595.6472
gentamicin sulfate,4417444.523
gentamicin sulfate,54890.10151
gentamicin sulfate,45593.28156
gentamicin sulfate,1475.600454
gentamicin sulfate,9321.92561
gentamicin sulfate,63662.68989
gentamicin sulfate,988384.9592
gentamicin sulfate,6488646.934
gentamicin sulfate,681527.1612
gentamicin sulfate,4164.502381
genvoya,249403233.6
genvoya,437838630.2
geodon,5664768.939
geodon,1734126.593
geodon,4308132.529
geodon,21404.25014
geodon,21325.4016
gilenya,100306670.5
gilenya,125245281.4
gilotrif,50664159.98
gilotrif,47927462.68
gimoti,3182456.977
gimoti,3190940.591
givlaari,8138984.986
givlaari,17462614.4
glassia,57283120.32
glassia,63141434.2
glatiramer acetate,104575353.5
glatiramer acetate,112641847.4
glatopa,62577739.09
glatopa,79887527.28
gleevec,69521851.75
gleevec,71191036.07
gleostine,3035282.009
gleostine,3062025.157
glimepiride,71074158.29
glimepiride,18497.57026
glimepiride,4097796.265
glimepiride,5597878.169
glimepiride,2926311.053
glimepiride,1904.182129
glimepiride,384.6835813
glimepiride,168.3661877
glimepiride,38562431.45
glimepiride,2505826.949
glimepiride,1350374.556
glimepiride,4321745.929
glimepiride,356.0625629
glipizide,50223111.97
glipizide,63123.144
glipizide,155211.9676
glipizide,4275.902227
glipizide,2705135.946
glipizide,31047546.94
glipizide,566428.0733
glipizide,15843988.22
glipizide,62237.08198
glipizide er,73257238.8
glipizide er,7615.406293
glipizide er,28551898.73
glipizide er,33092.85257
glipizide er,6236157.321
glipizide er,26942820.87
glipizide er,4123352.442
glipizide er,807.5652818
glipizide xl,1975364.903
glipizide xl,1979870.107
glipizide-metformin,19206994.48
glipizide-metformin,9122442.027
glipizide-metformin,2131182.857
glipizide-metformin,6434133.383
glucagen,5069729.983
glucagen,5080886.218
glucagon emergency kit,18932428.82
glucagon emergency kit,2124677.743
glucagon emergency kit,17681933.06
glucagon emergency kit,1201541.571
glucagon emergency kit,1201274.099
glucotrol xl,94800.44283
glucotrol xl,94750.00276
glumetza,39959407.59
glumetza,39718600.94
glyburide,4831696.73
glyburide,3275523.549
glyburide,1426.633911
glyburide,415501.3061
glyburide,852.6755619
glyburide,1137576.217
glyburide micronized,210501.2442
glyburide micronized,211489.3057
glyburide-metformin hcl,1418862.379
glyburide-metformin hcl,448057.277
glyburide-metformin hcl,960920.9267
glycate,25347.41608
glycate,25255.23677
glycopyrrolate,11654661.16
glycopyrrolate,5331.271232
glycopyrrolate,3895.563119
glycopyrrolate,185316.443
glycopyrrolate,1502.85871
glycopyrrolate,3504.443461
glycopyrrolate,783.010392
glycopyrrolate,864395.4866
glycopyrrolate,273786.2931
glycopyrrolate,2409.959144
glycopyrrolate,478588.6908
glycopyrrolate,2697416.559
glycopyrrolate,5612.016283
glycopyrrolate,5983.159129
glycopyrrolate,14290.22886
glycopyrrolate,1438353.507
glycopyrrolate,2171.817804
glycopyrrolate,898950.7743
glycopyrrolate,2255.236768
glycopyrrolate,7049.578678
glycopyrrolate,572824.1103
glycopyrrolate,2665.289352
glycopyrrolate,4390185.325
glycopyrrolate,91620.82992
glycopyrrolate,11361.89839
glycopyrrolate,3387.837094
glydo,361751.7245
glydo,360933.6126
glynase,17457.25614
glynase,17316.71837
glyxambi,107168682.7
glyxambi,116393056.2
gocovri,85673504.86
gocovri,83534565.43
golytely,270887.3906
golytely,273702.3074
gralise,23440946.99
gralise,64083.89689
gralise,23588091.4
granisetron hcl,81278.43314
granisetron hcl,38264.70635
granisetron hcl,37317.92795
granisetron hcl,958327.9358
granisetron hcl,20128.42359
granisetron hcl,189439.2251
granisetron hcl,3185.96277
granisetron hcl,380160.4798
granisetron hcl,338426.3829
granisetron hcl,833.4030972
granisetron hcl,4936.221578
granix,2194302.893
granix,2180045.164
grastek,315888.6062
grastek,316295.5781
griseofulvin,1257070.0
griseofulvin,775936.8033
griseofulvin,484261.809
griseofulvin,6337.260538
griseofulvin,19232.38532
griseofulvin,4513.015801
griseofulvin,57696.72501
griseofulvin,7058.324813
griseofulvin,26002.28954
griseofulvin ultramicrosize,749948.6119
griseofulvin ultramicrosize,137207.64
griseofulvin ultramicrosize,54049.60429
griseofulvin ultramicrosize,5065.323422
griseofulvin ultramicrosize,21823.1406
griseofulvin ultramicrosize,18646.64261
griseofulvin ultramicrosize,471714.2456
guanfacine hcl,4668933.657
guanfacine hcl,1647612.908
guanfacine hcl,330444.799
guanfacine hcl,228494.9366
guanfacine hcl,1328.892503
guanfacine hcl,1799677.674
guanfacine hcl,48232.52267
guanfacine hcl,574796.5897
guanfacine hcl er,5651559.88
guanfacine hcl er,767631.3474
guanfacine hcl er,980843.4756
guanfacine hcl er,172840.2789
guanfacine hcl er,315462.2913
guanfacine hcl er,1911552.126
guanfacine hcl er,1869.443677
guanfacine hcl er,1538042.968
gvoke,666886.4472
gvoke,666404.8182
gvoke hypopen 1-pack,9905212.555
gvoke hypopen 1-pack,9977117.085
gvoke hypopen 2-pack,29138574.34
gvoke hypopen 2-pack,28867955.11
gvoke pfs 1-pack syringe,3045704.722
gvoke pfs 1-pack syringe,3047769.38
gvoke pfs 2-pack syringe,1526065.993
gvoke pfs 2-pack syringe,1541370.924
gynazole 1,57412.4872
gynazole 1,57475.67099
hadlima,14904.81423
hadlima,14848.13414
hadlima(cf),42577.39252
hadlima(cf),42621.83607
hadlima(cf) pushtouch,221512.0195
hadlima(cf) pushtouch,221320.0028
haegarda,66313572.91
haegarda,85386291.0
hailey,94952.40768
hailey,95190.42165
hailey 24 fe,137523.8498
hailey 24 fe,137983.2835
hailey fe,124302.6817
hailey fe,124703.7422
halaven,581891.4258
halaven,576351.9857
halcinonide,1023858.597
halcinonide,166294.9194
halcinonide,51287.48585
halcinonide,765271.37
halcion,45347.33115
halcion,44970.49165
haldol decanoate 100,1385.574811
haldol decanoate 100,1391.900515
haldol decanoate 50,5026.383076
haldol decanoate 50,5034.725724
halobetasol propionate,17911950.59
halobetasol propionate,17307.86604
halobetasol propionate,33690.79238
halobetasol propionate,1525605.598
halobetasol propionate,5606047.408
halobetasol propionate,1058.740503
halobetasol propionate,136353.4185
halobetasol propionate,3007944.837
halobetasol propionate,7848259.065
haloette,81876.50217
haloette,82037.80208
halog,84065.48695
halog,84061.26975
haloperidol,28716715.8
haloperidol,9371294.595
haloperidol,8788295.856
haloperidol,55032.79023
haloperidol,86959.17357
haloperidol,4077657.558
haloperidol,1733243.178
haloperidol,1531.792714
haloperidol,31333.72344
haloperidol,186496.4803
haloperidol,304928.3619
haloperidol,6413635.576
haloperidol,4454.108725
haloperidol decanoate,17470308.49
haloperidol decanoate,99227.31543
haloperidol decanoate,3533.033083
haloperidol decanoate,54259.9561
haloperidol decanoate,3268415.929
haloperidol decanoate,6924339.764
haloperidol decanoate,805394.5101
haloperidol decanoate,133892.5711
haloperidol decanoate,2806891.161
haloperidol decanoate,951119.9497
haloperidol decanoate,252804.1831
haloperidol decanoate,14482.25663
haloperidol decanoate,289766.9433
haloperidol decanoate,795983.2738
haloperidol decanoate 100,671458.6909
haloperidol decanoate 100,670076.3327
haloperidol lactate,1851985.06
haloperidol lactate,2221.725225
haloperidol lactate,94.14624881
haloperidol lactate,619999.4354
haloperidol lactate,17235.69249
haloperidol lactate,780100.3736
haloperidol lactate,147995.3751
haloperidol lactate,18099.17063
haloperidol lactate,236080.391
haloperidol lactate,25019.00015
harvoni,51874173.61
harvoni,59278563.63
havrix,4946368.536
havrix,4947434.7
healthwise insulin syringe,1872.18526
healthwise insulin syringe,1886.503496
healthwise insulin syringe,2958.550894
healthwise insulin syringe,2996.442702
healthwise insulin syringe,4688.825286
healthwise insulin syringe,4697.621712
healthwise pen needle,20852.53483
healthwise pen needle,20979.26178
healthy accents unifine pentip,403.8688282
healthy accents unifine pentip,404.9630797
heather,187397.1552
heather,187540.9397
hemady,150160.0145
hemangeol,15021.29151
hemangeol,14925.15472
heparin sodium,2918779.962
heparin sodium,41723.56077
heparin sodium,6369.031805
heparin sodium,40513.53209
heparin sodium,29070.31239
heparin sodium,38358.8367
heparin sodium,272529.8694
heparin sodium,619446.5812
heparin sodium,496499.3458
heparin sodium,1117649.824
heparin sodium,1898.334037
heparin sodium,125790.2712
heparin sodium,10163.34027
heparin sodium in 0.45% nacl,668.9055705
heparin sodium in 0.45% nacl,669.043261
heparin sodium,37165.57399
heparin sodium,7361.805582
heparin sodium,1351.463363
heparin sodium,8294.699445
heparin sodium,3571.701473
heparin sodium,14029.86904
heparin sodium,2647.571537
heparin sodium,1516.746414
heplisav-b,805920.8066
herceptin,4181771.259
herceptin,4723113.257
herceptin hylecta,515581.0044
herceptin hylecta,516965.1389
herzuma,98948.02178
herzuma,97996.53101
hetlioz,79648055.16
hetlioz,104031232.8
hetlioz lq,774167.0474
hetlioz lq,761433.5463
hiberix,21971.12109
hiberix,22123.2809
hizentra,144647635.1
hizentra,174563045.5
horizant,37060370.16
horizant,36219229.41
humalog,203169682.4
humalog,353034592.0
humalog junior kwikpen,9804887.426
humalog junior kwikpen,9840444.371
humalog kwikpen u-100,219409363.4
humalog kwikpen u-100,738318035.8
humalog kwikpen u-200,140726157.7
humalog kwikpen u-200,218397435.2
humalog mix 50-50,6038996.26
humalog mix 50-50,6038605.75
humalog mix 50-50 kwikpen,20882862.43
humalog mix 50-50 kwikpen,20810195.85
humalog mix 75-25,56485126.58
humalog mix 75-25,55581518.07
humalog mix 75-25 kwikpen,130003027.8
humalog mix 75-25 kwikpen,202582725.9
humalog tempo pen u-100,199922.4406
humalog tempo pen u-100,200207.6996
humatin,411096.4431
humatin,408256.0889
humatrope,6435890.466
humatrope,6749655.144
humira,148070907.9
humira,239181301.9
humira pen,220739996.9
humira pen,605147009.9
humira pen crohn's-uc-hs,2432882.567
humira pen crohn's-uc-hs,2416958.407
humira pen psor-uveits-adol hs,3304605.0
humira pen psor-uveits-adol hs,3744392.096
humira(cf),172353876.6
humira(cf),339611725.7
humira(cf) pediatric crohn's,1004752.475
humira(cf) pediatric crohn's,1022354.815
humira(cf) pen,364443826.3
humira(cf) pen,1393338838.0
humira(cf) pen crohn's-uc-hs,59300118.58
humira(cf) pen crohn's-uc-hs,76183194.39
humira(cf) pen psor-uv-adol hs,24168902.09
humira(cf) pen psor-uv-adol hs,23417292.82
humulin 70-30,86051604.37
humulin 70-30,100208849.8
humulin 70/30 kwikpen,107764650.4
humulin 70/30 kwikpen,109829174.9
humulin n,96924401.07
humulin n,97807730.09
humulin n kwikpen,61976657.27
humulin n kwikpen,62697954.38
humulin r,46907744.86
humulin r,47450961.5
humulin r u-500,59215806.34
humulin r u-500,64100659.42
humulin r u-500 kwikpen,138965164.1
humulin r u-500 kwikpen,222972698.8
hycodan,224.4807128
hydralazine hcl,117310645.5
hydralazine hcl,17092980.84
hydralazine hcl,1615955.382
hydralazine hcl,1211381.807
hydralazine hcl,109244.9948
hydralazine hcl,4250.904425
hydralazine hcl,10933.66558
hydralazine hcl,69269.60183
hydralazine hcl,4327.456346
hydralazine hcl,17430.73967
hydralazine hcl,23232.22602
hydralazine hcl,18466.75148
hydralazine hcl,58766944.4
hydralazine hcl,33341755.57
hydralazine hcl,4932.948741
hydralazine hcl,1912.667877
hydrea,44004.07074
hydrea,10949.64138
hydrea,27829.83973
hydrochlorothiazide,93162256.28
hydrochlorothiazide,14370263.27
hydrochlorothiazide,15267092.51
hydrochlorothiazide,146798.1548
hydrochlorothiazide,15094776.16
hydrochlorothiazide,3344560.568
hydrochlorothiazide,879392.0558
hydrochlorothiazide,2463506.378
hydrochlorothiazide,15757564.1
hydrochlorothiazide,12464.37773
hydrochlorothiazide,3590.248111
hydrochlorothiazide,2705.896263
hydrochlorothiazide,220971.0597
hydrochlorothiazide,466.9193664
hydrochlorothiazide,8053488.169
hydrochlorothiazide,366217.1501
hydrochlorothiazide,17367169.55
hydrochlorothiazide,8269239.73
hydrochlorothiazide,399.3508859
hydrocodone bitartrate er,5307253.65
hydrocodone bitartrate er,5326012.795
hydrocodone-acetaminophen,378331712.4
hydrocodone-acetaminophen,3415486.547
hydrocodone-acetaminophen,39828253.33
hydrocodone-acetaminophen,380780.4046
hydrocodone-acetaminophen,144685.3508
hydrocodone-acetaminophen,502136.7754
hydrocodone-acetaminophen,20747.75899
hydrocodone-acetaminophen,2845666.209
hydrocodone-acetaminophen,1848.70437
hydrocodone-acetaminophen,266860851.8
hydrocodone-acetaminophen,330451.8368
hydrocodone-acetaminophen,18440154.21
hydrocodone-acetaminophen,1411833.012
hydrocodone-acetaminophen,255153.5555
hydrocodone-acetaminophen,5693957.39
hydrocodone-acetaminophen,487230.7018
hydrocodone-acetaminophen,369.2860442
hydrocodone-acetaminophen,514855.8868
hydrocodone-acetaminophen,29136555.47
hydrocodone-acetaminophen,12609.42713
hydrocodone-chlorpheniramne er,2271.075364
hydrocodone-chlorpheniramne er,2266.122702
hydrocodone-homatropine mbr,2153.245639
hydrocodone-homatropine mbr,287.72686
hydrocodone-homatropine mbr,1082.253613
hydrocodone-homatropine mbr,971.6918702
hydrocodone-ibuprofen,2350481.112
hydrocodone-ibuprofen,19493.24151
hydrocodone-ibuprofen,2263566.043
hydrocodone-ibuprofen,1886.29074
hydrocortisone acetate,901.0923281
hydrocortisone acetate,895.7567228
hydrocortisone butyrate,5469155.504
hydrocortisone butyrate,9738.41799
hydrocortisone butyrate,646103.0885
hydrocortisone butyrate,3885784.569
hydrocortisone butyrate,1007283.282
hydrocortisone butyrate,306782.124
hydrocortisone butyrate,295294.087
hydrocortisone butyrate,12983.88955
hydrocortisone valerate,2104853.958
hydrocortisone valerate,1119390.262
hydrocortisone valerate,56729.27705
hydrocortisone valerate,409755.36
hydrocortisone valerate,68128.9499
hydrocortisone valerate,24750.65377
hydrocortisone valerate,446487.55
hydrocortisone,38665465.35
hydrocortisone,2475352.23
hydrocortisone,13947688.71
hydrocortisone,865735.2971
hydrocortisone,3397139.286
hydrocortisone,7833.23669
hydrocortisone,3542398.472
hydrocortisone,4236037.582
hydrocortisone,1077439.028
hydrocortisone,21638.38288
hydrocortisone,45226.4137
hydrocortisone,14625054.69
hydrocortisone,3900373.05
hydrocortisone,699537.2495
hydrocortisone-acetic acid,3108268.262
hydrocortisone-acetic acid,2356211.379
hydrocortisone-acetic acid,828512.158
hydrocortisone-pramoxine,397551.725
hydrocortisone-pramoxine,398752.9181
hydromet,1241.992862
hydromet,1246.804954
hydromorphone er,7427340.172
hydromorphone er,3869626.802
hydromorphone er,3831976.142
hydromorphone hcl,163547.5607
hydromorphone hcl,13491.99033
hydromorphone hcl,56446.5897
hydromorphone hcl,38870.66471
hydromorphone hcl,36693.72044
hydromorphone hcl,9030.961533
hydromorphone hcl,14970030.07
hydromorphone hcl,625996.3577
hydromorphone hcl,3526391.008
hydromorphone hcl,10305.47268
hydromorphone hcl,11398819.12
hydromorphone hcl,21796.30931
hydromorphone hcl,48630.69804
hydromorphone hcl,5820.170403
hydromorphone hcl,1123.029446
hydroxychloroquine sulfate,126142406.5
hydroxychloroquine sulfate,53509471.57
hydroxychloroquine sulfate,173052.1395
hydroxychloroquine sulfate,89061.63891
hydroxychloroquine sulfate,550066.1338
hydroxychloroquine sulfate,19156959.41
hydroxychloroquine sulfate,3471804.571
hydroxychloroquine sulfate,11361302.39
hydroxychloroquine sulfate,35998.71551
hydroxychloroquine sulfate,3954.180694
hydroxychloroquine sulfate,24067.52468
hydroxychloroquine sulfate,39082447.56
hydroxychloroquine sulfate,154028.889
hydroxychloroquine sulfate,14813495.43
hydroxychloroquine sulfate,6600280.33
hydroxychloroquine sulfate,711.4841083
hydroxyprogesterone caproate,25178.62144
hydroxyprogesterone caproate,7479.948367
hydroxyprogesterone caproate,20097.42247
hydroxyurea,18788243.32
hydroxyurea,235523.4688
hydroxyurea,13686771.03
hydroxyurea,4447.779852
hydroxyurea,13325.65305
hydroxyurea,1961332.481
hydroxyurea,2795.986374
hydroxyzine hcl,74915965.58
hydroxyzine hcl,316334.1551
hydroxyzine hcl,23394634.56
hydroxyzine hcl,14970827.55
hydroxyzine hcl,135662.5421
hydroxyzine hcl,855.6669446
hydroxyzine hcl,26223.14289
hydroxyzine hcl,914658.1034
hydroxyzine hcl,12131578.2
hydroxyzine hcl,229799.5763
hydroxyzine hcl,26328022.8
hydroxyzine hcl,12826.3772
hydroxyzine hcl,259300.0382
hydroxyzine hcl,235.3660089
hydroxyzine pamoate,19170690.93
hydroxyzine pamoate,3604453.533
hydroxyzine pamoate,7494739.526
hydroxyzine pamoate,13374.32614
hydroxyzine pamoate,4379.606484
hydroxyzine pamoate,88.08377634
hydroxyzine pamoate,1723216.99
hydroxyzine pamoate,4381.932992
hydroxyzine pamoate,84.82849633
hydroxyzine pamoate,7881947.504
hydroxyzine pamoate,926.4708092
hyftor,932988.9779
hyftor,931072.1618
hyoscyamine sulfate er,2954.030378
hyoscyamine sulfate er,1113.178106
hyoscyamine sulfate er,2416.427657
hyoscyamine sulfate,1127127.817
hyoscyamine sulfate,13811.28065
hyoscyamine sulfate,60663.01748
hyoscyamine sulfate,19242.2657
hyoscyamine sulfate,16529.86601
hyoscyamine sulfate,672250.7024
hyoscyamine sulfate,340006.5214
hyqvia,20793373.23
hyqvia,19515622.52
hyrimoz(cf) pen,323166.3617
hyrimoz(cf) pen,318057.3165
hysingla er,24191170.15
hysingla er,23836595.55
hyzaar,1688667.814
hyzaar,1685634.708
iv prep wipes,637.4365942
iv prep wipes,637.082302
ivermectin,11791192.69
ivermectin,975670.7917
ivermectin,3294953.759
ivermectin,5512890.818
ivermectin,1788493.961
ibandronate sodium,32366892.87
ibandronate sodium,15829.46267
ibandronate sodium,6691988.463
ibandronate sodium,16367015.34
ibandronate sodium,128409.6365
ibandronate sodium,37161.83335
ibandronate sodium,9235979.118
ibandronate sodium,1966160.855
ibandronate sodium,574006.2351
ibrance,315026970.5
ibrance,1047570654.0
ibsrela,31195024.59
ibsrela,32932359.66
ibu,1857193.253
ibu,1838215.73
ibuprofen,57707473.13
ibuprofen,4698881.643
ibuprofen,17655.15183
ibuprofen,10102140.86
ibuprofen,38671.42134
ibuprofen,327.0778495
ibuprofen,185599.7896
ibuprofen,252108.9458
ibuprofen,3722595.081
ibuprofen,515.7916999
ibuprofen,112764.3001
ibuprofen,35619.0061
ibuprofen,91610.47297
ibuprofen,340.7695894
ibuprofen,2464.36059
ibuprofen,12163313.49
ibuprofen,17362275.35
ibuprofen,82.08158686
ibuprofen,9331613.063
ibuprofen,562.0346439
ibuprofen,6830.902006
ibuprofen,2404.907801
ibuprofen,101.0650343
ibuprofen-famotidine,4979441.992
ibuprofen-famotidine,608895.855
ibuprofen-famotidine,1461990.126
ibuprofen-famotidine,46096.90007
ibuprofen-famotidine,2889381.166
icatibant,48128980.32
icatibant,39225020.67
icatibant,217825.0858
icatibant,450786.4562
icatibant,5517293.114
icatibant,1263948.553
iclusig,93535515.12
iclusig,130830443.3
icosapent ethyl,154706406.5
icosapent ethyl,65527812.32
icosapent ethyl,9532750.442
icosapent ethyl,9351238.653
icosapent ethyl,787632.3633
icosapent ethyl,60450698.54
icosapent ethyl,64336456.33
idhifa,94793643.63
idhifa,147044517.9
igalmi,66001.81102
igalmi,65568.16725
ilaris,35227320.32
ilaris,42121132.55
ilevro,19709651.23
ilevro,19854426.09
ilumya,30812358.83
ilumya,33737268.57
imatinib mesylate,177868186.3
imatinib mesylate,32063463.4
imatinib mesylate,780381.6276
imatinib mesylate,25268.69897
imatinib mesylate,23627579.91
imatinib mesylate,848201.2978
imatinib mesylate,1050352.425
imatinib mesylate,9330.860989
imatinib mesylate,22646005.08
imatinib mesylate,229476.3004
imatinib mesylate,5989444.072
imatinib mesylate,99898728.49
imatinib mesylate,156312.329
imatinib mesylate,1305967.186
imatinib mesylate,19316738.47
imbruvica,325423440.7
imbruvica,1090650984.0
imfinzi,26624920.23
imfinzi,23307337.57
imipenem-cilastatin sodium,4097152.512
imipenem-cilastatin sodium,489834.0181
imipenem-cilastatin sodium,213391.4365
imipenem-cilastatin sodium,129973.2984
imipenem-cilastatin sodium,3043057.1
imipenem-cilastatin sodium,94036.76983
imipramine hcl,5451017.94
imipramine hcl,1332238.274
imipramine hcl,288232.4657
imipramine hcl,1526488.395
imipramine hcl,2683669.777
imipramine hcl,5991.452637
imipramine pamoate,3143998.24
imipramine pamoate,863168.0213
imipramine pamoate,2259031.338
imiquimod,8686102.714
imiquimod,161454.5264
imiquimod,2778901.694
imiquimod,3712.771586
imiquimod,2144911.351
imiquimod,269825.5734
imiquimod,3277355.592
imitrex,249532.9317
imitrex,248175.3396
imitrex,5092563.232
imitrex,5114591.773
imjudo,1932293.208
imjudo,1875175.679
imovax rabies vaccine,281371.4491
imovax rabies vaccine,277125.7215
impavido,1244909.836
impavido,1279543.175
imuran,467386.5468
imuran,469147.1054
imvexxy,14018262.3
imvexxy,14084515.25
inbrija,24570618.64
inbrija,24552815.6
incassia,102009.1876
incassia,101659.9502
incontrol pen needle,711591.1025
incontrol pen needle,17760.24085
incontrol pen needle,674867.6634
incruse ellipta,134381152.8
incruse ellipta,317078224.9
indapamide,8096809.486
indapamide,134380.7474
indapamide,13664.81224
indapamide,5222880.63
indapamide,2663162.373
inderal la,8231621.074
inderal la,8898079.999
inderal xl,1157515.753
inderal xl,1172505.949
indocin,1693048.419
indocin,1676619.862
indomethacin er,758996.0287
indomethacin er,130251.0429
indomethacin er,167980.522
indomethacin er,405570.5143
indomethacin er,63416.28781
indomethacin,3095125.017
indomethacin,194971.1905
indomethacin,1070.960988
indomethacin,1627794.664
indomethacin,3199.578309
indomethacin,1340934.994
indomethacin,749.4585139
infanrix dtap,17850.32476
infanrix dtap,18011.11435
inflectra,37934127.33
inflectra,37260526.23
infliximab,3266842.584
infliximab,3183059.007
ingrezza,313651708.3
ingrezza,1232603630.0
ingrezza initiation pack,4505128.295
ingrezza initiation pack,4963168.525
inlyta,249065539.8
inlyta,438648199.0
innopran xl,3078069.832
innopran xl,3041336.528
inpefa,671755.9446
inpefa,672016.7835
inpen (for humalog),1405323.713
inpen (for humalog),1408600.597
inpen (for novolog or fiasp),1257798.684
inpen (for novolog or fiasp),1260395.694
inqovi,73441957.47
inqovi,87639871.36
inrebic,46860867.14
inrebic,47364731.56
inspra,369987.8165
inspra,369067.8834
insulin aspart,17977782.91
insulin aspart,18142122.41
insulin aspart flexpen,51972751.2
insulin aspart flexpen,58525530.84
insulin aspart penfill,416742.0844
insulin aspart penfill,417194.3502
insulin aspart prot mix 70-30,11107126.18
insulin aspart prot mix 70-30,11038487.29
insulin degludec,178608.5892
insulin degludec,179024.565
insulin degludec pen (u-100),3848562.322
insulin degludec pen (u-100),3839856.257
insulin degludec pen (u-200),3415430.033
insulin degludec pen (u-200),3402069.176
insulin glargine,7527401.192
insulin glargine,7542031.008
insulin glargine solostar,15815089.9
insulin glargine solostar,15842739.72
insulin glargine-yfgn,35313587.29
insulin glargine-yfgn,9543421.622
insulin glargine-yfgn,19831565.35
insulin glargine-yfgn,275584.8394
insulin lispro,21376327.45
insulin lispro,21427479.08
insulin lispro junior kwikpen,1340095.898
insulin lispro junior kwikpen,1342139.889
insulin lispro kwikpen u-100,109479717.8
insulin lispro kwikpen u-100,106316670.7
insulin lispro protamine mix,13160493.01
insulin lispro protamine mix,13234878.22
insulin pen needle,6047.40592
insulin pen needle,6100.025981
insulin syringe,874027.4039
insulin syringe,874536.35
insulin syringe,4838186.488
insulin syringe,350149.482
insulin syringe,191971.9423
insulin syringe,417185.9701
insulin syringe,10404.3591
insulin syringe,25201.15839
insulin syringe,6127.076969
insulin syringe,12847.55727
insulin syringe,178141.6504
insulin syringe,1642.218626
insulin syringe,3646925.656
insulin syringe,2119.28108
insulin syringe,252.767988
insulin syringe,12136704.59
insulin syringe,1046903.457
insulin syringe,416082.4269
insulin syringe,1098203.114
insulin syringe,42441.39321
insulin syringe,18026.63388
insulin syringe,1476.384373
insulin syringe,17089.2868
insulin syringe,772.4965801
insulin syringe,17580.77664
insulin syringe,917.8370846
insulin syringe,445937.2775
insulin syringe,867.2761352
insulin syringe,2230.515818
insulin syringe,3883.344119
insulin syringe,3127.105919
insulin syringe,9041829.471
insulin syringe,61302.27708
insulin syringe,8804.999542
insulin syringe,1805.866818
insulin syringe,1803.655904
insulin syringe,10921615.33
insulin syringe,517097.6315
insulin syringe,367691.9433
insulin syringe,865209.5668
insulin syringe,31002.06384
insulin syringe,9322.88838
insulin syringe,14798.92736
insulin syringe,196.3342079
insulin syringe,16574.61778
insulin syringe,417749.9491
insulin syringe,717.722552
insulin syringe,2729.758497
insulin syringe,8318378.348
insulin syringe,10877.67041
insulin syringe,8684.065631
insulin syringe,471.949145
insulin syringe u-500,281791.1265
insulin syringe u-500,283177.4256
insumed,1864.846638
insumed,1860.924354
insupen,11231.89016
insupen,11217.96156
insupen pen needle,49647.25818
insupen pen needle,332.1677697
insupen pen needle,49775.2554
intelence,4453466.776
intelence,4460609.068
intralipid,328364.2149
intralipid,327945.7531
intrarosa,3763720.251
intrarosa,3770652.203
intrarosa,33552.56993
intuniv,210374.5958
intuniv,209798.9665
invanz,13439.42345
invanz,13356.53082
invega,4777779.697
invega,4763096.435
invega hafyera,68609713.65
invega hafyera,88610720.98
invega sustenna,247257726.2
invega sustenna,913837179.0
invega trinza,153131191.2
invega trinza,303728124.2
inveltys,2718010.208
inveltys,2719007.456
invokamet,19500314.7
invokamet,19114436.37
invokamet xr,12711122.66
invokamet xr,12566387.15
invokana,194800197.4
invokana,288455051.6
iopidine,106955.3502
iopidine,106508.3096
ipol,536087.3744
ipol,531126.087
ipratropium bromide,73514524.21
ipratropium bromide,12768111.28
ipratropium bromide,45499.20741
ipratropium bromide,6043790.119
ipratropium bromide,650688.3013
ipratropium bromide,11328230.37
ipratropium bromide,85327.40242
ipratropium bromide,131910.1875
ipratropium bromide,29659206.61
ipratropium bromide,3978575.909
ipratropium bromide,15282506.87
ipratropium bromide,7598.80263
ipratropium-albuterol,11026783.13
ipratropium-albuterol,544633.9161
ipratropium-albuterol,3095832.682
ipratropium-albuterol,3417908.91
ipratropium-albuterol,1790507.119
ipratropium-albuterol,2269890.793
ipratropium-albuterol,356181.7718
irbesartan,83634786.69
irbesartan,974655.1129
irbesartan,20451678.91
irbesartan,21278897.08
irbesartan,5785.156911
irbesartan,296131.0017
irbesartan,533660.4494
irbesartan,33950354.68
irbesartan,19255.95256
irbesartan,8962769.641
irbesartan-hydrochlorothiazide,20555077.69
irbesartan-hydrochlorothiazide,866424.0032
irbesartan-hydrochlorothiazide,1710161.375
irbesartan-hydrochlorothiazide,8748278.411
irbesartan-hydrochlorothiazide,794631.3689
irbesartan-hydrochlorothiazide,5414752.045
irbesartan-hydrochlorothiazide,4660.458133
irbesartan-hydrochlorothiazide,996292.8373
iressa,3126530.57
iressa,3193782.349
irinotecan hcl,951251.7688
irinotecan hcl,18678.24086
irinotecan hcl,9557.267074
irinotecan hcl,12123.87969
irinotecan hcl,869389.0192
irinotecan hcl,3882.73436
irinotecan hcl,17504.4955
irinotecan hcl,5981.970816
irinotecan hcl,7737.430789
irinotecan hcl,17888.66195
irinotecan hcl,14084.8761
isentress,108887616.3
isentress,112149063.3
isentress hd,26146493.14
isentress hd,26574874.1
isibloom,164334.0022
isibloom,165155.781
isoniazid,358017.4541
isoniazid,318817.1156
isoniazid,2658.261625
isoniazid,331.0605098
isoniazid,38332.49282
isopto atropine,60073.4638
isopto atropine,59549.04974
isordil,66293.45029
isordil,66116.50869
isosorbide dinit-hydralazine,7109401.949
isosorbide dinit-hydralazine,4158075.031
isosorbide dinit-hydralazine,3318782.591
isosorbide dinitrate,44033202.02
isosorbide dinitrate,7185013.789
isosorbide dinitrate,6456732.448
isosorbide dinitrate,5356309.884
isosorbide dinitrate,345673.1721
isosorbide dinitrate,7513001.336
isosorbide dinitrate,724194.4146
isosorbide dinitrate,3350666.685
isosorbide dinitrate,10531.95423
isosorbide dinitrate,1809851.442
isosorbide dinitrate,4372.305949
isosorbide dinitrate,6534504.816
isosorbide dinitrate,9000.665386
isosorbide mononitrate,5158442.799
isosorbide mononitrate,140249.7309
isosorbide mononitrate,5033307.748
isosorbide mononitrate er,92223594.83
isosorbide mononitrate er,343929.0679
isosorbide mononitrate er,43854133.91
isosorbide mononitrate er,63413.24489
isosorbide mononitrate er,789864.1486
isosorbide mononitrate er,30365383.62
isosorbide mononitrate er,81.49078672
isosorbide mononitrate er,370646.5241
isosorbide mononitrate er,8982.582289
isosorbide mononitrate er,15436100.84
isosorbide mononitrate er,2537109.363
isosorbide mononitrate er,210.3751481
isotretinoin,1330939.833
isotretinoin,5283.300736
isotretinoin,134570.4498
isotretinoin,67538.03989
isotretinoin,345589.1428
isotretinoin,53211.21037
isotretinoin,805126.6029
isradipine,1339311.591
isradipine,1076.318944
isradipine,481572.6866
isradipine,386663.5857
isradipine,430459.4038
istalol,832383.406
istalol,835226.5097
istodax,521287.6249
istodax,515886.2447
isturisa,32866866.34
isturisa,36610630.91
itraconazole,8972868.088
itraconazole,1580841.334
itraconazole,617414.5166
itraconazole,384971.4635
itraconazole,649249.6748
itraconazole,2543.078976
itraconazole,1244105.802
itraconazole,2266950.041
itraconazole,2433747.918
itraconazole,260909.4862
itraconazole,1795.76764
ixempra,251838.2668
ixempra,249092.411
ixiaro,490761.021
ixiaro,490760.5451
iyuzeh,265876.5521
iyuzeh,266840.481
izervay,201942.4283
izervay,201203.6877
jadenu,9483546.646
jadenu,8353400.207
jadenu sprinkle,431550.6037
jadenu sprinkle,427542.4973
jaimiess,64696.16235
jaimiess,64769.88142
jakafi,323125496.4
jakafi,1098271863.0
jalyn,1173148.168
jalyn,1180152.979
jantoven,5449879.973
jantoven,5416734.648
janumet,184879695.6
janumet,520814039.7
janumet xr,175170098.0
janumet xr,272930580.6
januvia,355769730.3
januvia,1916084813.0
jardiance,453812189.6
jardiance,2632003534.0
jasmiel,8878.581515
jasmiel,8863.787203
jatenzo,4850541.458
jatenzo,4881359.693
javygtor,1965384.427
javygtor,2306396.244
jaypirca,45457891.82
jaypirca,46533860.34
jemperli,1438020.652
jemperli,1657550.514
jencycla,170794.3403
jencycla,170765.8522
jentadueto,73545991.86
jentadueto,78335461.14
jentadueto xr,29143639.8
jentadueto xr,28860276.23
jevtana,7017959.35
jevtana,6868516.091
jinteli,181766.3478
jinteli,181653.9829
joenja,2313391.526
joenja,2971570.154
jolessa,86731.13981
jolessa,86677.52377
jornay pm,1015812.016
jornay pm,1021167.758
jublia,86354995.75
jublia,92078776.73
juleber,11468.86659
juleber,11472.86367
juluca,210371225.5
juluca,316570862.0
junel,355015.6672
junel,355511.0685
junel fe,575544.6023
junel fe,576894.9366
junel fe 24,109941.9192
junel fe 24,109873.9547
juxtapid,5179919.88
juxtapid,9120836.224
jynarque,71616567.78
jynarque,82061540.17
jynneos,731.7144509
jynneos,730.6200303
jynneos (national stockpile),350.8647603
jynneos (national stockpile),350.473581
k-phos no.2,19236.08796
k-phos no.2,19190.94281
k-phos original,116929.4899
k-phos original,116882.1495
k-tab er,442155.7398
k-tab er,444926.8007
kcl-d5w-0.45% nacl,36398.72487
kcl-d5w-0.45% nacl,33885.94206
kcl-d5w-0.45% nacl,2615.568148
kcl-d5w-0.9% nacl,9475.413621
kcl-d5w-0.9% nacl,3612.050471
kcl-d5w-0.9% nacl,6529.379121
kadcyla,3070656.986
kadcyla,3773756.826
kaitlib fe,25394.85437
kaitlib fe,25347.22352
kalbitor,11478380.87
kalbitor,26565236.74
kaletra,493100.8595
kaletra,496526.705
kalydeco,21441669.61
kalydeco,27800765.79
kanjinti,3677701.882
kanjinti,4197523.659
kapspargo sprinkle,2256935.961
kapspargo sprinkle,2247475.427
kapvay,7702.375583
kapvay,7730.82099
kariva,52811.33257
kariva,52800.06206
katerzia,1453085.067
katerzia,1481710.962
kazano,116477.5596
kazano,116344.0737
kelnor 1-35,86376.33811
kelnor 1-35,86611.65821
kelnor 1-50,31600.85037
kelnor 1-50,31599.22374
kenalog-10,6282.699289
kenalog-10,6362.37769
kenalog-40,27010.28254
kenalog-40,27391.48091
kenalog-80,10388.80065
kenalog-80,10529.55183
keppra xr,27386164.08
keppra xr,26886620.4
keppra,60288966.33
keppra,60393450.52
kerendia,168823190.5
kerendia,237165995.2
kerydin,16042.83091
kerydin,16013.58202
kesimpta pen,173289962.6
kesimpta pen,331393881.3
ketoconazole,96695380.0
ketoconazole,972490.7216
ketoconazole,6216938.877
ketoconazole,15134407.92
ketoconazole,9502363.429
ketoconazole,120805.5832
ketoconazole,21789195.59
ketoconazole,5981607.983
ketoconazole,133780.2488
ketoconazole,19474.14584
ketoconazole,18466928.6
ketoconazole,19089367.89
ketoconazole,173294.0946
ketodan,26074.85504
ketodan,26356.75334
ketoprofen,3658240.277
ketoprofen,845185.5212
ketoprofen,2969022.437
ketorolac tromethamine,34462720.04
ketorolac tromethamine,381443.6276
ketorolac tromethamine,59994.05244
ketorolac tromethamine,1542017.563
ketorolac tromethamine,784539.7611
ketorolac tromethamine,9511716.466
ketorolac tromethamine,1697.758716
ketorolac tromethamine,48267.56678
ketorolac tromethamine,5984076.493
ketorolac tromethamine,930244.3845
ketorolac tromethamine,5804636.627
ketorolac tromethamine,70889.01439
ketorolac tromethamine,835.0451556
ketorolac tromethamine,5155.792711
ketorolac tromethamine,614.0518078
ketorolac tromethamine,1023.386838
ketorolac tromethamine,33920.39937
ketorolac tromethamine,93659.65321
ketorolac tromethamine,507781.9985
ketorolac tromethamine,2483.964263
ketorolac tromethamine,169091.2469
ketorolac tromethamine,93492.77562
ketorolac tromethamine,9147.606681
ketorolac tromethamine,20417.47855
ketorolac tromethamine,15099069.56
ketorolac tromethamine,67712.62721
ketorolac tromethamine,7759.676065
ketorolac tromethamine,226522.682
keveyis,17941078.29
keveyis,21187883.32
kevzara,106433950.0
kevzara,127267879.5
keytruda,92222279.33
keytruda,121545485.0
kimyrsa,953319.8454
kimyrsa,968516.1778
kineret,25828302.56
kineret,24536351.14
kinrix,7268.345035
kinrix,7364.567889
kisqali,231189297.2
kisqali,338597163.1
kisqali femara co-pack,29270474.09
kisqali femara co-pack,27285536.56
klisyri,3029731.013
klisyri,3025166.752
klonopin,3581423.731
klonopin,161562.3825
klonopin,3553126.109
klor-con,11065540.38
klor-con,11160185.52
klor-con 10,4564401.755
klor-con 10,4593654.186
klor-con 8,808153.8705
klor-con 8,810894.9291
klor-con m10,5442448.495
klor-con m10,5472022.773
klor-con m15,620451.8803
klor-con m15,621578.4136
klor-con m20,21517695.12
klor-con m20,21644708.54
klor-con-ef,301667.9211
klor-con-ef,302996.0428
kloxxado,304399.0389
kloxxado,304338.5481
kombiglyze xr,21451674.1
kombiglyze xr,21212685.44
konvomep,1897157.975
konvomep,1906294.447
korlym,149064361.8
korlym,260058432.9
koselugo,15916444.85
koselugo,18108482.72
krazati,18857048.97
krazati,21822430.63
krintafel,2918.785149
krintafel,2945.516901
kristalose,3783026.039
kristalose,3797301.163
krystexxa,105066805.5
krystexxa,181777857.7
kurvelo,108798.5727
kurvelo,108872.6025
kuvan,5593180.48
kuvan,6638758.976
kyleena,51140.32896
kyleena,50926.56524
kynmobi,2196839.527
kynmobi,2149545.915
kyprolis,15385281.53
kyprolis,15528821.99
labetalol hcl,49117900.56
labetalol hcl,5235114.351
labetalol hcl,137295.4683
labetalol hcl,257630.2861
labetalol hcl,62574.69637
labetalol hcl,18081.15585
labetalol hcl,17698398.65
labetalol hcl,2027105.144
labetalol hcl,1356.653751
labetalol hcl,397851.6957
labetalol hcl,720.6289391
labetalol hcl,2281449.916
labetalol hcl,8773303.942
labetalol hcl,3046779.175
labetalol hcl,26221.33545
labetalol hcl,1661840.482
labetalol hcl,2071134.077
labetalol hcl,359.5777035
lacosamide,117964286.0
lacosamide,13677.73695
lacosamide,64972.73829
lacosamide,307079.1518
lacosamide,7592939.285
lacosamide,5379179.847
lacosamide,26595.39108
lacosamide,48520.67031
lacosamide,20723.36766
lacosamide,4987327.578
lacosamide,8650157.333
lacosamide,284707.4648
lacosamide,8971384.279
lacosamide,17046.23451
lacosamide,27313934.44
lacosamide,17524629.6
lacosamide,19212.37141
lacosamide,31564350.41
lacosamide,117973.0345
lacosamide,4947738.973
lacosamide,26732216.77
lacrisert,19354.03564
lacrisert,19049.61587
lactated ringers,737093.7862
lactated ringers,7403.077151
lactated ringers,510.955657
lactated ringers,540673.9261
lactated ringers,140051.6681
lactulose,64587636.05
lactulose,38629.65852
lactulose,131356.1389
lactulose,558254.2354
lactulose,26729518.88
lactulose,118005.0031
lactulose,9831555.815
lactulose,4230265.951
lactulose,29958438.42
lactulose,198348.9005
lactulose,11518.15974
lagevrio (eua),10977803.39
lagevrio (eua),10911294.82
lamictal,103541161.2
lamictal,102264022.9
lamictal (orange),13025.05431
lamictal (orange),12951.84807
lamictal odt,3678170.992
lamictal odt,3692156.289
lamictal xr,50193939.23
lamictal xr,48865753.53
lamictal xr (orange),8092.427197
lamictal xr (orange),8053.500554
lamivudine,3841096.894
lamivudine,970013.3437
lamivudine,165238.4369
lamivudine,39087.77161
lamivudine,4030.210709
lamivudine,3714.320862
lamivudine,1837695.532
lamivudine,207285.0193
lamivudine,8680.378062
lamivudine,154897.0735
lamivudine,231888.8341
lamivudine hbv,3199018.679
lamivudine hbv,866911.8287
lamivudine hbv,17753.34554
lamivudine hbv,2320912.391
lamivudine-zidovudine,2253926.932
lamivudine-zidovudine,4097.222701
lamivudine-zidovudine,2809.567462
lamivudine-zidovudine,521082.7651
lamivudine-zidovudine,1384688.59
lamivudine-zidovudine,286922.0429
lamotrigine,75559287.03
lamotrigine,14677102.07
lamotrigine,15467206.1
lamotrigine,7096189.432
lamotrigine,5556407.909
lamotrigine,106719.4223
lamotrigine,30958.3007
lamotrigine,6068145.294
lamotrigine,11409.97566
lamotrigine,146154.1001
lamotrigine,554543.1302
lamotrigine,6672.94188
lamotrigine,43184.9807
lamotrigine,237.9283185
lamotrigine,17633971.18
lamotrigine,3307802.845
lamotrigine,368475.8774
lamotrigine,1848.06789
lamotrigine (blue),32170.01524
lamotrigine (blue),32190.17925
lamotrigine (green),54267.73254
lamotrigine (green),54225.38078
lamotrigine (orange),261028.5254
lamotrigine (orange),261020.5069
lamotrigine er,64030432.65
lamotrigine er,5089882.564
lamotrigine er,48246.69097
lamotrigine er,5770008.288
lamotrigine er,4772707.054
lamotrigine er,7303029.335
lamotrigine er,23630121.61
lamotrigine er,2571051.949
lamotrigine er,4953.791034
lamotrigine er,6082795.417
lamotrigine er,6873175.261
lamotrigine odt,10433373.93
lamotrigine odt,1041717.12
lamotrigine odt,5057198.814
lamotrigine odt,1040093.689
lamotrigine odt,10044.96629
lamotrigine odt,3624946.317
lamotrigine odt (orange),21811.54114
lamotrigine odt (orange),21842.41525
lanoxin,1242784.489
lanoxin,1286159.821
lanreotide acetate,6353102.084
lanreotide acetate,6708465.184
lansoprazol-amoxicil-clarithro,437727.6427
lansoprazol-amoxicil-clarithro,436093.8331
lansoprazole,62866663.36
lansoprazole,5157474.252
lansoprazole,5722961.846
lansoprazole,429328.9946
lansoprazole,1907520.709
lansoprazole,1844678.359
lansoprazole,2399722.641
lansoprazole,2616.955545
lansoprazole,13034039.24
lansoprazole,425.4348961
lansoprazole,9324759.931
lansoprazole,6944635.274
lansoprazole,3285836.373
lansoprazole,1884004.032
lansoprazole,14414.99452
lansoprazole,5675274.521
lanthanum carbonate,58827624.11
lanthanum carbonate,5610871.755
lanthanum carbonate,9873750.238
lanthanum carbonate,39474585.33
lanthanum carbonate,39690.98034
lanthanum carbonate,4987301.32
lantus,142063066.6
lantus,386780420.6
lantus solostar,249867878.9
lantus solostar,1539546776.0
lapatinib,6912499.393
lapatinib,8241079.909
larin,120678.5987
larin,121144.0905
larin 24 fe,69900.21844
larin 24 fe,70596.50687
larin fe,165252.4017
larin fe,165634.6799
larissia,1257.94993
larissia,1258.097706
lasix,616107.2339
lasix,615134.8129
latanoprost,223168718.5
latanoprost,26229132.82
latanoprost,71393267.19
latanoprost,5311665.517
latanoprost,71653974.42
latanoprost,32416151.77
latuda,328993824.2
latuda,515001570.3
latuda,197229.7354
layolis fe,32024.70963
layolis fe,31698.40335
ledipasvir-sofosbuvir,6894000.039
ledipasvir-sofosbuvir,7327342.314
leena,951.8770024
leena,951.6854974
leflunomide,44169672.32
leflunomide,17674666.48
leflunomide,284218.81
leflunomide,7701232.998
leflunomide,38262.20825
leflunomide,33156.49237
leflunomide,5086377.261
leflunomide,7272980.826
leflunomide,2007025.423
leflunomide,2126402.214
lemtrada,1089222.659
lemtrada,1083809.34
lenalidomide,390312526.5
lenalidomide,197883754.1
lenalidomide,633116634.7
lenalidomide,163187699.8
lenalidomide,169265311.9
lenalidomide,275303152.4
lenalidomide,208307179.8
lenalidomide,2640079.461
lenalidomide,1571690.097
lenalidomide,137073150.6
lenalidomide,240401265.6
lenvima,262249862.0
lenvima,875591266.4
leqembi,16809.6509
leqembi,16730.16617
leqvio,11312687.29
leqvio,11113741.7
lescol xl,698285.8097
lescol xl,699288.5107
lessina,62918.74921
lessina,63064.62013
letairis,84802468.73
letairis,112383648.9
letrozole,24892957.35
letrozole,10761.8169
letrozole,2250330.584
letrozole,12098.99591
letrozole,9825647.297
letrozole,518.2483109
letrozole,3494879.266
letrozole,11230849.77
leucovorin calcium,5568727.475
leucovorin calcium,653409.5304
leucovorin calcium,229287.4336
leucovorin calcium,133582.6189
leucovorin calcium,82601.1653
leucovorin calcium,8138.188047
leucovorin calcium,4346.060567
leucovorin calcium,1158141.834
leucovorin calcium,1985716.932
leucovorin calcium,59030.13183
leucovorin calcium,1143551.708
leucovorin calcium,25253.98179
leucovorin calcium,62252.20501
leukeran,16046073.64
leukeran,9694369.783
leukeran,6800558.871
leukeran,21425.89992
leukine,3193647.814
leukine,3167931.597
leuprolide acetate,63065.39407
leuprolide acetate,44967.46849
leuprolide acetate,14752.95171
leuprolide depot,153777.1814
leuprolide depot,152300.1878
levalbuterol concentrate,46146.64324
levalbuterol concentrate,9748.090076
levalbuterol concentrate,38962.89879
levalbuterol hcl,2255990.685
levalbuterol hcl,300934.9887
levalbuterol hcl,272571.7066
levalbuterol hcl,1376.375851
levalbuterol hcl,11746.69103
levalbuterol hcl,79372.43473
levalbuterol hcl,2613.741263
levalbuterol hcl,689970.5881
levalbuterol hcl,891837.9492
levalbuterol tartrate hfa,17421799.58
levalbuterol tartrate hfa,17354813.14
levamlodipine maleate,4802.610849
levamlodipine maleate,4797.904619
levemir,151811257.2
levemir,210077669.5
levemir flexpen,191890144.7
levemir flexpen,547515394.1
levemir flextouch,105612210.3
levemir flextouch,108791907.5
levetiracetam er,15532609.09
levetiracetam er,254214.6341
levetiracetam er,11467.0149
levetiracetam er,6694659.909
levetiracetam er,498134.5561
levetiracetam er,3481.398026
levetiracetam er,211076.1712
levetiracetam er,6752439.424
levetiracetam er,785877.4108
levetiracetam er,1038126.008
levetiracetam,174490610.0
levetiracetam,34365.42135
levetiracetam,3398.979153
levetiracetam,10082.66709
levetiracetam,246574.1586
levetiracetam,3532.064722
levetiracetam,4755.098
levetiracetam,657.2425008
levetiracetam,3564.971872
levetiracetam,2074979.317
levetiracetam,939921.1252
levetiracetam,175466.7052
levetiracetam,623532.3773
levetiracetam,3054511.85
levetiracetam,91858.29372
levetiracetam,474238.4284
levetiracetam,44435.26857
levetiracetam,254.4395868
levetiracetam,92918.75342
levetiracetam,21500176.36
levetiracetam,2830490.63
levetiracetam,14271183.14
levetiracetam,4943.040948
levetiracetam,6130.452394
levetiracetam,2278.601703
levetiracetam,167822.8919
levetiracetam,1343.918261
levetiracetam,457680.3479
levetiracetam,10203.45421
levetiracetam,4669.966375
levetiracetam,5268310.954
levetiracetam,957067.3628
levetiracetam,2099.425569
levetiracetam,73954764.97
levetiracetam,191965.8199
levetiracetam,10495801.99
levetiracetam,31182.74849
levetiracetam,30177722.29
levetiracetam,1275719.131
levetiracetam,3909.077443
levetiracetam,59373.32734
levetiracetam,54627.12229
levetiracetam,46618.53296
levetiracetam,256.0651325
levetiracetam,38031.08534
levetiracetam,2675.134212
levetiracetam-nacl,57173.2817
levetiracetam-nacl,13577.74577
levetiracetam-nacl,13097.32997
levetiracetam-nacl,19920.03171
levetiracetam-nacl,9679.370628
levo-t,233741.2751
levo-t,234356.1622
levobunolol hcl,1518917.92
levobunolol hcl,1521111.774
levocarnitine,3689423.104
levocarnitine,348567.7565
levocarnitine,2610653.792
levocarnitine,817620.1312
levocarnitine,1952297.314
levocarnitine,708962.8839
levocarnitine,296210.7045
levocarnitine,961480.1143
levocarnitine,89332.87072
levocarnitine sf,105651.3793
levocarnitine sf,106159.0288
levocetirizine dihydrochloride,40570634.61
levocetirizine dihydrochloride,7855.674291
levocetirizine dihydrochloride,1769487.875
levocetirizine dihydrochloride,4402.586703
levocetirizine dihydrochloride,2325353.512
levocetirizine dihydrochloride,5981.295293
levocetirizine dihydrochloride,7219783.983
levocetirizine dihydrochloride,2068.071968
levocetirizine dihydrochloride,82064.97134
levocetirizine dihydrochloride,10235327.13
levocetirizine dihydrochloride,2876.108057
levocetirizine dihydrochloride,2504748.423
levocetirizine dihydrochloride,2280759.106
levocetirizine dihydrochloride,7501.841481
levocetirizine dihydrochloride,11372585.52
levofloxacin,18167740.88
levofloxacin,198.5963027
levofloxacin,1914524.874
levofloxacin,25059.12188
levofloxacin,82807.848
levofloxacin,1008308.768
levofloxacin,10487.33112
levofloxacin,826433.5142
levofloxacin,219210.6721
levofloxacin,3220387.568
levofloxacin,383.3787997
levofloxacin,8770136.836
levofloxacin,4004622.666
levofloxacin,12966.89875
levofloxacin-d5w,263828.2651
levofloxacin-d5w,63786.8663
levofloxacin-d5w,103573.1968
levofloxacin-d5w,38649.09168
levofloxacin-d5w,7949.266999
levofloxacin-d5w,41116.46397
levofloxacin-d5w,13729.08456
levoleucovorin calcium,27735.88708
levoleucovorin calcium,7554.095072
levoleucovorin calcium,7506.543149
levoleucovorin calcium,13209.58277
levonest,11371.95699
levonest,11416.91727
levonorg-eth estrad eth estrad,147253.0751
levonorg-eth estrad eth estrad,147198.915
levonorgestrel-eth estradiol,666971.8554
levonorgestrel-eth estradiol,313859.367
levonorgestrel-eth estradiol,96407.70991
levonorgestrel-eth estradiol,307075.2093
levora-28,11996.22188
levora-28,12051.62755
levorphanol tartrate,18053195.41
levorphanol tartrate,5945386.854
levorphanol tartrate,294358.5447
levorphanol tartrate,2948842.055
levorphanol tartrate,6463235.569
levorphanol tartrate,1468079.238
levothyroxine sodium,431975423.4
levothyroxine sodium,817.063783
levothyroxine sodium,7712368.136
levothyroxine sodium,187166.3055
levothyroxine sodium,243856818.8
levothyroxine sodium,71243.32972
levothyroxine sodium,114912808.0
levothyroxine sodium,281888.8955
levothyroxine sodium,405034.4847
levothyroxine sodium,18815.83307
levothyroxine sodium,59327172.25
levothyroxine sodium,15344.8616
levothyroxine sodium,558661.8673
levothyroxine sodium,5945.910854
levothyroxine sodium,1131665.98
levothyroxine sodium,1629708.792
levothyroxine sodium,16892.58504
levothyroxine sodium,194537939.4
levothyroxine sodium,31335741.81
levothyroxine sodium,60075619.76
levothyroxine sodium,887.5397773
levoxyl,4786805.022
levoxyl,4809171.408
levsin,47257.71983
levsin,47194.63087
levsin-sl,49812.0189
levsin-sl,49729.34656
levulan,301752.2675
levulan,301816.3464
lexapro,22096476.49
lexapro,22093027.31
lexette,81366.76998
lexette,81337.03487
lexiva,268883.7339
lexiva,270055.674
lialda,13951939.69
lialda,13955119.88
librax,2757413.16
librax,2729617.132
libtayo,5925229.054
libtayo,6040015.137
licart,8837121.554
licart,8837087.514
lidocaine,152888815.6
lidocaine,4826624.74
lidocaine,16666.5288
lidocaine,691413.4068
lidocaine,4425522.169
lidocaine,1730373.795
lidocaine,3255415.461
lidocaine,57032546.42
lidocaine,1804484.612
lidocaine,35985.91504
lidocaine,2401936.898
lidocaine,19814.94512
lidocaine,985314.6998
lidocaine,732455.3402
lidocaine,4262.637478
lidocaine,19621.27377
lidocaine,1855236.223
lidocaine,845652.3387
lidocaine,2405.487344
lidocaine,148362.8119
lidocaine,992792.9875
lidocaine,23075655.83
lidocaine,49718.61489
lidocaine,4768.17587
lidocaine,78117523.22
lidocaine hcl viscous,5659307.888
lidocaine hcl viscous,310782.0889
lidocaine hcl viscous,3044976.734
lidocaine hcl viscous,9467.168595
lidocaine hcl viscous,90289.35705
lidocaine hcl viscous,158701.7559
lidocaine hcl viscous,1225525.093
lidocaine hcl viscous,209598.836
lidocaine hcl viscous,11154.19129
lidocaine hcl viscous,518101.5888
lidocaine hcl,2438120.64
lidocaine hcl,80929.97213
lidocaine hcl,5957.559045
lidocaine hcl,2963.191438
lidocaine hcl,73772.02466
lidocaine hcl,5013.825381
lidocaine hcl,1749.617698
lidocaine hcl,24706.79317
lidocaine hcl,246656.0146
lidocaine hcl,850.6888757
lidocaine hcl,632119.2796
lidocaine hcl,757992.9024
lidocaine hcl,7744.398004
lidocaine hcl,187674.6629
lidocaine hcl,236454.4384
lidocaine hcl,155617.4354
lidocaine hcl,216331.4881
lidocaine hcl,2381.150576
lidocaine hcl,430235.5577
lidocaine hcl,35650.48509
lidocaine hcl,2327.277448
lidocaine hcl,449.9951728
lidocaine hcl,564.5550926
lidocaine hcl,10325.87598
lidocaine hcl,37186.93672
lidocaine hcl,5565.898376
lidocaine hcl,328705.5527
lidocaine hcl-epinephrine,825.8774606
lidocaine hcl-epinephrine,828.6687363
lidocaine-hydrocortisone,1081.144542
lidocaine-hydrocortisone,1079.722728
lidocaine-prilocaine,10183774.57
lidocaine-prilocaine,27787.09163
lidocaine-prilocaine,1560604.261
lidocaine-prilocaine,2342298.291
lidocaine-prilocaine,3736185.856
lidocaine-prilocaine,11646.94015
lidocaine-prilocaine,2569634.996
lidocaine-prilocaine,21063.77607
lidoderm,2451268.225
lidoderm,2436647.043
liletta,25586.68405
liletta,25507.44963
lillow,457.4048481
lillow,457.3152887
lincocin,1100.795954
lincocin,1095.444043
lincomycin hcl,1597.94765
lincomycin hcl,1590.728671
lindane,3103.54221
lindane,3090.57449
linezolid,21769900.65
linezolid,313615.9931
linezolid,126479.0572
linezolid,442750.0959
linezolid,3128.951694
linezolid,36853.61368
linezolid,6653796.676
linezolid,15675159.14
linezolid,3957.045001
linezolid,4247.050673
linezolid,5666.718148
linezolid-0.9% nacl,79787.79467
linezolid-0.9% nacl,79788.73779
linezolid-d5w,1220489.353
linezolid-d5w,691474.5434
linezolid-d5w,46232.86011
linezolid-d5w,7766.376271
linezolid-d5w,25926.48396
linezolid-d5w,50850.13202
linezolid-d5w,121748.0662
linezolid-d5w,277384.5759
linzess,284796926.5
linzess,1326319753.0
lioresal intrathecal,502110.8747
lioresal intrathecal,179810.0686
lioresal intrathecal,382410.1215
liothyronine sodium,36535154.03
liothyronine sodium,2432581.035
liothyronine sodium,2191335.782
liothyronine sodium,4554898.054
liothyronine sodium,14387460.89
liothyronine sodium,2669814.084
liothyronine sodium,8528334.636
liothyronine sodium,820347.5669
liothyronine sodium,5483.449841
lipitor,34593276.3
lipitor,33531226.09
lipofen,203529.4006
lipofen,204032.5928
lisdexamfetamine dimesylate,15642442.5
lisdexamfetamine dimesylate,2298364.334
lisdexamfetamine dimesylate,1503455.013
lisdexamfetamine dimesylate,1224016.492
lisdexamfetamine dimesylate,2369096.896
lisdexamfetamine dimesylate,1144179.433
lisdexamfetamine dimesylate,1504678.873
lisdexamfetamine dimesylate,376285.3149
lisdexamfetamine dimesylate,1294149.448
lisdexamfetamine dimesylate,3403660.757
lisinopril,237434499.4
lisinopril,1471.652846
lisinopril,64532243.44
lisinopril,594475.6923
lisinopril,62984.92428
lisinopril,166260147.6
lisinopril,8954.52548
lisinopril,24019242.39
lisinopril,342.5932051
lisinopril,334099.2115
lisinopril,422.9869602
lisinopril,104.7427485
lisinopril,112248.9123
lisinopril,16314628.41
lisinopril,17118.53506
lisinopril,540386.6682
lisinopril,12763.38597
lisinopril,1053.310152
lisinopril-hydrochlorothiazide,60761746.55
lisinopril-hydrochlorothiazide,14420926.09
lisinopril-hydrochlorothiazide,41762117.3
lisinopril-hydrochlorothiazide,6778892.686
lisinopril-hydrochlorothiazide,38445.63274
lisinopril-hydrochlorothiazide,796139.2803
lisinopril-hydrochlorothiazide,7398.065358
lisinopril-hydrochlorothiazide,201787.8711
lite touch,69857.75879
lite touch,69829.47583
lite touch,1176.860249
lite touch,1174.635725
lite touch,4065.762051
lite touch,4059.512887
lite touch,3171.445437
lite touch,3158.269636
litetouch insulin syringe,183.5094233
litetouch insulin syringe,183.2145695
litetouch insulin syringe,374.2652919
litetouch insulin syringe,373.6205004
litfulo,223535.7637
litfulo,222839.6816
lithium carbonate,7424734.502
lithium carbonate,4254.524932
lithium carbonate,1231087.723
lithium carbonate,1540832.361
lithium carbonate,1235618.776
lithium carbonate,2627694.056
lithium carbonate,903883.7258
lithium carbonate er,7256658.515
lithium carbonate er,2297153.722
lithium carbonate er,1342354.127
lithium carbonate er,4593.674043
lithium carbonate er,80163.11874
lithium carbonate er,38136.04362
lithium carbonate er,2383.541842
lithium carbonate er,950387.7858
lithium carbonate er,2725954.34
lithium citrate,4478.395892
lithium citrate,4466.969288
lithobid,1347678.067
lithobid,1375983.343
lithostat,578680.8785
lithostat,579397.7461
livalo,136362294.7
livalo,148957610.3
livmarli,2810897.588
livmarli,4065739.382
livtencity,34672696.49
livtencity,39289999.17
lo loestrin fe,1233053.213
lo loestrin fe,1236795.254
lo-zumandimine,62885.27232
lo-zumandimine,62707.20206
lodoco,47469.58429
lodoco,47313.24866
loestrin,10038.51814
loestrin,9932.417735
loestrin fe,14684.17088
loestrin fe,14447.54622
lofena,13232425.87
lofena,13148466.57
lojaimiess,26233.60829
lojaimiess,26417.53352
lokelma,146956233.5
lokelma,200225608.2
lomotil,230853.492
lomotil,231088.7445
lonhala magnair refill,2721112.274
lonhala magnair refill,2652061.253
lonhala magnair starter,472376.9166
lonhala magnair starter,458452.0439
lonsurf,119870035.1
lonsurf,167760289.8
loperamide,22099158.32
loperamide,2910460.579
loperamide,67790.40303
loperamide,4998003.664
loperamide,8378512.989
loperamide,1143.313437
loperamide,14965.72792
loperamide,5444591.151
loperamide,336710.3609
lopid,7234.940637
lopid,7279.22148
lopinavir-ritonavir,4353801.27
lopinavir-ritonavir,957574.5227
lopinavir-ritonavir,3878186.891
lopinavir-ritonavir,178162.0597
lopressor,374500.8757
lopressor,373945.3026
lorazepam intensol,1111494.4
lorazepam intensol,1113375.076
lorazepam,60693235.63
lorazepam,18909.00718
lorazepam,29613685.84
lorazepam,502420.6537
lorazepam,17056428.23
lorazepam,7544.112752
lorazepam,18434.3619
lorazepam,11826.2987
lorazepam,34902.99255
lorazepam,166730.9945
lorazepam,191775.4261
lorazepam,4514.114755
lorazepam,9568891.095
lorazepam,10580.9708
lorazepam,193585.2107
lorazepam,958.3048218
lorazepam,68581.87808
lorazepam,1358.78769
lorbrena,70226979.68
lorbrena,80350516.25
loreev xr,1381404.356
loreev xr,1397182.7
lortab,45644.45825
lortab,45702.61205
loryna,204803.6197
loryna,205309.4128
lorzone,83869.881
lorzone,83395.39467
losartan potassium,350877251.6
losartan potassium,240090.0937
losartan potassium,3738.290669
losartan potassium,6265.621326
losartan potassium,240455.4856
losartan potassium,320527.7027
losartan potassium,42654878.32
losartan potassium,79169278.89
losartan potassium,28145.56045
losartan potassium,58048.01244
losartan potassium,14869.22608
losartan potassium,9483103.446
losartan potassium,6077354.404
losartan potassium,198.6019846
losartan potassium,620531.5026
losartan potassium,663325.5203
losartan potassium,2803715.653
losartan potassium,33995.19015
losartan potassium,102740.6177
losartan potassium,137824967.2
losartan potassium,7264068.113
losartan potassium,21664261.3
losartan potassium,187977956.4
losartan-hydrochlorothiazide,117576205.5
losartan-hydrochlorothiazide,32405223.36
losartan-hydrochlorothiazide,2334411.649
losartan-hydrochlorothiazide,13787.95005
losartan-hydrochlorothiazide,1134322.137
losartan-hydrochlorothiazide,2441831.396
losartan-hydrochlorothiazide,13313883.87
losartan-hydrochlorothiazide,54952063.13
losartan-hydrochlorothiazide,5179835.043
losartan-hydrochlorothiazide,466819.6828
losartan-hydrochlorothiazide,12887599.18
lotemax,10807176.41
lotemax,10858183.14
lotemax sm,19796627.57
lotemax sm,19766336.76
lotensin hct,10107.77232
lotensin hct,10012.52513
loteprednol etabonate,32232274.71
loteprednol etabonate,4376641.609
loteprednol etabonate,20287446.74
loteprednol etabonate,3398616.511
loteprednol etabonate,4165426.182
lotrel,2855160.969
lotrel,2862364.5
lotronex,1172788.221
lotronex,1168190.548
lovastatin,43096386.71
lovastatin,10446926.17
lovastatin,19576909.86
lovastatin,338.178197
lovastatin,1744133.604
lovastatin,1977957.873
lovastatin,3115683.467
lovaza,6806638.13
lovaza,6836514.756
lovenox,706795.7619
lovenox,22084.85322
lovenox,677400.7923
low-ogestrel,149434.0351
low-ogestrel,149556.4077
loxapine,3960157.846
loxapine,23417.56198
loxapine,12891.5345
loxapine,23409.78793
loxapine,2872905.876
loxapine,1314191.15
loxapine,1919.509653
lubiprostone,103439294.2
lubiprostone,17897.64101
lubiprostone,1700.516422
lubiprostone,1553505.154
lubiprostone,62398669.6
lubiprostone,7043061.986
lubiprostone,4411456.451
lubiprostone,18119570.24
lucemyra,2762723.287
lucemyra,2759934.802
lucentis,3956596.179
lucentis,3938671.938
luer-lok syringe,622.358521
luer-lok syringe,626.0601932
luliconazole,107812.0271
luliconazole,107782.2649
lumakras,111628795.5
lumakras,154165765.4
lumigan,142303126.8
lumigan,421833975.4
lumizyme,8461649.813
lumizyme,18297366.89
lumryz,2147662.063
lumryz,2187690.271
lunesta,5324127.389
lunesta,151904.4828
lunesta,5332480.534
lupkynis,23152156.89
lupkynis,21002023.54
lupron depot,115883343.6
lupron depot,149916731.5
lupron depot-ped,437764.4481
lupron depot-ped,438615.2099
lurasidone hcl,131630951.4
lurasidone hcl,55794450.28
lurasidone hcl,21038258.03
lurasidone hcl,10684.60628
lurasidone hcl,33943802.23
lurasidone hcl,22753842.08
lurasidone hcl,18978.50469
lurasidone hcl,1234794.845
lurasidone hcl,30460728.3
lurasidone hcl,26714506.13
lurasidone hcl,29768074.06
lurasidone hcl,24271569.2
lurasidone hcl,53823988.1
lurasidone hcl,12271174.44
lutera,59787.84602
lutera,60182.62071
luzu,19479.08636
luzu,19524.68549
lybalvi,82667818.29
lybalvi,81827337.24
lyleq,1175.565527
lyleq,1174.060747
lyllana,2101390.05
lynparza,238293650.1
lynparza,468832026.9
lyrica,59316721.29
lyrica,52109937.13
lyrica cr,419184.0981
lyrica cr,417016.2586
lysodren,1916799.8
lysodren,1975507.269
lytgobi,5301826.304
lytgobi,5503775.852
lyumjev,16912538.65
lyumjev,16901611.08
lyumjev kwikpen u-100,38320057.03
lyumjev kwikpen u-100,36364823.43
lyumjev kwikpen u-200,10979372.49
lyumjev kwikpen u-200,10977168.33
lyumjev tempo pen u-100,323529.1208
lyumjev tempo pen u-100,323666.1808
lyvispah,146451.3254
m-m-r ii vaccine,1369051.481
m-m-r ii vaccine,1363522.207
m-natal plus,180144.839
m-natal plus,180408.6422
macrobid,66262.26557
macrobid,66752.21573
macrodantin,24029.22219
macrodantin,24290.74619
mafenide acetate,9652.748986
mafenide acetate,9673.602058
magellan insulin safety syrng,22875.49885
magellan insulin safety syrng,23078.96221
magellan insulin safety syrng,744.7661529
magellan insulin safety syrng,754.5099521
magnesium chloride,1836.960617
magnesium chloride,1831.391576
magnesium sulfate,165157.8999
magnesium sulfate,5104.395814
magnesium sulfate,145516.7778
magnesium sulfate,2669.198709
magnesium sulfate,5672.261362
magnesium sulfate,3214.807675
magnesium sulfate,19220.92974
magnesium sulfate,529.6398443
magnesium sulfate,3153.443652
magnesium sulfate,1468.41651
magnesium sulfate,2493.59844
magnesium sulfate,10582.92182
magnesium sulfate,149.2705305
magnesium sulfate,577.7645001
magnesium sulfate,399.7295608
magnesium sulfate-d5w,1947.421856
magnesium sulfate-d5w,584.7559059
magnesium sulfate-d5w,1178.785467
makena,170720.084
makena,169886.7652
malarone,3178.02884
malarone,3195.781897
malathion,451572.0053
malathion,451381.9988
mannitol,561.9540166
mannitol,362.2064195
mannitol,245.161683
maraviroc,21370519.35
maraviroc,20198723.19
maraviroc,25369.89563
marcaine,303.6110403
marcaine,304.1414784
marcaine,679.6997242
marcaine,681.7777133
marinol,44335.194
marinol,44036.90901
marlissa,32941.06946
marlissa,33012.24395
marplan,335426.4312
marplan,335146.3736
matulane,1821431.661
matulane,1903712.151
matzim la,6288505.309
matzim la,6265992.41
mavenclad,80199291.49
mavenclad,143738473.5
mavyret,153904211.6
mavyret,222604962.9
maxalt,1364694.93
maxalt,1387779.468
maxalt mlt,1186243.894
maxalt mlt,1187930.735
maxi-comfort,387.0286359
maxi-comfort,386.65854
maxicomfort ii pen needle,2621.714609
maxicomfort ii pen needle,2616.319931
maxicomfort safety pen needle,635.3584713
maxicomfort safety pen needle,634.2926832
maxidex,104474.9518
maxidex,101051.0613
maxidex,4479.951307
maxitrol,23590.68669
maxitrol,15739.74509
maxitrol,3905.37537
maxitrol,3546.067043
maxzide-25 mg,1722.211004
maxzide-25 mg,1728.328792
mayzent,74232724.96
mayzent,82500620.85
me-naphos-mb-hyo 1,53669.94553
me-naphos-mb-hyo 1,53368.69493
meclizine hcl,25749494.69
meclizine hcl,9345652.768
meclizine hcl,4357891.488
meclizine hcl,673910.51
meclizine hcl,5993321.92
meclizine hcl,19230.19185
meclizine hcl,98769.99089
meclizine hcl,6793258.938
meclizine hcl,31205.7933
meclizine hcl,153.8395359
meclofenamate sodium,237584.1605
meclofenamate sodium,238008.5173
medrol,10402.79986
medrol,10449.27265
medroxyprogesterone acetate,9208827.796
medroxyprogesterone acetate,2383642.07
medroxyprogesterone acetate,9121.007671
medroxyprogesterone acetate,1729.526564
medroxyprogesterone acetate,13124.68436
medroxyprogesterone acetate,203466.0384
medroxyprogesterone acetate,3982050.218
medroxyprogesterone acetate,452870.3742
medroxyprogesterone acetate,289856.1959
medroxyprogesterone acetate,1000034.156
medroxyprogesterone acetate,917581.5474
medroxyprogesterone acetate,4372.962088
medroxyprogesterone acetate,80362.80505
medroxyprogesterone acetate,47741.45344
mefenamic acid,66509.4415
mefenamic acid,55562.31169
mefenamic acid,12413.44003
mefloquine hcl,898893.5074
mefloquine hcl,171708.7354
mefloquine hcl,672880.6741
megestrol acetate,37144953.39
megestrol acetate,373765.3062
megestrol acetate,8690.8416
megestrol acetate,1057086.486
megestrol acetate,7544.114676
megestrol acetate,6469.603399
megestrol acetate,77534.32602
megestrol acetate,4602515.642
megestrol acetate,76841.28694
megestrol acetate,17617099.02
megestrol acetate,1434031.897
megestrol acetate,8585614.633
mekinist,140650704.1
mekinist,187347881.2
mektovi,63206490.51
mektovi,64688123.27
meloxicam,63237399.58
meloxicam,24936476.47
meloxicam,14792.15337
meloxicam,55990.2816
meloxicam,35679.95864
meloxicam,67460.26944
meloxicam,4188.11405
meloxicam,205.2422099
meloxicam,1748.067231
meloxicam,149090.6647
meloxicam,9616.516742
meloxicam,254.2695402
meloxicam,614.5020912
meloxicam,27289093.59
meloxicam,9048662.715
meloxicam,14028830.64
meloxicam,4773464.261
meloxicam,10827169.55
melphalan,3849.513038
melphalan,3857.152655
memantine hcl,202724213.4
memantine hcl,559842.9799
memantine hcl,23515264.01
memantine hcl,25982176.23
memantine hcl,144334.3407
memantine hcl,11197691.31
memantine hcl,109998.0588
memantine hcl,54110654.34
memantine hcl,7093979.489
memantine hcl,33638707.33
memantine hcl,7089295.099
memantine hcl,6570352.842
memantine hcl,149158.7542
memantine hcl,26252.8546
memantine hcl,1109374.486
memantine hcl,11288.42998
memantine hcl,2495944.189
memantine hcl,21897.22483
memantine hcl,9990107.322
memantine hcl,2363037.491
memantine hcl,18399050.56
memantine hcl,249145.4688
memantine hcl,1876.155527
memantine hcl er,103176877.7
memantine hcl er,31456450.69
memantine hcl er,24890410.23
memantine hcl er,37614.53856
memantine hcl er,2209962.325
memantine hcl er,10732142.25
memantine hcl er,1213081.737
memantine hcl er,12996602.76
memantine hcl er,21495504.62
memantine hcl er,44784.71753
menactra,288669.3735
menactra,283626.5828
menest,752086.224
menostar,659887.1907
menostar,659689.9448
menquadfi,1329540.017
menquadfi,1310613.151
mentax,10680.97408
mentax,10697.8035
menveo a-c-y-w-135-dip,837995.5794
menveo a-c-y-w-135-dip,836728.0044
meperidine hcl,1490377.439
meperidine hcl,88541.21622
meperidine hcl,1362436.46
meperidine hcl,55532.58777
meperidine hcl,55418.77619
meprobamate,1515585.22
meprobamate,370957.962
meprobamate,1121671.017
mepron,334314.1397
mepron,331194.6882
mercaptopurine,5565443.494
mercaptopurine,3768605.17
mercaptopurine,1139807.751
mercaptopurine,847359.574
meropenem,17843983.85
meropenem,2381159.007
meropenem,241808.397
meropenem,398971.9622
meropenem,1381092.893
meropenem,14167.65167
meropenem,136250.0898
meropenem,12603.7591
meropenem,22932.53096
meropenem,8437213.487
meropenem,21666.52527
meropenem,251961.6255
meropenem,3336969.312
meropenem,675816.0065
meropenem,2784128.608
meropenem-0.9% nacl,2339341.24
meropenem-0.9% nacl,2340035.91
merzee,3841.718709
merzee,3827.382588
mesalamine,1041302.912
mesalamine,1051956.666
mesalamine dr,24486089.16
mesalamine dr,5512926.239
mesalamine dr,20304090.75
mesalamine er,69203543.37
mesalamine er,2265238.199
mesalamine er,3804458.751
mesalamine er,15337543.2
mesalamine er,5886563.797
mesalamine er,126070.6822
mesalamine er,170394.2781
mesalamine er,96266.62663
mesalamine er,15360247.03
mesalamine er,734689.5191
mesalamine er,16191340.14
mesalamine,209113664.6
mesalamine,189613493.5
mesalamine,10662295.18
mesalamine,1194955.446
mesalamine,11633.55464
mesalamine,16065721.95
mesalamine,29629170.91
mesalamine,14263.30538
mesalamine,6413262.332
mesalamine,2907143.586
mesalamine,2864534.099
mesalamine,19210.80799
mesalamine,40925.71253
mesalamine,16628.0616
mesalamine,126915.6286
mesalamine,7034752.618
mesalamine,32238.44224
mesalamine,26065431.84
mesalamine,1366501.422
mesalamine,4481.846911
mesalamine,515585.94
mesna,5044.080737
mesna,2879.955824
mesna,2475.601067
mesnex,708317.0784
mesnex,713638.7089
mestinon,7326386.511
mestinon,7965720.074
metaxalone,9031448.522
metaxalone,372983.969
metaxalone,66721.72829
metaxalone,20107.54892
metaxalone,4028958.378
metaxalone,49747.59233
metaxalone,96200.78515
metaxalone,1181440.787
metaxalone,2787.230294
metaxalone,3814524.209
metaxalone,98560.01706
metaxalone,293754.2272
metformin er gastric,166545586.1
metformin er gastric,7477231.472
metformin er gastric,2420951.537
metformin er gastric,1335861.1
metformin er gastric,77940816.5
metformin er gastric,14242657.33
metformin er gastric,17883033.94
metformin er gastric,33025591.55
metformin er gastric,886880.1516
metformin er gastric,566472.3299
metformin er gastric,27595429.13
metformin er osmotic,22513283.08
metformin er osmotic,113968.3219
metformin er osmotic,515748.7895
metformin er osmotic,2987502.342
metformin er osmotic,902153.2574
metformin er osmotic,9212658.685
metformin er osmotic,602189.2494
metformin er osmotic,6147542.809
metformin er osmotic,3285127.48
metformin er osmotic,1563.00758
metformin er osmotic,32683.03401
metformin hcl,158304647.9
metformin hcl,15929225.88
metformin hcl,1228389.849
metformin hcl,28161.5606
metformin hcl,1340456.64
metformin hcl,3551661.902
metformin hcl,160.3891642
metformin hcl,5778849.545
metformin hcl,945240.7965
metformin hcl,25600109.72
metformin hcl,29946.92431
metformin hcl,50155.72113
metformin hcl,832256.0259
metformin hcl,14052156.72
metformin hcl,841.8093444
metformin hcl,11082399.68
metformin hcl,4230060.233
metformin hcl,71293274.62
metformin hcl,28208.86276
metformin hcl,1154614.649
metformin hcl,43882628.21
metformin hcl,247.2704564
metformin hcl,296029.6092
metformin hcl,4384.75184
metformin hcl,31786469.65
metformin hcl,772964.4755
metformin hcl,692.0667981
metformin hcl,345.4651913
metformin hcl,115496.7599
metformin hcl,1731.510789
metformin hcl er,143095630.3
metformin hcl er,2405684.669
metformin hcl er,125622.4365
metformin hcl er,2499070.123
metformin hcl er,8284739.444
metformin hcl er,3488686.249
metformin hcl er,430.3105749
metformin hcl er,35326.97394
metformin hcl er,1375685.099
metformin hcl er,25665.94281
metformin hcl er,273124.996
metformin hcl er,73036074.43
metformin hcl er,770026.8756
metformin hcl er,1769941.574
metformin hcl er,310.7975529
metformin hcl er,827.5618956
metformin hcl er,217.0552612
metformin hcl er,33013058.3
metformin hcl er,561.3839908
metformin hcl er,4687.835939
metformin hcl er,1894.253375
metformin hcl er,38661.82685
methadone hcl,12897191.3
methadone hcl,4066530.925
methadone hcl,8221441.306
methadone hcl,7505.541441
methadone hcl,10423.74928
methadone hcl,66996.89514
methadone hcl,119.8512272
methadone hcl,12182.82181
methadone hcl,131.6832574
methadone hcl,18105.53507
methadone hcl,93392.4901
methadone hcl,275216.1372
methadone hcl,1089.404905
methadone hcl,379206.4111
methadone hcl,19235.58721
methadone intensol,26876.88255
methadone intensol,26813.16688
methadose,7638.15831
methadose,7654.817336
methamphetamine hcl,61957.49667
methamphetamine hcl,61875.63601
methazolamide,12062457.48
methazolamide,4467422.627
methazolamide,128584.8299
methazolamide,77153.31133
methazolamide,445905.7734
methazolamide,5720542.048
methazolamide,2009385.521
methenamine hippurate,59723167.35
methenamine hippurate,16734116.33
methenamine hippurate,26431.84067
methenamine hippurate,1830193.566
methenamine hippurate,13491695.36
methenamine hippurate,27235973.8
methenamine mandelate,792870.1185
methenamine mandelate,188909.0271
methenamine mandelate,594576.0083
methenamine mandelate,50127.96339
methimazole,13220274.88
methimazole,3579516.757
methimazole,71805.46808
methimazole,122612.3792
methimazole,1408418.864
methimazole,7599151.638
methimazole,182.410078
methimazole,251972.5867
methitest,228762.5797
methitest,227952.1502
methocarbamol,33121130.34
methocarbamol,15882601.12
methocarbamol,197.1517711
methocarbamol,474.9852744
methocarbamol,2017113.287
methocarbamol,1623.359108
methocarbamol,1777.472062
methocarbamol,402.5680233
methocarbamol,5877227.026
methocarbamol,201.1554158
methocarbamol,3323031.021
methocarbamol,28762.9194
methocarbamol,11559.81549
methocarbamol,318298.1471
methocarbamol,183.0096294
methocarbamol,2927181.749
methocarbamol,1010237.549
methocarbamol,8244.805913
methocarbamol,24245.33298
methocarbamol,669.1466907
methotrexate sodium,821103.705
methotrexate sodium,508525.0995
methotrexate sodium,155633.1191
methotrexate sodium,1100.272018
methotrexate sodium,192053.0343
methotrexate,81472558.46
methotrexate,20223043.79
methotrexate,13739241.4
methotrexate,71149.51497
methotrexate,5752115.96
methotrexate,6268483.335
methotrexate,20506.94305
methotrexate,11889177.05
methotrexate,980.4911199
methotrexate,2771669.463
methotrexate,70508.59371
methotrexate,2152.915886
methotrexate,21986.15608
methotrexate,7196347.804
methotrexate,125888.129
methotrexate,11921770.22
methotrexate,447108.2872
methotrexate,4287784.717
methoxsalen,590058.6153
methoxsalen,592241.3601
methscopolamine bromide,860202.6236
methscopolamine bromide,527927.0506
methscopolamine bromide,285466.4235
methsuximide,128710.3235
methsuximide,129294.6764
methylergonovine maleate,493194.74
methylergonovine maleate,50019.71998
methylergonovine maleate,54517.86413
methylergonovine maleate,99968.07005
methylergonovine maleate,320183.1284
methylin,4147.061087
methylin,4151.653965
methylphenidate,357844.0615
methylphenidate,59523.60879
methylphenidate,291875.6779
methylphenidate er,25542336.65
methylphenidate er,3893788.826
methylphenidate er,292876.8815
methylphenidate er,366579.1592
methylphenidate er,139305.4583
methylphenidate er,12340600.33
methylphenidate er,81104.07458
methylphenidate er,33183.63037
methylphenidate er,371850.1362
methylphenidate er,3219033.904
methylphenidate er,2257215.086
methylphenidate er,183867.1337
methylphenidate er,242477.7897
methylphenidate er,1710751.976
methylphenidate er,4778.833135
methylphenidate er,24093.58421
methylphenidate er (la),927655.5376
methylphenidate er (la),924616.498
methylphenidate hcl,18431234.69
methylphenidate hcl,251.5896662
methylphenidate hcl,57019.80978
methylphenidate hcl,21122.88476
methylphenidate hcl,99112.61892
methylphenidate hcl,130787.5377
methylphenidate hcl,5639795.16
methylphenidate hcl,347.3898564
methylphenidate hcl,1941.380442
methylphenidate hcl,1241489.001
methylphenidate hcl,128892.7705
methylphenidate hcl,1230.098612
methylphenidate hcl,5158298.506
methylphenidate hcl,837561.7123
methylphenidate hcl,242420.1883
methylphenidate hcl,12025.95431
methylphenidate hcl,3176656.966
methylphenidate hcl,1437639.106
methylphenidate hcl cd,1112426.619
methylphenidate hcl cd,1056601.264
methylphenidate hcl cd,164561.2703
methylphenidate hcl er (cd),1366833.004
methylphenidate hcl er (cd),165358.0932
methylphenidate hcl er (cd),1136815.479
methylphenidate la,4025651.613
methylphenidate la,2402955.733
methylphenidate la,1314785.225
methylprednisolone,40886652.02
methylprednisolone,4766780.239
methylprednisolone,224661.1388
methylprednisolone,10075708.65
methylprednisolone,2709.285195
methylprednisolone,1830280.518
methylprednisolone,544326.7852
methylprednisolone,16614540.7
methylprednisolone,2473223.384
methylprednisolone,161.3700687
methylprednisolone,17755871.53
methylprednisolone,118.5423089
methylprednisolone acetate,236300.4175
methylprednisolone acetate,7900.978204
methylprednisolone acetate,4377.406794
methylprednisolone acetate,24031.14221
methylprednisolone acetate,2051.000783
methylprednisolone acetate,193572.3665
methylprednisolone acetate,8730.21809
methylprednisolone acetate,1224.619343
methylprednisolone sodium succ,443418.9495
methylprednisolone sodium succ,30125.32001
methylprednisolone sodium succ,142625.2857
methylprednisolone sodium succ,3874.155975
methylprednisolone sodium succ,36289.21511
methylprednisolone sodium succ,4579.838119
methylprednisolone sodium succ,254227.4084
methyltestosterone,417890.1019
methyltestosterone,118918.5466
methyltestosterone,290331.3531
metoclopramide hcl,10550882.52
metoclopramide hcl,6440.988678
metoclopramide hcl,4895.560664
metoclopramide hcl,3330.39648
metoclopramide hcl,9371143.167
metoclopramide hcl,354230.3249
metoclopramide hcl,19829.63694
metoclopramide hcl,25800.29935
metoclopramide hcl,493.9987653
metoclopramide hcl,8585.169764
metoclopramide hcl,645673.0644
metoclopramide hcl,14370.00648
metolazone,25294627.47
metolazone,399.7032161
metolazone,1113.263682
metolazone,5827810.303
metolazone,25050.69016
metolazone,5238445.531
metolazone,133926.2271
metolazone,908693.8309
metolazone,97.25666329
metolazone,3668.939797
metolazone,4402802.325
metolazone,494187.0862
metolazone,1761395.678
metolazone,6713147.398
metopirone,1084933.1
metopirone,1082866.182
metoprolol succinate,451550229.4
metoprolol succinate,8095074.691
metoprolol succinate,59777596.35
metoprolol succinate,39176716.15
metoprolol succinate,4666427.985
metoprolol succinate,27054403.09
metoprolol succinate,56516.45787
metoprolol succinate,16298.40901
metoprolol succinate,9621312.368
metoprolol succinate,114838.702
metoprolol succinate,40323477.12
metoprolol succinate,1054.215702
metoprolol succinate,1421453.213
metoprolol succinate,448331.7083
metoprolol succinate,92973430.52
metoprolol succinate,144799276.3
metoprolol succinate,2868.926042
metoprolol succinate,332.6740857
metoprolol succinate,5243486.019
metoprolol succinate,17444502.62
metoprolol succinate,326.378776
metoprolol succinate,28607846.82
metoprolol succinate,9609634.66
metoprolol succinate,1315.79233
metoprolol succinate,92521678.11
metoprolol tartrate,140783716.2
metoprolol tartrate,16532088.24
metoprolol tartrate,30710.19438
metoprolol tartrate,21245587.2
metoprolol tartrate,19258195.83
metoprolol tartrate,6640.510485
metoprolol tartrate,3920011.759
metoprolol tartrate,157.2551868
metoprolol tartrate,528.6697375
metoprolol tartrate,20111355.47
metoprolol tartrate,7482.231413
metoprolol tartrate,69565.84476
metoprolol tartrate,6462.918792
metoprolol tartrate,759.4884548
metoprolol tartrate,12468740.26
metoprolol tartrate,16501773.8
metoprolol tartrate,2795.019009
metoprolol tartrate,110.9269046
metoprolol tartrate,19614600.61
metoprolol-hydrochlorothiazide,2804040.087
metoprolol-hydrochlorothiazide,671.0517914
metoprolol-hydrochlorothiazide,1026062.322
metoprolol-hydrochlorothiazide,1683719.012
metro iv,3558.251629
metro iv,3548.566622
metrogel,143193.864
metrogel,142957.1492
metronidazole,70270.44892
metronidazole,13773.34019
metronidazole,6033.044652
metronidazole,16441.8576
metronidazole,35343.69559
metronidazole,3219.749709
metronidazole,66331657.08
metronidazole,1339389.137
metronidazole,1967905.611
metronidazole,13583454.13
metronidazole,1295.255171
metronidazole,6456040.881
metronidazole,1453552.52
metronidazole,10886303.64
metronidazole,922389.943
metronidazole,780.0507774
metronidazole,1055179.933
metronidazole,2888189.004
metronidazole,3564.18284
metronidazole,2481341.403
metronidazole,152087.8347
metronidazole,19209614.08
metronidazole,6894396.405
metronidazole,507776.6034
metronidazole,8028.337276
metronidazole,581474.2856
metronidazole,484458.608
metronidazole,1371.378554
metronidazole,2120847.519
metronidazole,959676.098
metyrosine,4079978.707
metyrosine,1728185.537
metyrosine,3480307.739
mexiletine hcl,13309110.29
mexiletine hcl,4665148.841
mexiletine hcl,1433493.495
mexiletine hcl,1793.070932
mexiletine hcl,3820837.634
mexiletine hcl,217155.5089
mexiletine hcl,3621179.402
miacalcin,804383.5682
miacalcin,794573.0711
mibelas 24 fe,17577.29509
mibelas 24 fe,17544.32636
micafungin,10735144.15
micafungin,258415.5396
micafungin,555257.2016
micafungin,539638.3556
micafungin,185143.311
micafungin,96204.0888
micafungin,26332.18594
micafungin,1149287.875
micafungin,7058271.951
micafungin,5276.680507
micardis,2060811.941
micardis,2050112.969
micardis hct,935182.942
micardis hct,935944.0639
miconazole 3,121456.094
miconazole 3,121507.8093
miconazole-zinc oxide-petroltm,320903.4553
miconazole-zinc oxide-petroltm,322025.2283
microdot insulin pen needle,99.63300761
microdot insulin pen needle,99.47331136
microgestin,90660.88326
microgestin,91271.38314
microgestin 24 fe,785.5063887
microgestin 24 fe,786.0450712
microgestin fe,58131.37298
microgestin fe,58744.29104
midazolam hcl,90073.22573
midazolam hcl,161.7843707
midazolam hcl,88659.69228
midazolam hcl,91378.36167
midazolam hcl,72.98843863
midazolam hcl,13047.77135
midazolam hcl,63590.39603
midazolam hcl,2709.87092
midazolam hcl,2276.775404
midazolam hcl,856.1140668
midazolam hcl,124.7934538
midazolam hcl,410.7145136
midazolam hcl,5713.538013
midodrine hcl,103535489.5
midodrine hcl,40047539.29
midodrine hcl,1284610.657
midodrine hcl,7532146.353
midodrine hcl,7636368.774
midodrine hcl,1101345.414
midodrine hcl,1597445.789
midodrine hcl,647987.29
midodrine hcl,38611.29873
midodrine hcl,33013.03679
midodrine hcl,1232126.589
midodrine hcl,724.7857687
midodrine hcl,16211.92554
midodrine hcl,22082.24068
midodrine hcl,37572816.65
midodrine hcl,5490130.249
midodrine hcl,10699791.19
miebo,9515651.067
miebo,9503384.903
migergot,2592047.626
migergot,2579944.409
miglitol,573876.9392
miglitol,11787.3037
miglitol,577152.4912
miglustat,4845419.425
miglustat,7016649.9
miglustat,1031982.426
migranal,554490.3764
migranal,551164.6725
mili,186897.9243
mili,186932.4896
millipred,213137.0031
millipred,20745.22832
millipred,185484.1267
milrinone in 5% dextrose,146951.5402
milrinone in 5% dextrose,41821.42953
milrinone in 5% dextrose,2129.310067
milrinone in 5% dextrose,36755.35464
milrinone in 5% dextrose,4253.638274
milrinone in 5% dextrose,47545.93576
milrinone lactate,255371.4328
milrinone lactate,71948.32792
milrinone lactate,3410.114645
milrinone lactate,2856.021054
milrinone lactate,30717.64632
milrinone lactate,129483.9949
mimvey,464335.2627
mimvey,463351.7967
minastrin 24 fe,32259.33387
minastrin 24 fe,32242.81805
mini pen needle,77351.0293
mini pen needle,77319.71262
mini ultra-thin ii,22755.41208
mini ultra-thin ii,22737.33211
minipress,15208.27746
minipress,15273.96963
minivelle,1379980.326
minivelle,1387141.484
minocin,397844.9682
minocin,396993.7326
minocycline hcl,12261352.17
minocycline hcl,2186690.551
minocycline hcl,5947324.664
minocycline hcl,9981.724291
minocycline hcl,7745.142461
minocycline hcl,48537.03483
minocycline hcl,256.1419872
minocycline hcl,14131.3848
minocycline hcl,88274.76193
minocycline hcl,2695440.929
minocycline hcl,24219.4084
minocycline hcl,958671.6166
minocycline hcl er,191260.6454
minocycline hcl er,2549.776944
minocycline hcl er,187617.4693
minolira er,13630.6468
minolira er,13585.62341
minoxidil,8491974.799
minoxidil,5861809.578
minoxidil,1727928.61
minoxidil,940645.0803
minoxidil,751.9365291
mirapex er,820285.509
mirapex er,818314.0226
mircette,7450.033025
mircette,7377.607854
mirena,763731.2696
mirena,761473.863
mirtazapine,146581944.9
mirtazapine,647605.0889
mirtazapine,24687405.78
mirtazapine,696497.2089
mirtazapine,22239213.79
mirtazapine,32422.15168
mirtazapine,288814.9526
mirtazapine,27792.21407
mirtazapine,646.8976328
mirtazapine,184.1396118
mirtazapine,1899.261725
mirtazapine,121616784.5
mirtazapine,12472451.56
mirtazapine,3302.731408
mirvaso,956758.9037
mirvaso,953301.923
misoprostol,4527397.778
misoprostol,2388630.278
misoprostol,46830.25151
misoprostol,1725489.119
misoprostol,283486.6775
misoprostol,402.4608893
mitigare,25152428.6
mitigare,25154675.56
mitigo,3035.59316
mitigo,3049.394949
mitomycin,891684.5633
mitomycin,138667.0932
mitomycin,256966.4507
mitomycin,26196.80589
mitomycin,78645.14685
mitomycin,87953.78369
mitomycin,275703.0532
modafinil,37848584.72
modafinil,736574.8651
modafinil,2880721.113
modafinil,387712.0822
modafinil,1081.597546
modafinil,380447.59
modafinil,7373354.527
modafinil,3628945.307
modafinil,9362396.045
modafinil,9370731.477
modafinil,6884318.305
modafinil,628.2400419
moexipril hcl,1737950.325
moexipril hcl,188483.5099
moexipril hcl,1564211.742
molindone hcl,133678.4529
molindone hcl,133307.9986
mometasone furoate,51026115.52
mometasone furoate,4111.762172
mometasone furoate,3828352.395
mometasone furoate,2944834.309
mometasone furoate,292846.1093
mometasone furoate,2485.468206
mometasone furoate,1380725.84
mometasone furoate,14020.38469
mometasone furoate,6233614.948
mometasone furoate,29192756.7
mometasone furoate,10457433.71
monjuvi,1098686.099
monjuvi,1144541.303
mono-linyah,85856.37245
mono-linyah,86193.34096
monoject,665.3752697
monoject,675.1868533
monoject insulin safety syrng,84326.75663
monoject insulin safety syrng,86119.14083
monoject insulin syringe,6982.081452
monoject insulin syringe,3856.377451
monoject insulin syringe,2099.515499
monoject insulin syringe,1488.285294
monoject insulin syringe,15664.83818
monoject insulin syringe,5578.087211
monoject insulin syringe,371.514551
monoject insulin syringe,1873.127732
monoject insulin syringe,5843.154057
monoject insulin syringe,92961.75272
monoject insulin syringe,83955.55838
monoject insulin syringe,8128.910009
monoject insulin syringe,2236.705902
montelukast sodium,247853697.0
montelukast sodium,41329.64119
montelukast sodium,112866.3051
montelukast sodium,32850132.2
montelukast sodium,24502119.15
montelukast sodium,403.7274662
montelukast sodium,4566.188779
montelukast sodium,1735.215998
montelukast sodium,342874.0417
montelukast sodium,4166314.845
montelukast sodium,75502.24254
montelukast sodium,3928008.124
montelukast sodium,592297.164
montelukast sodium,22476007.02
montelukast sodium,6369427.009
montelukast sodium,89678.59049
montelukast sodium,168.9462003
montelukast sodium,33074044.74
montelukast sodium,4101758.389
montelukast sodium,71717253.84
montelukast sodium,1378.262171
montelukast sodium,4339.973746
monurol,76514.4666
monurol,76157.64238
morphine sulfate er,65533153.6
morphine sulfate er,311.7980367
morphine sulfate er,4958321.094
morphine sulfate er,18794741.79
morphine sulfate er,17471258.73
morphine sulfate er,692948.1659
morphine sulfate er,23048930.41
morphine sulfate er,135491.1225
morphine sulfate er,1888.458154
morphine sulfate er,1641.278452
morphine sulfate er,2091762.829
morphine sulfate er,11515.39106
morphine sulfate,18828469.4
morphine sulfate,6767232.794
morphine sulfate,3817720.856
morphine sulfate,177501.6618
morphine sulfate,11174.04195
morphine sulfate,4891909.518
morphine sulfate,19247.56241
morphine sulfate,22816.35525
morphine sulfate,649129.6437
morphine sulfate,1172165.238
morphine sulfate,7129.408928
morphine sulfate,4736.543933
morphine sulfate,802419.0495
morphine sulfate,606.1512195
motegrity,73892828.35
motegrity,68420367.13
motofen,607183.9677
motofen,609987.5797
mounjaro,222571744.9
mounjaro,1180195194.0
movantik,115225424.1
movantik,114390954.8
movantik,20974848.02
moviprep,70030.25267
moviprep,69445.37003
moxifloxacin,30340564.1
moxifloxacin,9021138.872
moxifloxacin,497018.4321
moxifloxacin,2505694.495
moxifloxacin,273536.1259
moxifloxacin,2709146.47
moxifloxacin,105383.1296
moxifloxacin,6568511.853
moxifloxacin,9007427.635
moxifloxacin,480507.2859
moxifloxacin,6900.863088
moxifloxacin,21758.16043
moxifloxacin,21737.13783
moxifloxacin,6399.314326
moxifloxacin,6458.116564
moxifloxacin hcl,3258765.515
moxifloxacin hcl,159557.261
moxifloxacin hcl,10092.02753
moxifloxacin hcl,72701.66191
moxifloxacin hcl,756379.933
moxifloxacin hcl,1346473.727
moxifloxacin hcl,1498.59739
moxifloxacin hcl,111595.1206
moxifloxacin hcl,663046.2316
mozobil,2784536.479
mozobil,2882191.154
ms contin,1091154.535
ms contin,1122348.597
mulpleta,262398.8208
mulpleta,260179.909
multaq,197446576.7
multaq,326899945.7
multi-vitamin w-fluoride-iron,607.9983
multi-vitamin w-fluoride-iron,603.6991187
multivitamin with fluoride,2905.366067
multivitamin with fluoride,1694.54054
multivitamin with fluoride,883.9614497
multivitamin with fluoride,510.2441085
multivitamin with fluoride,505.5119722
mupirocin,35170289.02
mupirocin,11373806.03
mupirocin,6316485.615
mupirocin,6334819.147
mupirocin,1843857.176
mupirocin,467.6060278
mupirocin,8880870.288
mupirocin,26357.49757
mupirocin,12095320.51
mupirocin,5870023.715
mupirocin,144742.6568
mupirocin,970967.7729
mupirocin,2672639.027
mupirocin,1902802.066
mupirocin,648755.6327
mupirocin,492465.019
mvasi,12197291.17
mvasi,11770076.21
myalept,5116381.181
myalept,14053877.39
myambutol,9883.836227
myambutol,9823.902675
mycamine,253073.5455
mycamine,253374.0448
mycapssa,6177794.064
mycapssa,5981579.04
mycobutin,18569.05203
mycobutin,18423.14765
mycophenolate mofetil,60600605.48
mycophenolate mofetil,3445873.353
mycophenolate mofetil,22025038.08
mycophenolate mofetil,6555949.064
mycophenolate mofetil,2306693.723
mycophenolate mofetil,406517.5673
mycophenolate mofetil,5743.684908
mycophenolate mofetil,43917.97014
mycophenolate mofetil,3248647.41
mycophenolate mofetil,1566.961223
mycophenolate mofetil,294750.0283
mycophenolate mofetil,787100.8316
mycophenolate mofetil,1905266.633
mycophenolate mofetil,15508888.48
mycophenolate mofetil,957118.8056
mycophenolate mofetil,11766568.84
mycophenolic acid,20174823.81
mycophenolic acid,828242.0202
mycophenolic acid,1109749.426
mycophenolic acid,160654.3125
mycophenolic acid,9152.006178
mycophenolic acid,1618.435207
mycophenolic acid,1042803.366
mycophenolic acid,719716.8525
mycophenolic acid,4910200.832
mycophenolic acid,80437.48613
mycophenolic acid,796925.3418
mycophenolic acid,9071627.425
mydayis,2395691.912
mydayis,2397342.806
myfembree,1644697.816
myfembree,1672994.765
myfortic,1264657.938
myfortic,1286276.184
myleran,170256.6866
myleran,75945.53708
myleran,114812.219
myobloc,895731.3049
myobloc,897450.6783
myorisan,105320.0136
myorisan,106088.5298
myrbetriq,308733449.6
myrbetriq,1596300801.0
mysoline,12363805.33
mysoline,12529965.49
mytesi,7298965.764
mytesi,7227705.191
np thyroid,7461234.749
np thyroid,7530549.601
nplate,14866760.25
nplate,14250959.37
nabumetone,12586333.64
nabumetone,211431.1737
nabumetone,1219911.699
nabumetone,9222550.184
nabumetone,1430.477273
nabumetone,7195.49605
nabumetone,18420.40269
nabumetone,3600537.253
nabumetone,887.409079
nadolol,20791071.49
nadolol,4082206.902
nadolol,15614.40845
nadolol,10262.91575
nadolol,4088.681156
nadolol,79603.56516
nadolol,5433.900949
nadolol,6973.060128
nadolol,83094.33927
nadolol,30827.9771
nadolol,7068089.506
nadolol,605328.2136
nadolol,4321092.979
nadolol,23267.57033
nadolol,3168750.518
nafcillin,26919.81729
nafcillin,26887.81322
nafcillin sodium,3693250.446
nafcillin sodium,1438922.743
nafcillin sodium,67286.81771
nafcillin sodium,21326.40109
nafcillin sodium,1547.175511
nafcillin sodium,332023.9394
nafcillin sodium,137191.435
nafcillin sodium,461299.4413
nafcillin sodium,489233.7744
nafcillin sodium,767430.8156
naftifine hcl,7056485.266
naftifine hcl,1877392.729
naftifine hcl,4484462.541
naftifine hcl,552522.207
naftin,2334460.726
naftin,2355289.131
naglazyme,4305135.679
naglazyme,5870439.102
nalbuphine hcl,331883.0541
nalbuphine hcl,331886.8588
nalfon,25644.25791
nalfon,25639.30802
nalocet,924635.0774
nalocet,921667.1662
naloxone hcl,76518720.95
naloxone hcl,10430.90744
naloxone hcl,42178870.08
naloxone hcl,131227.4169
naloxone hcl,24206094.27
naloxone hcl,677.3781666
naloxone hcl,74181.42391
naloxone hcl,315.8424884
naloxone hcl,98243.38737
naloxone hcl,60773.43334
naloxone hcl,6749.803384
naloxone hcl,13980.77021
naloxone hcl,6488546.707
naloxone hcl,14859.62272
naloxone hcl,73530.91736
naloxone hcl,34164.30971
naltrexone hcl,21032018.43
naltrexone hcl,1032869.195
naltrexone hcl,10236480.48
naltrexone hcl,4329723.966
naltrexone hcl,1095.864737
naltrexone hcl,30532.52459
naltrexone hcl,80595.31585
naltrexone hcl,2194.239927
naltrexone hcl,23410.77003
naltrexone hcl,6520242.474
naltrexone hcl,8740.569228
namenda,575283.1311
namenda,531862.6599
namenda,59845.64018
namenda xr,2039988.968
namenda xr,2056728.83
namzaric,107686466.8
namzaric,103255165.7
nano 2nd gen pen needle,111898727.0
nano 2nd gen pen needle,109920496.6
naprelan,114608.7732
naprelan,115563.7972
naproxen,43408476.76
naproxen,303498.4076
naproxen,727982.0846
naproxen,100298.3678
naproxen,466573.8421
naproxen,3979691.793
naproxen,36579.93415
naproxen,410.1627799
naproxen,12514000.24
naproxen,4679038.725
naproxen,2716944.125
naproxen,11686419.68
naproxen,8912.229875
naproxen,25856.17026
naproxen,339966.5562
naproxen,2377614.708
naproxen,400.6590713
naproxen,2004434.616
naproxen,8870416.216
naproxen,82.35756847
naproxen sodium,5279059.372
naproxen sodium,2984077.912
naproxen sodium,6391.482028
naproxen sodium,588161.3796
naproxen sodium,903969.8014
naproxen sodium,338216.8848
naproxen sodium,432554.9033
naproxen sodium cr,3089650.643
naproxen sodium cr,3118009.691
naproxen sodium er,1474830.951
naproxen sodium er,1488236.106
naproxen-esomeprazole mag,25424647.92
naproxen-esomeprazole mag,925562.9761
naproxen-esomeprazole mag,8031802.927
naproxen-esomeprazole mag,14164741.61
naproxen-esomeprazole mag,3890294.922
naratriptan hcl,3776256.822
naratriptan hcl,585441.2113
naratriptan hcl,12125.55254
naratriptan hcl,892551.3959
naratriptan hcl,2210675.494
narcan,2194727.02
narcan,2202901.894
nardil,120542.7173
nardil,121004.2421
nascobal,8016.474616
nascobal,8042.340486
natacyn,775534.7918
natacyn,765342.9046
natazia,120767.3921
natazia,121095.9387
nateglinide,13692745.74
nateglinide,7561876.738
nateglinide,138077.6273
nateglinide,1579934.712
nateglinide,40409.00548
nateglinide,809947.4853
nateglinide,3367555.426
nateglinide,210517.6404
natesto,581834.3537
natesto,582172.8545
natroba,134869.4084
natroba,134828.9972
nayzilam,30245235.74
nayzilam,29990321.91
nebivolol hcl,104065146.8
nebivolol hcl,8381542.327
nebivolol hcl,26583176.94
nebivolol hcl,738067.9973
nebivolol hcl,94100.89769
nebivolol hcl,50016.64465
nebivolol hcl,22810132.5
nebivolol hcl,13573774.88
nebivolol hcl,16336082.54
nebivolol hcl,21497488.79
necon,7507.480537
necon,7522.355325
nefazodone hcl,1076891.534
nefazodone hcl,1075122.208
neo-polycin,1099.785554
neo-polycin,1091.948025
neo-polycin hc,907.4763847
neo-polycin hc,900.6807866
neo-synalar,253162.4346
neo-synalar,253593.911
neomycin sulfate,722866.061
neomycin sulfate,1990.260105
neomycin sulfate,729607.9314
neomycin-bacitracin-poly-hc,255350.9665
neomycin-bacitracin-poly-hc,255249.0506
neomycin-bacitracin-poly-hc,1370.959452
neomycin-bacitracin-polymyxin,406009.0878
neomycin-bacitracin-polymyxin,183048.7765
neomycin-bacitracin-polymyxin,199785.1492
neomycin-bacitracin-polymyxin,2652.493574
neomycin-polymyxin b,58373.31669
neomycin-polymyxin b,58417.37676
neomycin-polymyxin-dexameth,14888654.22
neomycin-polymyxin-dexameth,7238823.048
neomycin-polymyxin-dexameth,31394.44336
neomycin-polymyxin-dexameth,8198079.596
neomycin-polymyxin-gramicidin,155586.3733
neomycin-polymyxin-gramicidin,155627.8294
neomycin-polymyxin-hc,15999778.08
neomycin-polymyxin-hc,4587311.069
neomycin-polymyxin-hc,3900198.967
neomycin-polymyxin-hc,7464938.726
neomycin-polymyxin-hydrocort,14352552.45
neomycin-polymyxin-hydrocort,7241612.601
neomycin-polymyxin-hydrocort,7007518.583
neoral,1192134.774
neoral,1216751.86
nerlynx,37626142.08
nerlynx,39869240.37
nesina,409108.9156
nesina,409705.8218
neulasta,41649225.73
neulasta,41788027.41
neulasta onpro,35736773.47
neulasta onpro,36060999.63
neupogen,9327054.076
neupogen,9229817.525
neupro,92268167.23
neupro,96821270.66
neurontin,20660555.04
neurontin,20652081.48
nevanac,1614782.787
nevanac,1523079.415
nevanac,73001.97875
nevirapine,314536.7283
nevirapine,84831.88087
nevirapine,100845.7656
nevirapine,136093.4378
nevirapine,3206.938955
nevirapine er,2095463.635
nevirapine er,575393.2767
nevirapine er,1542682.606
nevirapine er,3003.834248
nexavar,8422961.806
nexavar,8535501.439
nexium,67725659.51
nexium,65422370.64
nexletol,49899039.6
nexletol,48957505.97
nexlizet,52318455.87
nexlizet,49454406.87
nexplanon,401476.7183
nexplanon,401616.746
nextstellis,74891.20629
nextstellis,75109.48878
nexviazyme,12382096.69
nexviazyme,25538445.6
niacin,1840628.921
niacin,1858856.057
niacin er,17404667.43
niacin er,6447519.026
niacin er,2321.390945
niacin er,74810.02549
niacin er,38705.78632
niacin er,1035628.186
niacin er,9773.082208
niacin er,4999479.261
niacin er,6568506.2
niacor,141982.5301
niacor,142184.0465
nicardipine hcl,3421940.474
nicardipine hcl,620929.6584
nicardipine hcl,782553.6202
nicardipine hcl,9666.168629
nicardipine hcl,2347292.241
nicotrol,14821484.91
nicotrol,14770576.95
nicotrol ns,5417558.971
nicotrol ns,5383227.829
nifedipine,781481.6822
nifedipine,473030.6388
nifedipine,1871.114715
nifedipine,3214.581977
nifedipine,318678.5242
nifedipine,8895.684922
nifedipine er,148089360.6
nifedipine er,11157194.13
nifedipine er,129.8018127
nifedipine er,18629879.46
nifedipine er,21589.77802
nifedipine er,4234342.835
nifedipine er,4101328.919
nifedipine er,92162013.54
nifedipine er,2512.9122
nifedipine er,11713050.49
nifedipine er,4173895.936
nifedipine er,959.6191592
nikki,182099.6422
nikki,182165.0629
nilandron,46278.14098
nilandron,46315.26963
nilutamide,1556063.336
nilutamide,781533.3099
nilutamide,820262.3449
nimodipine,1103119.202
nimodipine,892641.7532
nimodipine,234964.6353
ninlaro,228637276.4
ninlaro,298917828.4
nipent,96914.19988
nipent,96263.5108
nisoldipine,5065544.219
nisoldipine,3647013.412
nisoldipine,1537635.31
nitazoxanide,4602808.547
nitazoxanide,3959553.47
nitazoxanide,752933.6043
nitisinone,849111.6171
nitisinone,838860.3065
nitro-bid,1159871.606
nitro-bid,1160609.571
nitro-dur,3463190.12
nitro-dur,3474635.0
nitrofurantoin,8090186.608
nitrofurantoin,4322522.311
nitrofurantoin,2349330.091
nitrofurantoin,250080.3077
nitrofurantoin,1001338.577
nitrofurantoin,22704096.09
nitrofurantoin,2344107.939
nitrofurantoin,1014868.918
nitrofurantoin,3317.179925
nitrofurantoin,18921.8129
nitrofurantoin,3889923.41
nitrofurantoin,1381761.41
nitrofurantoin,9527259.131
nitrofurantoin,7353917.066
nitrofurantoin,32692.54634
nitrofurantoin mono-macro,62371837.79
nitrofurantoin mono-macro,314497.5794
nitrofurantoin mono-macro,13037197.96
nitrofurantoin mono-macro,10210112.94
nitrofurantoin mono-macro,9394654.135
nitrofurantoin mono-macro,447.1887788
nitrofurantoin mono-macro,25415.17334
nitrofurantoin mono-macro,2676459.336
nitrofurantoin mono-macro,565.3036654
nitrofurantoin mono-macro,3927475.261
nitrofurantoin mono-macro,1793.83993
nitrofurantoin mono-macro,11587108.32
nitrofurantoin mono-macro,24692027.04
nitrofurantoin mono-macro,4358.642039
nitroglycerin patch,8612225.632
nitroglycerin patch,44416.04012
nitroglycerin patch,697274.2924
nitroglycerin patch,304.9728594
nitroglycerin patch,7525337.041
nitroglycerin,41344543.8
nitroglycerin,2953107.823
nitroglycerin,1458613.287
nitroglycerin,236.2483862
nitroglycerin,10287892.71
nitroglycerin,18080554.08
nitroglycerin,11696530.11
nitroglycerin,393724.6608
nitroglycerin,1198544.885
nitroglycerin,311380.3884
nitrolingual,32469.97904
nitrolingual,32406.48904
nitrostat,246844.1179
nitrostat,246352.229
nityr,38267.88925
nityr,38007.59893
niva thyroid,16803.04549
niva thyroid,17069.07094
niva-plus,24493.619
niva-plus,24988.96002
nivestym,15018244.39
nivestym,14983473.29
nizatidine,329371.2791
nizatidine,327483.0064
nocdurna,2023264.99
nocdurna,2039109.709
nora-be,58807.31266
nora-be,59142.82684
norditropin flexpro,11377752.98
norditropin flexpro,11203256.07
norethin-eth estra-ferrous fum,49625.24314
norethin-eth estra-ferrous fum,49844.42054
norethindron-ethinyl estradiol,1279480.093
norethindron-ethinyl estradiol,16544.1599
norethindron-ethinyl estradiol,30828.46032
norethindron-ethinyl estradiol,1188247.509
norethindrone,1334131.97
norethindrone,673218.2286
norethindrone,348495.531
norethindrone,336013.3016
norethindrone acetate,3177935.686
norethindrone acetate,287130.0271
norethindrone acetate,785402.126
norethindrone acetate,343129.9825
norethindrone acetate,1440644.779
norethindrone acetate,267920.8775
norethindrone-e.estradiol-iron,186119.9484
norethindrone-e.estradiol-iron,32736.6552
norethindrone-e.estradiol-iron,146542.7594
norgesic forte,3628833.058
norgesic forte,3806876.676
norgestimate-ethinyl estradiol,482403.6036
norgestimate-ethinyl estradiol,152968.7455
norgestimate-ethinyl estradiol,333716.4845
norgestimate-ethinyl estradiol,1850.405701
noritate,3123576.581
noritate,3094579.619
norliqva,295555.4333
norliqva,296389.3433
norlyda,2060.215731
norlyda,2064.385239
norpace,33586.51114
norpace,32999.3892
norpace cr,780541.0344
norpace cr,778025.9526
northera,28804597.93
northera,29556867.5
nortrel,499872.375
nortrel,500211.4239
nortriptyline hcl,22243684.55
nortriptyline hcl,11491842.84
nortriptyline hcl,8708832.757
nortriptyline hcl,470910.4958
nortriptyline hcl,1717767.077
norvasc,17371520.86
norvasc,17261408.1
norvir,807157.1861
norvir,813691.6034
nourianz,47407389.19
nourianz,49762110.21
novarel,27745.55849
novarel,27634.33265
novofine 32,7722282.22
novofine 32,7722786.732
novofine autocover,11583846.31
novofine autocover,11576657.69
novofine plus,313259.9274
novofine plus,313360.0048
novolin 70-30,93144593.29
novolin 70-30,1646954.009
novolin 70-30,104294168.3
novolin 70-30 flexpen,64964629.51
novolin 70-30 flexpen,264650.3905
novolin 70-30 flexpen,65874779.47
novolin n,51893980.33
novolin n,879747.9618
novolin n,55405735.31
novolin n flexpen,22275053.14
novolin n flexpen,169820.0194
novolin n flexpen,21700890.3
novolin r,44892227.01
novolin r,564279.0546
novolin r,41834541.5
novolin r flexpen,16857882.18
novolin r flexpen,40778.35103
novolin r flexpen,18065737.2
novolog,303766791.1
novolog,1257741.055
novolog,614712342.9
novolog flexpen,501238925.8
novolog flexpen,7569201.556
novolog flexpen,1596272831.0
novolog mix 70-30,68507586.46
novolog mix 70-30,252331.1334
novolog mix 70-30,70327124.06
novolog mix 70-30 flexpen,200837900.7
novolog mix 70-30 flexpen,758403.5641
novolog mix 70-30 flexpen,324191549.2
novolog penfill,13106292.51
novolog penfill,13060980.18
novopen echo,31798.94402
novopen echo,31864.6646
novotwist,72933.71132
novotwist,73067.13908
noxafil,2866816.362
noxafil,2833698.566
nubeqa,245010006.5
nubeqa,507215328.6
nucala,180387444.6
nucala,261801994.6
nucynta,57394930.21
nucynta,54873208.0
nucynta er,54127205.88
nucynta er,54841601.27
nuedexta,119394989.6
nuedexta,154161939.7
nulojix,4737906.465
nulojix,4808478.57
nulytely,2077.58862
nulytely,2088.183077
nuplazid,247900131.5
nuplazid,426819150.9
nurtec odt,216439517.7
nurtec odt,363306166.1
nutrilipid,3109.600093
nutrilipid,3101.44831
nutropin aq nuspin,5707987.803
nutropin aq nuspin,5918124.033
nuvaring,197475.1706
nuvaring,198050.3469
nuvessa,117936.9941
nuvessa,118017.1649
nuvigil,3591695.809
nuvigil,3586917.855
nuzyra,65141194.97
nuzyra,70821385.84
nyamyc,13505157.94
nyamyc,13484910.93
nylia,37542.42001
nylia,37375.11757
nymalize,80629.91185
nymalize,80841.37063
nymyo,445.780043
nymyo,446.0406483
nystatin,52798901.16
nystatin,71721.16395
nystatin,3303345.583
nystatin,4067.251946
nystatin,4354579.798
nystatin,434236.3324
nystatin,2019361.487
nystatin,49127.78705
nystatin,715.3542831
nystatin,9491403.551
nystatin,8782184.807
nystatin,2995195.161
nystatin,87680.13609
nystatin,40178.34712
nystatin,1988791.168
nystatin,785929.8736
nystatin,882.5128604
nystatin,6801305.695
nystatin,917.5640585
nystatin,328997.5742
nystatin,8320932.129
nystatin,6380999.097
nystatin,65412.9791
nystatin,45873.2527
nystatin,7090.25913
nystatin,6029.504061
nystatin,71650.61357
nystatin,3501277.064
nystatin,522.6711685
nystatin,1097157.01
nystatin,705270.366
nystatin-triamcinolone,9671721.805
nystatin-triamcinolone,254811.9499
nystatin-triamcinolone,2708079.411
nystatin-triamcinolone,331.4706639
nystatin-triamcinolone,25445.07104
nystatin-triamcinolone,1867.016737
nystatin-triamcinolone,2324530.833
nystatin-triamcinolone,87386.29309
nystatin-triamcinolone,255095.2848
nystatin-triamcinolone,870378.4327
nystatin-triamcinolone,1558.375731
nystatin-triamcinolone,1069182.378
nystatin-triamcinolone,14494.73216
nystatin-triamcinolone,295214.2067
nystatin-triamcinolone,7656.874866
nystatin-triamcinolone,585660.7835
nystatin-triamcinolone,861167.3555
nystatin-triamcinolone,1620.203595
nystop,10240762.92
nystop,8202655.345
nystop,2165764.327
nyvepria,4125856.807
nyvepria,4861145.186
ocaliva,136858800.2
ocaliva,167957418.9
ocella,27908.77736
ocella,27896.04183
ocrevus,98826282.3
ocrevus,150004599.0
octagam,191362662.7
octagam,242793132.2
octreotide acetate,6290469.205
octreotide acetate,1020016.66
octreotide acetate,34568.68075
octreotide acetate,18157.84279
octreotide acetate,1451193.35
octreotide acetate,37813.66228
octreotide acetate,1051074.445
octreotide acetate,854226.3223
octreotide acetate,1773943.093
octreotide acetate,19805.52138
ocuflox,5997.950098
ocuflox,5979.743291
odactra,1065610.326
odactra,1074950.267
odefsey,199902234.1
odefsey,307401183.6
odomzo,32917119.45
odomzo,30624893.32
ofev,333326067.3
ofev,1073023733.0
ofloxacin,29456330.72
ofloxacin,5579386.22
ofloxacin,69658.3459
ofloxacin,5739087.444
ofloxacin,187081.121
ofloxacin,4150907.275
ofloxacin,11046561.04
ofloxacin,4716906.809
ofloxacin,1048.706591
ofloxacin,2320166.18
ogivri,799838.9092
ogivri,794224.0244
ogsiveo,476937.2479
ogsiveo,473181.3869
ojjaara,17989084.36
ojjaara,23460366.59
olanzapine odt,26065047.68
olanzapine odt,2620395.599
olanzapine odt,142713.2673
olanzapine odt,739778.0989
olanzapine odt,122835.6462
olanzapine odt,3184512.876
olanzapine odt,7916360.522
olanzapine odt,757215.2674
olanzapine odt,2207102.081
olanzapine odt,7622.055231
olanzapine odt,7370058.136
olanzapine,124233105.0
olanzapine,4656125.682
olanzapine,93428.06537
olanzapine,310164.2265
olanzapine,196197.0623
olanzapine,374.2314907
olanzapine,258485.5898
olanzapine,57188601.65
olanzapine,227.0736725
olanzapine,55546710.85
olanzapine,7367.298282
olanzapine,351670.6272
olanzapine,182403.932
olanzapine,9533253.618
olanzapine,169429.1855
olanzapine,1487.91846
olanzapine-fluoxetine hcl,2776104.581
olanzapine-fluoxetine hcl,754262.9603
olanzapine-fluoxetine hcl,2083526.553
olmesartan medoxomil,95831103.37
olmesartan medoxomil,16986.91616
olmesartan medoxomil,84611.97944
olmesartan medoxomil,347386.9397
olmesartan medoxomil,1015333.623
olmesartan medoxomil,24190.41355
olmesartan medoxomil,16857156.87
olmesartan medoxomil,2633.337354
olmesartan medoxomil,7023.675424
olmesartan medoxomil,26316701.61
olmesartan medoxomil,491830.0717
olmesartan medoxomil,1755062.727
olmesartan medoxomil,6577991.435
olmesartan medoxomil,2658.266383
olmesartan medoxomil,4377675.285
olmesartan medoxomil,33309271.44
olmesartan-amlodipine-hctz,27893275.37
olmesartan-amlodipine-hctz,1704491.967
olmesartan-amlodipine-hctz,12671448.62
olmesartan-amlodipine-hctz,2230448.212
olmesartan-amlodipine-hctz,11750179.71
olmesartan-hydrochlorothiazide,47978460.35
olmesartan-hydrochlorothiazide,1234332.197
olmesartan-hydrochlorothiazide,13956672.51
olmesartan-hydrochlorothiazide,9245929.582
olmesartan-hydrochlorothiazide,12373590.79
olmesartan-hydrochlorothiazide,10055627.28
olmesartan-hydrochlorothiazide,3051885.199
olopatadine hcl,13861790.74
olopatadine hcl,6970174.986
olopatadine hcl,66306.87756
olopatadine hcl,9047.114496
olopatadine hcl,1158422.203
olopatadine hcl,2119224.411
olopatadine hcl,1400486.898
olopatadine hcl,123028.7653
olopatadine hcl,1212283.952
olumiant,27217659.58
olumiant,28875085.76
olux-e,20374.22461
olux-e,20214.529
omega-3 acid ethyl esters,77403006.73
omega-3 acid ethyl esters,10559015.69
omega-3 acid ethyl esters,9101.394336
omega-3 acid ethyl esters,43164.95211
omega-3 acid ethyl esters,1140429.19
omega-3 acid ethyl esters,24283646.91
omega-3 acid ethyl esters,11817715.37
omega-3 acid ethyl esters,9319.921901
omega-3 acid ethyl esters,104922.5689
omega-3 acid ethyl esters,18928729.12
omega-3 acid ethyl esters,12828712.61
omeprazole,352920636.4
omeprazole,58642849.6
omeprazole,44137365.61
omeprazole,35999835.71
omeprazole,34004391.81
omeprazole,4840208.276
omeprazole,27966636.67
omeprazole,30659.8479
omeprazole,2322657.24
omeprazole,4371.649641
omeprazole,121829605.9
omeprazole,70827197.46
omeprazole,81.35802803
omeprazole,41369674.73
omeprazole,2442730.526
omeprazole,528.3483333
omeprazole,3921.022744
omeprazole-sodium bicarbonate,152234278.3
omeprazole-sodium bicarbonate,392388.8719
omeprazole-sodium bicarbonate,933507.7872
omeprazole-sodium bicarbonate,11457070.34
omeprazole-sodium bicarbonate,27999943.46
omeprazole-sodium bicarbonate,1204943.927
omeprazole-sodium bicarbonate,15068312.44
omeprazole-sodium bicarbonate,166074.617
omeprazole-sodium bicarbonate,117440894.7
omeprazole-sodium bicarbonate,835044.8629
omnaris,928658.204
omnaris,933414.7729
omnipod 5 g6 intro kit (gen 5),12044954.95
omnipod 5 g6 intro kit (gen 5),12090851.72
omnipod 5 g6 pods (gen 5),131844882.5
omnipod 5 g6 pods (gen 5),153222396.4
omnipod classic pods (gen 3),7900445.638
omnipod classic pods (gen 3),7931322.444
omnipod dash pods (gen 4),76687279.19
omnipod dash pods (gen 4),79087021.25
omnitrope,10385622.31
omnitrope,10326522.96
ondansetron hcl,317778.0163
ondansetron hcl,8289.4403
ondansetron hcl,510.9541
ondansetron hcl,10530.97735
ondansetron hcl,6451.067894
ondansetron hcl,8258.388349
ondansetron hcl,5636.557572
ondansetron hcl,25922.92987
ondansetron hcl,2511.133545
ondansetron hcl,2490.704307
ondansetron hcl,8848.341058
ondansetron hcl,202389.2191
ondansetron hcl,54891519.31
ondansetron hcl,4257.650175
ondansetron hcl,85234.99537
ondansetron hcl,318877.0798
ondansetron hcl,230032.1311
ondansetron hcl,80791.67547
ondansetron hcl,7111194.211
ondansetron hcl,886783.486
ondansetron hcl,290.6878169
ondansetron hcl,28529.64562
ondansetron hcl,3668.678451
ondansetron hcl,7354071.136
ondansetron hcl,7603.78711
ondansetron hcl,159658.9935
ondansetron hcl,10657051.59
ondansetron hcl,8728786.712
ondansetron hcl,51743.05735
ondansetron hcl,1183.675224
ondansetron hcl,501.713513
ondansetron hcl,7590.641851
ondansetron hcl,17555.57106
ondansetron hcl,3728.762
ondansetron hcl,21417383.85
ondansetron hcl,1899.863725
ondansetron hcl,9025.501486
ondansetron hcl,5995.397717
ondansetron hcl,377232.7695
ondansetron hcl,349836.5686
ondansetron hcl,70503.29453
ondansetron hcl,505.5763771
ondansetron odt,57233250.08
ondansetron odt,1579022.61
ondansetron odt,18712519.82
ondansetron odt,7445229.785
ondansetron odt,400922.5775
ondansetron odt,19059461.31
ondansetron odt,27177.83051
ondansetron odt,4721371.059
ondansetron odt,15752842.24
onexton,410525.009
onexton,409801.5647
onfi,27544995.31
onfi,28955337.7
ongentys,14968782.21
ongentys,14954686.59
onglyza,55096256.97
onglyza,51260717.17
onivyde,1327204.461
onivyde,1513596.794
onpattro,5303145.918
onpattro,7646012.722
ontruzant,1838490.165
ontruzant,1829081.098
onureg,64142755.39
onureg,74275451.23
onzetra xsail,507954.8938
onzetra xsail,508159.6904
opdivo,60941576.11
opdivo,56572459.77
opdualag,2897035.187
opdualag,3764093.143
opium tincture,4086240.928
opium tincture,1187992.709
opium tincture,2932801.467
opsumit,292526696.6
opsumit,690649376.0
opzelura,70163385.8
opzelura,67713544.52
oracea,4306201.321
oracea,4319639.825
oracit,27706.1852
oracit,27821.0146
oralair,81647.00774
oralair,81391.67309
oralone,1552.72556
oralone,1558.333935
orbactiv,217952.8828
orbactiv,216925.0328
orencia,155406305.8
orencia,179115826.0
orencia,66105393.98
orencia,53533136.51
orencia clickject,225423512.7
orencia clickject,403466495.4
orenitram er,129047404.5
orenitram er,176854235.0
orenitram month 1 titration kt,99166.49296
orenitram month 1 titration kt,98464.88076
orenitram month 2 titration kt,125473.6009
orenitram month 2 titration kt,124093.8317
orenitram month 3 titration kt,155484.4978
orenitram month 3 titration kt,153583.2793
orfadin,301565.8928
orfadin,296130.841
orgovyx,173057848.6
orgovyx,247182802.0
oriahnn,406179.8579
oriahnn,408840.3933
orilissa,3618432.994
orilissa,3671457.582
orkambi,1134985.148
orkambi,1127927.199
orladeyo,39367832.36
orladeyo,53819988.12
orlistat,329589.3255
orlistat,329825.5387
orphenadrine citrate,523963.5288
orphenadrine citrate,226011.6717
orphenadrine citrate,311442.0969
orphenadrine citrate er,1875705.313
orphenadrine citrate er,27451.5491
orphenadrine citrate er,1876533.578
orphenadrine citrate er,13239.81969
orphenadrine-aspirin-caffeine,298913.7191
orphenadrine-aspirin-caffeine,298257.4734
orphengesic forte,383523.4679
orphengesic forte,382916.3437
orserdu,102439522.4
orserdu,141875449.0
ortikos,236829.9036
ortikos,234976.3573
oscimin,221.1308022
oscimin,220.3191099
oscimin sl,1874.775637
oscimin sl,1864.279206
oseltamivir phosphate,14791550.43
oseltamivir phosphate,185067.3182
oseltamivir phosphate,2846667.19
oseltamivir phosphate,277.5855116
oseltamivir phosphate,2161534.434
oseltamivir phosphate,14316.34276
oseltamivir phosphate,7909.554955
oseltamivir phosphate,786925.9504
oseltamivir phosphate,1975630.848
oseltamivir phosphate,314.8241424
oseltamivir phosphate,2597728.968
oseltamivir phosphate,28376.08162
oseltamivir phosphate,2608394.73
oseltamivir phosphate,861271.7997
oseltamivir phosphate,971503.6289
oseltamivir phosphate,86248.90453
oseni,258303.8335
oseni,258779.1622
osmolex er,1702996.448
osmolex er,1745756.773
osphena,8090926.044
osphena,3982223.815
osphena,4706829.363
otezla,335528742.6
otezla,405263.4888
otezla,565049401.3
otovel,3470.213499
otovel,3468.440054
otrexup,7744811.657
otrexup,7729730.444
oxacillin,38741.76347
oxacillin,38690.08094
oxacillin sodium,2878471.965
oxacillin sodium,149074.4658
oxacillin sodium,34943.19327
oxacillin sodium,444793.9814
oxacillin sodium,1655416.241
oxacillin sodium,624408.2019
oxacillin sodium,18095.68291
oxaliplatin,954150.3933
oxaliplatin,9769.122332
oxaliplatin,184704.7185
oxaliplatin,16372.67204
oxaliplatin,5145.421073
oxaliplatin,208562.7668
oxaliplatin,10521.48001
oxaliplatin,168311.2562
oxaliplatin,40293.0942
oxaliplatin,6462.847829
oxaliplatin,7624.439929
oxaliplatin,145993.7406
oxaliplatin,19084.75331
oxaliplatin,2690.04016
oxaliplatin,60660.61277
oxaliplatin,29254.42924
oxaliplatin,31158.81227
oxandrolone,1303054.182
oxandrolone,506580.6941
oxandrolone,760282.2285
oxaprozin,1559522.441
oxaprozin,236280.5158
oxaprozin,2332.858748
oxaprozin,798170.4161
oxaprozin,520.9522209
oxaprozin,487688.5354
oxaydo,674713.719
oxaydo,674940.0453
oxazepam,2286778.272
oxazepam,278365.9325
oxazepam,2022759.095
oxazepam,1177.81688
oxbryta,84454925.03
oxbryta,103046724.5
oxcarbazepine,74833171.69
oxcarbazepine,6361268.484
oxcarbazepine,843453.1271
oxcarbazepine,31271.18959
oxcarbazepine,7203.669948
oxcarbazepine,22558.98813
oxcarbazepine,27715905.04
oxcarbazepine,331281.2891
oxcarbazepine,10943694.54
oxcarbazepine,23832441.6
oxcarbazepine,796302.5294
oxcarbazepine,3938783.815
oxcarbazepine,351748.559
oxcarbazepine,878.0770646
oxcarbazepine,4302.946924
oxervate,212085207.3
oxervate,308459416.4
oxiconazole nitrate,12780149.99
oxiconazole nitrate,11272932.2
oxiconazole nitrate,1199056.746
oxistat,340244.8283
oxistat,79521.56779
oxistat,247846.0714
oxtellar xr,34033177.51
oxtellar xr,35695492.7
oxybutynin chloride,37677068.26
oxybutynin chloride,5466658.562
oxybutynin chloride,428554.3615
oxybutynin chloride,1549465.441
oxybutynin chloride,131786.0628
oxybutynin chloride,1062327.369
oxybutynin chloride,322965.5431
oxybutynin chloride,3046393.738
oxybutynin chloride,23040759.62
oxybutynin chloride,3682.907825
oxybutynin chloride,876.2616988
oxybutynin chloride,15804.65663
oxybutynin chloride,5127560.603
oxybutynin chloride,1782121.873
oxybutynin chloride,154655.9499
oxybutynin chloride,97271.2529
oxybutynin chloride,149292.1924
oxybutynin chloride,267.647669
oxybutynin chloride,725862.3418
oxybutynin chloride,256.2195823
oxybutynin chloride er,109778089.7
oxybutynin chloride er,10540153.65
oxybutynin chloride er,37099.71891
oxybutynin chloride er,17533.91789
oxybutynin chloride er,30900844.51
oxybutynin chloride er,4614863.477
oxybutynin chloride er,8163.843451
oxybutynin chloride er,110126.4555
oxybutynin chloride er,330.6563665
oxybutynin chloride er,11815483.52
oxybutynin chloride er,25255059.23
oxybutynin chloride er,4914272.557
oxybutynin chloride er,22702968.26
oxybutynin chloride er,254.2914113
oxycodone hcl,122920540.1
oxycodone hcl,569.3442097
oxycodone hcl,4418.153451
oxycodone hcl,38794.63238
oxycodone hcl,15051896.51
oxycodone hcl,1115198.963
oxycodone hcl,13670871.27
oxycodone hcl,69371.31701
oxycodone hcl,474072.3605
oxycodone hcl,127896.7667
oxycodone hcl,43911742.22
oxycodone hcl,154177.0733
oxycodone hcl,6507.476179
oxycodone hcl,3224.846869
oxycodone hcl,61442300.31
oxycodone hcl,205989.0155
oxycodone hcl,1242.27162
oxycodone hcl,318392.078
oxycodone hcl,585922.4009
oxycodone hcl,43948.73475
oxycodone hcl,8002.620593
oxycodone hcl,76800.93411
oxycodone hcl,144028.714
oxycodone hcl,2959.098909
oxycodone hcl,226484.2495
oxycodone hcl,1840713.949
oxycodone hcl,2882746.357
oxycodone hcl,4979144.884
oxycodone hcl,24993.71184
oxycodone hcl er,6265147.071
oxycodone hcl er,820298.1554
oxycodone hcl er,16935.13324
oxycodone hcl er,123414.4935
oxycodone hcl er,5740557.564
oxycodone hcl er,9858.1997
oxycodone-acetaminophen,245211260.9
oxycodone-acetaminophen,812.3720061
oxycodone-acetaminophen,31355970.15
oxycodone-acetaminophen,19339.17377
oxycodone-acetaminophen,147481705.7
oxycodone-acetaminophen,306530.6199
oxycodone-acetaminophen,25548.17929
oxycodone-acetaminophen,1230.190921
oxycodone-acetaminophen,2585619.307
oxycodone-acetaminophen,40918715.33
oxycodone-acetaminophen,3677778.78
oxycodone-acetaminophen,472.454388
oxycodone-acetaminophen,417217.6746
oxycodone-acetaminophen,1043.113586
oxycodone-acetaminophen,500021.4397
oxycodone-acetaminophen,3815573.026
oxycodone-acetaminophen,31090126.76
oxycodone-acetaminophen,40790.90577
oxycontin,197318449.1
oxycontin,313122627.5
oxymorphone hcl,952873.5643
oxymorphone hcl,107875.9037
oxymorphone hcl,477898.9182
oxymorphone hcl,241524.1937
oxymorphone hcl,36214.74796
oxymorphone hcl er,28703602.95
oxymorphone hcl er,28303211.75
oxytrol,1692412.799
oxytrol,1709932.754
ozempic,453191346.3
ozempic,2585440319.0
ozurdex,2033139.277
ozurdex,2005745.16
peg 3350-electrolyte,11478806.59
peg 3350-electrolyte,7072918.701
peg 3350-electrolyte,2950497.116
peg-3350 and electrolytes,3701820.549
peg-3350 and electrolytes,1428717.183
peg-3350 and electrolytes,2118457.51
peg3350-sod sul-nacl-kcl-asb-c,1098262.638
peg3350-sod sul-nacl-kcl-asb-c,693751.8147
peg3350-sod sul-nacl-kcl-asb-c,435840.7166
pegasys,28696416.46
pegasys,28252825.44
pegasys,124542.3211
pnv tabs 20-1,66802.49376
pnv tabs 20-1,66559.56339
pnv-dha,16522.70928
pnv-dha,16646.29909
pnv-omega,2570.391248
pnv-omega,2576.319196
pnv-select,5780.938348
pnv-select,5807.724563
pacerone,6229936.862
pacerone,6245690.798
paclitaxel,226256.8608
paclitaxel,28211.70644
paclitaxel,51761.25661
paclitaxel,887.7946744
paclitaxel,35192.30381
paclitaxel,1402.390941
paclitaxel,32740.07763
paclitaxel,37929.78032
paclitaxel,1780.495908
paclitaxel,18806.04193
paclitaxel protein-bound,2774981.162
paclitaxel protein-bound,1165332.374
paclitaxel protein-bound,1615107.65
padcev,3732687.641
padcev,4113608.957
paliperidone er,127263909.7
paliperidone er,60976457.83
paliperidone er,30418804.44
paliperidone er,1412448.261
paliperidone er,8669587.682
paliperidone er,1265200.676
paliperidone er,57400.46486
paliperidone er,60017.15614
paliperidone er,11794392.26
paliperidone er,1051603.664
paliperidone er,38776726.4
paliperidone er,6286370.314
paliperidone er,1414456.718
palonosetron hcl,726038.2923
palonosetron hcl,2099.140078
palonosetron hcl,9953.469038
palonosetron hcl,752.7214491
palonosetron hcl,174039.4068
palonosetron hcl,815.3445342
palonosetron hcl,47616.03417
palonosetron hcl,2392.385282
palonosetron hcl,3613.04476
palonosetron hcl,56589.20498
palonosetron hcl,4430.397556
palonosetron hcl,22539.75063
palonosetron hcl,64314.0399
palonosetron hcl,139.7563535
palonosetron hcl,4872.361457
palonosetron hcl,74013.79915
palynziq,17970714.36
palynziq,19994146.29
pamelor,1610918.653
pamelor,1610645.805
pamidronate disodium,20716.14531
pamidronate disodium,13144.42993
pamidronate disodium,7736.146645
pancreaze,11636797.71
pancreaze,11419467.9
pandel,41442.61006
pandel,41458.41543
panretin,1034624.951
panretin,1038633.077
pantoprazole sodium,332890658.4
pantoprazole sodium,85828.41005
pantoprazole sodium,17778.58044
pantoprazole sodium,34143836.28
pantoprazole sodium,13733144.98
pantoprazole sodium,14050.16272
pantoprazole sodium,8688.789629
pantoprazole sodium,6983520.484
pantoprazole sodium,8357.272269
pantoprazole sodium,56109.00664
pantoprazole sodium,10123.89602
pantoprazole sodium,2871.871746
pantoprazole sodium,595.5462098
pantoprazole sodium,103254.1193
pantoprazole sodium,1447924.418
pantoprazole sodium,447386.9727
pantoprazole sodium,235449.4663
pantoprazole sodium,69323818.53
pantoprazole sodium,3510857.476
pantoprazole sodium,390.887442
pantoprazole sodium,664.6276252
pantoprazole sodium,6454.462631
pantoprazole sodium,236403.176
pantoprazole sodium,3505235.042
pantoprazole sodium,1108.659094
pantoprazole sodium,1651.573759
pantoprazole sodium,4842.889882
pantoprazole sodium,70844943.24
pantoprazole sodium,1393.723215
pantoprazole sodium,17139.41375
pantoprazole sodium,1337.607813
pantoprazole sodium,1539.459977
pantoprazole sodium,413371.2711
pantoprazole sodium,146486180.2
pantoprazole sodium,10070809.03
pantoprazole sodium,3411522.517
pantoprazole sodium,67821.28331
panzyga,126523118.1
panzyga,147047809.8
panzyga,52953841.91
paricalcitol,4448216.232
paricalcitol,38903.26963
paricalcitol,2403127.046
paricalcitol,8622.233313
paricalcitol,1146233.591
paricalcitol,10447.6136
paricalcitol,903072.7302
parnate,496143.8277
parnate,499937.889
paromomycin sulfate,9621.222336
paromomycin sulfate,9571.992124
paroxetine cr,3982578.325
paroxetine cr,3984831.166
paroxetine er,7795526.307
paroxetine er,1548043.049
paroxetine er,396803.1271
paroxetine er,68254.20016
paroxetine er,1276829.638
paroxetine er,4702368.608
paroxetine hcl,55653485.88
paroxetine hcl,23342716.76
paroxetine hcl,6576909.196
paroxetine hcl,16935.35135
paroxetine hcl,1907514.96
paroxetine hcl,2888395.801
paroxetine hcl,324946.4253
paroxetine hcl,10410.66544
paroxetine hcl,319.9682769
paroxetine hcl,12960587.98
paroxetine hcl,1288932.413
paroxetine hcl,590.253504
paroxetine mesylate,626120.3333
paroxetine mesylate,264824.1049
paroxetine mesylate,379866.4611
patanase,41537.73249
patanase,41751.87049
paxil,1914117.427
paxil,1931894.765
paxil cr,2600415.932
paxil cr,2621875.072
paxlovid,2920715.523
paxlovid,2928435.457
paxlovid (eua),21628943.7
paxlovid (eua),22494211.45
pazopanib hcl,3182598.095
pazopanib hcl,2550987.184
pazopanib hcl,1853668.75
pazopanib hcl,762762.4135
pediarix,14944.92245
pediarix,15038.79621
pedvaxhib,39476.02417
pedvaxhib,39324.25779
pemazyre,27734571.42
pemazyre,31574882.92
pemetrexed disodium,2525784.511
pemetrexed disodium,17323.12483
pemetrexed disodium,107157.5082
pemetrexed disodium,19573.95114
pemetrexed disodium,10933.27387
pemetrexed disodium,11471.10885
pemetrexed disodium,124116.4306
pemetrexed disodium,1079061.376
pemetrexed disodium,61822.37014
pemetrexed disodium,230321.1295
pemetrexed disodium,49954.97639
pemetrexed disodium,953191.6916
pemetrexed disodium,21871.97777
pen needle,7016395.295
pen needle,729457.9547
pen needle,83598.24739
pen needle,155436.6479
pen needle,2639411.284
pen needle,14922.06779
pen needle,136538.1299
pen needle,1882753.848
pen needle,249.5179668
pen needle,7118.556137
pen needle,259456.9492
pen needle,923046.8296
pen needle,4001.945191
pen needle,18709.26852
pen needle,7755.409
pen needles,4328719.735
pen needles,7078.90662
pen needles,46110.87615
pen needles,1451.118271
pen needles,4509638.826
penciclovir,3229715.283
penciclovir,101109.0152
penciclovir,1967625.703
penciclovir,1176880.359
penicillamine,9218285.852
penicillamine,1863349.54
penicillamine,226497.6693
penicillamine,682064.0456
penicillamine,146207.5223
penicillamine,146439.197
penicillamine,2307250.705
penicillamine,471301.7674
penicillamine,412046.8889
penicillamine,2902784.512
penicillin g potassium,1222473.373
penicillin g potassium,696573.0787
penicillin g potassium,95249.38808
penicillin g potassium,438233.1462
penicillin g procaine,10053.52491
penicillin g procaine,10075.17433
penicillin g sodium,128380.261
penicillin g sodium,126769.5487
penicillin gk-iso-osm dextrose,18057.24666
penicillin gk-iso-osm dextrose,18058.66071
penicillin v potassium,3746207.04
penicillin v potassium,385425.6406
penicillin v potassium,571260.8338
penicillin v potassium,6075.716806
penicillin v potassium,1281856.333
penicillin v potassium,359516.3777
penicillin v potassium,1067663.973
pennsaid,111504723.6
pennsaid,108354470.0
pentacel,73967.97847
pentacel,72752.89376
pentamidine isethionate,12809.37827
pentamidine isethionate,9468.049423
pentamidine isethionate,1562.345199
pentasa,32520964.63
pentasa,33564581.03
pentazocine-naloxone hcl,910704.405
pentazocine-naloxone hcl,306836.226
pentazocine-naloxone hcl,564408.7731
pentips,1250544.787
pentips,1692.7969
pentips,1220666.772
pentoxifylline,14357297.28
pentoxifylline,66445.11584
pentoxifylline,579027.8309
pentoxifylline,14396785.55
pepcid,865942.3775
pepcid,860762.4623
percocet,56288838.39
percocet,59450702.95
perforomist,708327.2222
perforomist,707282.3664
perindopril erbumine,1344355.535
perindopril erbumine,4620.621312
perindopril erbumine,3667.672847
perindopril erbumine,1341642.685
periogard,42608.44405
periogard,42381.75476
perjeta,11402294.59
perjeta,10723258.75
permethrin,10753453.97
permethrin,2906255.35
permethrin,1169344.958
permethrin,5173380.548
permethrin,1050080.247
perphenazine,14972611.94
perphenazine,2091147.498
perphenazine,582005.8483
perphenazine,1057791.989
perphenazine,4929009.015
perphenazine,3676145.382
perphenazine,11876.11929
perphenazine,671991.3638
perphenazine,1719934.429
perphenazine,5155.892962
perphenazine-amitriptyline,674948.2744
perphenazine-amitriptyline,672505.6182
perseris,40840678.52
perseris,41901395.41
pertzye,6970099.751
pertzye,7555601.83
pexeva,508449.3115
pexeva,510952.7467
pfizerpen,447365.6384
pfizerpen,40657.42563
pfizerpen,62471.61039
pfizerpen,330935.2781
phenazopyridine hcl,365801.3447
phenazopyridine hcl,112447.799
phenazopyridine hcl,43166.72817
phenazopyridine hcl,5592.077083
phenazopyridine hcl,621.1466581
phenazopyridine hcl,7312.26326
phenazopyridine hcl,3899.816939
phenazopyridine hcl,188872.8627
phenazopyridine hcl,7586.70037
phenelzine sulfate,1124110.259
phenelzine sulfate,1069141.103
phenelzine sulfate,6994.128793
phenergan,2373.616257
phenergan,2371.711856
phenobarbital,16688601.73
phenobarbital,594068.0962
phenobarbital,875949.631
phenobarbital,714898.3284
phenobarbital,305046.8069
phenobarbital,4187704.086
phenobarbital,3944557.172
phenobarbital,39003.55684
phenobarbital,920.5826883
phenobarbital,464123.3185
phenobarbital,45565.01289
phenobarbital,709451.0045
phenobarbital,3860549.488
phenobarbital,22457.25862
phenobarbital sodium,66364.38797
phenobarbital sodium,66108.152
phenoxybenzamine hcl,4128434.331
phenoxybenzamine hcl,135512.4207
phenoxybenzamine hcl,2505604.797
phenoxybenzamine hcl,992776.9037
phenoxybenzamine hcl,967985.117
phentermine hcl,15438.13697
phentermine hcl,746.2781258
phentermine hcl,2241.318589
phentermine hcl,1414.206252
phentermine hcl,160.2014526
phentermine hcl,10368.97039
phentolamine mesylate,10119.33798
phentolamine mesylate,10084.06851
phenylephrine hcl,67641.62798
phenylephrine hcl,762.4751601
phenylephrine hcl,5296.715422
phenylephrine hcl,32596.7998
phenylephrine hcl,28258.42103
phenytek,483471.2015
phenytek,482692.4589
phenytoin,3846878.112
phenytoin,539846.066
phenytoin,2547619.495
phenytoin,835694.142
phenytoin,401.1743645
phenytoin,7503.145649
phenytoin,16521.50753
phenytoin,174301.298
phenytoin,2287.611744
phenytoin sodium,3731.533483
phenytoin sodium,3730.609689
phenytoin sodium extended,23644161.83
phenytoin sodium extended,13964187.77
phenytoin sodium extended,3903321.013
phenytoin sodium extended,1341.990031
phenytoin sodium extended,36241.4517
phenytoin sodium extended,4787.2914
phenytoin sodium extended,26762.84025
phenytoin sodium extended,4734.177645
phenytoin sodium extended,4202042.683
phenytoin sodium extended,4823350.098
phenytoin sodium extended,6892.837509
phesgo,1330825.326
phesgo,1520207.547
phexxi,80459.99826
phexxi,80352.58527
philith,7761.548287
philith,7764.085506
phoslyra,393585.4798
phoslyra,393930.2265
phospholine iodide,984237.4589
phospholine iodide,985824.3657
pifeltro,64000495.73
pifeltro,62384565.6
pilocarpine hcl,24778812.18
pilocarpine hcl,2338864.931
pilocarpine hcl,2336759.785
pilocarpine hcl,1643775.372
pilocarpine hcl,957253.8142
pilocarpine hcl,4920.093048
pilocarpine hcl,13133637.61
pilocarpine hcl,553108.2613
pilocarpine hcl,3186503.981
pilocarpine hcl,2476.62657
pilocarpine hcl,316725.9811
pilocarpine hcl,1043550.307
pimecrolimus,18981874.87
pimecrolimus,8683664.031
pimecrolimus,5586060.28
pimecrolimus,5907603.635
pimozide,1435478.477
pimozide,1436651.44
pimtrea,7011.633958
pimtrea,6980.830058
pindolol,2570441.215
pindolol,309847.6106
pindolol,38828.128
pindolol,946.1903046
pindolol,405478.6135
pindolol,1350606.719
pindolol,538396.7491
pioglitazone hcl,69163022.79
pioglitazone hcl,6223.481647
pioglitazone hcl,14920712.55
pioglitazone hcl,6304.405309
pioglitazone hcl,56457.51757
pioglitazone hcl,20343616.76
pioglitazone hcl,10099.70517
pioglitazone hcl,3914.402055
pioglitazone hcl,31578.90701
pioglitazone hcl,2421723.321
pioglitazone hcl,1301.786489
pioglitazone hcl,8426283.524
pioglitazone hcl,1129542.217
pioglitazone hcl,12892308.5
pioglitazone hcl,700.3157929
pioglitazone hcl,2587267.982
pioglitazone-glimepiride,1869927.376
pioglitazone-glimepiride,25172.50547
pioglitazone-glimepiride,1878397.245
pioglitazone-metformin,7294107.757
pioglitazone-metformin,8131.604578
pioglitazone-metformin,10295.09562
pioglitazone-metformin,957335.5589
pioglitazone-metformin,1390239.962
pioglitazone-metformin,4769920.58
piperacillin-tazobactam,14253410.1
piperacillin-tazobactam,65306.45513
piperacillin-tazobactam,2211691.358
piperacillin-tazobactam,135892.3948
piperacillin-tazobactam,275266.8694
piperacillin-tazobactam,206451.6408
piperacillin-tazobactam,418833.961
piperacillin-tazobactam,87971.75322
piperacillin-tazobactam,1576.972966
piperacillin-tazobactam,76181.54726
piperacillin-tazobactam,484323.5253
piperacillin-tazobactam,151259.3215
piperacillin-tazobactam,64251.69075
piperacillin-tazobactam,3957442.162
piperacillin-tazobactam,2900.65554
piperacillin-tazobactam,794344.0181
piperacillin-tazobactam,1124742.627
piperacillin-tazobactam,2704.073883
piperacillin-tazobactam,480735.3047
piperacillin-tazobactam,11686.45525
piperacillin-tazobactam,2179.971682
piperacillin-tazobactam,3762544.889
piperacillin-tazobactam,68087.25547
piqray,105716525.5
piqray,146414600.4
pirfenidone,131711653.1
pirfenidone,7814083.945
pirfenidone,33095553.39
pirfenidone,375781.975
pirfenidone,43103105.84
pirfenidone,47675467.37
pirfenidone,1239006.84
pirfenidone,23150294.23
pirfenidone,6643785.545
pirfenidone,3345909.598
pirmella,21803.3309
pirmella,21812.25495
piroxicam,7507165.407
piroxicam,641.2492461
piroxicam,10036.4847
piroxicam,27655.4467
piroxicam,3962511.558
piroxicam,261486.3187
piroxicam,3429594.809
piroxicam,27870.37885
pitavastatin calcium,3223575.632
pitavastatin calcium,521588.3361
pitavastatin calcium,442517.3476
pitavastatin calcium,603123.8253
pitavastatin calcium,1126511.257
pitavastatin calcium,404241.848
plaquenil,5738436.738
plaquenil,5800689.615
plasma-lyte a ph 7.4,23748.15439
plasma-lyte a ph 7.4,23753.71091
plavix,7406379.663
plavix,7411965.521
plegridy pen,36172067.84
plegridy pen,34088550.09
plegridy,6421171.86
plegridy,6145793.846
plenamine,40076.84218
plenamine,40281.75969
plenvu,7917065.245
plenvu,7862378.987
plerixafor,594311.8759
plerixafor,588004.1897
podofilox,357784.1314
podofilox,272552.8738
podofilox,81064.94989
polivy,1261843.751
polivy,1415108.731
polycin,1475.092914
polycin,1464.125884
polymyxin b sul-trimethoprim,3425476.508
polymyxin b sul-trimethoprim,2549737.292
polymyxin b sul-trimethoprim,47269.36171
polymyxin b sul-trimethoprim,1168180.477
polymyxin b sul-trimethoprim,4410.574682
polymyxin b sulfate,41084.66919
polymyxin b sulfate,28627.22649
polymyxin b sulfate,1305.037433
polymyxin b sulfate,12081.89903
polytrim,1017.936463
polytrim,1018.096873
pomalyst,302099468.1
pomalyst,1082080594.0
ponvory,8426757.001
ponvory,7656267.332
portia,82058.35423
portia,82409.53619
posaconazole,80698297.28
posaconazole,2117091.142
posaconazole,4441727.694
posaconazole,5507829.209
posaconazole,105773.6892
posaconazole,23433136.24
posaconazole,21453929.27
posaconazole,184743.8707
posaconazole,680016.4802
posaconazole,10793774.05
posaconazole,407193.2348
posaconazole,6809302.184
posaconazole,6058375.556
posaconazole,19139.3743
potassium acetate,2613.368303
potassium acetate,2617.215242
potassium chloride,2068.504804
potassium chloride,2088.235902
potassium chloride in d5lr,2959.934677
potassium chloride in d5lr,2961.127863
potassium chloride,411759704.0
potassium chloride,24775.54123
potassium chloride,13660059.39
potassium chloride,218550.1244
potassium chloride,78316992.43
potassium chloride,8236638.402
potassium chloride,11423968.72
potassium chloride,3732666.568
potassium chloride,4667642.176
potassium chloride,292622.2376
potassium chloride,32799255.43
potassium chloride,20050703.72
potassium chloride,8621244.53
potassium chloride,140898.7198
potassium chloride,19543.25596
potassium chloride,19006754.23
potassium chloride,11046636.18
potassium chloride,41551.84847
potassium chloride,33370.86248
potassium chloride,16817499.93
potassium chloride,3512.934315
potassium chloride,1344.700982
potassium chloride,48611.44184
potassium chloride,57737370.73
potassium chloride,16809058.25
potassium chloride,15071.9897
potassium chloride,2792974.177
potassium chloride,882583.1058
potassium chloride,9771.184267
potassium chloride,1354769.551
potassium chloride,1745.783506
potassium chloride,224018.3275
potassium chloride,827766.893
potassium chloride,18200611.59
potassium chloride,30038.1176
potassium chloride,3568.971731
potassium chloride,6913.434866
potassium chloride,23555371.11
potassium chloride,853144.4677
potassium chloride,45908374.11
potassium chloride,5273586.59
potassium chloride,19986.30372
potassium chloride,8241974.446
potassium chloride,956.1194693
potassium chloride-0.45% nacl,2614.595465
potassium chloride-0.45% nacl,2637.818773
potassium chloride-0.9% nacl,77585.76691
potassium chloride-0.9% nacl,1236.52352
potassium chloride-0.9% nacl,68653.48358
potassium chloride-0.9% nacl,4713.640474
potassium chloride-dextrose 5%,714.251798
potassium chloride-dextrose 5%,718.8903512
potassium citrate er,63314498.17
potassium citrate er,19540628.31
potassium citrate er,1816.686526
potassium citrate er,6629290.661
potassium citrate er,330393.5672
potassium citrate er,12876949.16
potassium citrate er,644.8163545
potassium citrate er,3039993.031
potassium citrate er,10121393.56
potassium citrate er,13355.34452
potassium citrate er,2989948.907
potassium citrate er,8234804.371
potassium citrate-citric acid,95452.33002
potassium citrate-citric acid,1116.080468
potassium citrate-citric acid,95696.91905
potassium phosphate,14780.3735
potassium phosphate,9995.784387
potassium phosphate,3181.235445
poteligeo,2212345.036
poteligeo,2264979.565
pr natal 400 ec,872.1771005
pr natal 400 ec,870.1480905
pradaxa,135816128.7
pradaxa,152791366.6
praluent pen,228017843.8
praluent pen,1377723.722
praluent pen,426997274.8
pramipexole dihydrochloride,35526727.73
pramipexole dihydrochloride,12471.49914
pramipexole dihydrochloride,1904.342583
pramipexole dihydrochloride,16929711.42
pramipexole dihydrochloride,1387256.152
pramipexole dihydrochloride,132573.1355
pramipexole dihydrochloride,4567134.433
pramipexole dihydrochloride,2234.7125
pramipexole dihydrochloride,1908.034912
pramipexole dihydrochloride,12726711.05
pramipexole dihydrochloride,612.2259493
pramipexole dihydrochloride,7458.033384
pramipexole er,14502491.64
pramipexole er,61708.24219
pramipexole er,56279.11593
pramipexole er,2078677.922
pramipexole er,4149554.309
pramipexole er,2299271.486
pramipexole er,4545478.089
pramipexole er,619120.2247
pramosone,39456.54511
pramosone,39523.94183
prasugrel hcl,30775066.47
prasugrel hcl,6575595.683
prasugrel hcl,9616280.429
prasugrel hcl,59368.50584
prasugrel hcl,9163163.116
prasugrel hcl,481850.2424
prasugrel hcl,3633572.163
pravastatin sodium,173749592.5
pravastatin sodium,52430.30852
pravastatin sodium,88971265.82
pravastatin sodium,5911941.037
pravastatin sodium,9649.381654
pravastatin sodium,4319482.495
pravastatin sodium,6345198.889
pravastatin sodium,8597.788628
pravastatin sodium,21050.831
pravastatin sodium,99602.53861
pravastatin sodium,609.3384238
pravastatin sodium,20415832.93
pravastatin sodium,177036.502
pravastatin sodium,239.7342892
pravastatin sodium,8956257.284
pravastatin sodium,15793.29856
pravastatin sodium,49342178.75
pravastatin sodium,3315759.266
praziquantel,1034790.466
praziquantel,1037088.043
prazosin hcl,41857305.63
prazosin hcl,8189694.005
prazosin hcl,2382856.339
prazosin hcl,18929566.93
prazosin hcl,35942.11838
prazosin hcl,6271296.448
prazosin hcl,14359.95021
prazosin hcl,8334.720454
prazosin hcl,1952841.701
prazosin hcl,240421.4715
prazosin hcl,1232702.921
prazosin hcl,65968.12462
prazosin hcl,1599860.335
prazosin hcl,70416.78696
prazosin hcl,48507.79413
pred forte,1169191.225
pred forte,1161791.429
pred mild,825593.2459
pred mild,820436.812
prednicarbate,9646.629999
prednicarbate,9670.684969
prednisolone,1317931.489
prednisolone,89194.68548
prednisolone,469432.9297
prednisolone,495226.1191
prednisolone,233290.9637
prednisolone acetate,191871247.4
prednisolone acetate,74462681.33
prednisolone acetate,75864694.91
prednisolone sodium phos odt,167777.9379
prednisolone sodium phos odt,168440.5932
prednisolone sodium phosphate,1031696.272
prednisolone sodium phosphate,76989.18954
prednisolone sodium phosphate,398454.2124
prednisolone sodium phosphate,7276.217209
prednisolone sodium phosphate,48648.19835
prednisolone sodium phosphate,18483.57257
prednisolone sodium phosphate,445934.8262
prednisolone sodium phosphate,25418.32391
prednisone,66259679.5
prednisone,8158607.424
prednisone,8221601.052
prednisone,2964722.819
prednisone,5837461.934
prednisone,11578250.04
prednisone,2695506.629
prednisone,7154.641032
prednisone,12000.24686
prednisone,68824.19997
prednisone,27665264.95
prednisone,3321.392471
prednisone,1680068.223
prednisone,9219879.863
prednisone,6360917.672
prednisone,3703.229269
prednisone intensol,191785.6329
prednisone intensol,192021.2209
prefest,155923.2991
prefest,153845.8141
pregabalin,243970493.5
pregabalin,523430.2614
pregabalin,135307.8737
pregabalin,428509.1362
pregabalin,668344.4969
pregabalin,9659478.331
pregabalin,24799684.65
pregabalin,2623.942913
pregabalin,67777832.75
pregabalin,4460.619063
pregabalin,52930.6182
pregabalin,3113044.449
pregabalin,1736668.023
pregabalin,341541.8705
pregabalin,15103913.37
pregabalin,59705460.15
pregabalin,3557.240836
pregabalin,184556.1459
pregabalin,14010872.51
pregabalin,17863.89979
pregabalin,24345701.52
pregabalin,6338304.026
pregabalin,38527464.83
pregabalin,13265138.34
pregabalin,317.7781417
pregabalin er,1934425.448
pregabalin er,1793938.268
pregabalin er,116034.345
pregnyl,256669.1556
pregnyl,51911.0254
pregnyl,205578.2827
prehevbrio,3993.581816
prehevbrio,3987.016454
premarin,155685103.2
premarin,210917535.5
premasol,511507.5337
premasol,507672.6629
premphase,283710.9554
premphase,284928.3688
prempro,45321234.36
prempro,45163667.7
prenatal plus,3329.417104
prenatal plus,1811.254402
prenatal plus,1439.621542
prenatal plus vitamin-mineral,311.5890134
prenatal plus vitamin-mineral,310.3716262
prenatal vitamin plus low iron,378061.038
prenatal vitamin plus low iron,378123.5135
prenatal vitamin plus low iron,835.0711264
prenate mini,30114.86462
prenate mini,30113.59848
prenate pixie,17417.50148
prenate pixie,17387.92407
preplus,4346.764908
preplus,4349.309643
pretomanid,56372.55695
pretomanid,56110.19115
prevacid,10222089.05
prevacid,10066815.31
prevalite,6622839.282
prevalite,6641732.318
prevident,1427027.685
prevident,1429183.942
prevident 5000 dry mouth,355526.681
prevident 5000 dry mouth,355316.1603
prevident 5000 enamel protect,145145.9142
prevident 5000 enamel protect,144987.8787
prevident 5000 ortho defense,11382.60925
prevident 5000 ortho defense,11378.0005
prevident 5000 plus,375040.9515
prevident 5000 plus,374582.5059
prevident 5000 sensitive,346366.2879
prevident 5000 sensitive,345942.8937
prevymis,71040452.3
prevymis,73560434.86
prezcobix,159857582.0
prezcobix,228524518.8
prezista,113904748.5
prezista,112536138.6
prialt,98788.96103
prialt,98922.27442
priftin,427417.2553
priftin,427576.0624
prilosec,3286646.979
prilosec,3309239.597
primaquine,25225.85683
primaquine,17303.42694
primaquine,9175.131713
primaxin,21475.64329
primaxin,21314.83734
primidone,36812696.43
primidone,389737.1844
primidone,8742820.585
primidone,3240.553269
primidone,9559988.05
primidone,703.5569248
primidone,337.5846017
primidone,999.9948628
primidone,17555265.64
primidone,3286670.82
primidone,657237.4218
primidone,1127.509258
priorix,35937.84632
priorix,36322.28503
pristiq,6808130.757
pristiq,6810593.325
privigen,177470695.5
privigen,343911066.3
pro comfort alcohol pads,2141277.35
pro comfort alcohol pads,2143350.339
pro comfort pen needle,750068.0985
pro comfort pen needle,748621.7933
proair digihaler,951630.26
proair digihaler,952161.7755
proair hfa,1053479.901
proair hfa,1054921.399
proair respiclick,11471965.4
proair respiclick,11564858.81
probenecid,6394980.975
probenecid,110670.1958
probenecid,4711696.18
probenecid,1503246.461
probenecid-colchicine,2270163.375
probenecid-colchicine,1647067.264
probenecid-colchicine,520944.2716
procardia xl,2092331.652
procardia xl,2093489.666
prochlorperazine,384429.8594
prochlorperazine,384604.0922
prochlorperazine edisylate,116173.144
prochlorperazine edisylate,7026.74086
prochlorperazine edisylate,3175.891915
prochlorperazine edisylate,1602.403478
prochlorperazine edisylate,6526.733434
prochlorperazine edisylate,2075.697748
prochlorperazine edisylate,3253.352994
prochlorperazine edisylate,10890.74264
prochlorperazine edisylate,67079.5033
prochlorperazine edisylate,19432.09657
prochlorperazine maleate,13135288.46
prochlorperazine maleate,2093452.082
prochlorperazine maleate,4396672.206
prochlorperazine maleate,1171.755895
prochlorperazine maleate,6428522.451
prochlorperazine maleate,22939.30076
prochlorperazine maleate,166.4521268
prochlorperazine maleate,316873.226
procrit,111196782.0
procrit,132223342.9
procto-med hc,6190804.789
procto-med hc,6156930.173
procto-pak,578.3038618
procto-pak,580.9883197
proctocort,21540.86473
proctocort,21421.78
proctofoam-hc,2544911.447
proctofoam-hc,2542955.826
proctosol-hc,1041490.758
proctosol-hc,1043232.527
proctozone-hc,2852967.441
proctozone-hc,2850190.459
procysbi,20449911.06
procysbi,36889171.88
prodigy insulin syringe,200.1853826
prodigy insulin syringe,200.0326084
prodigy insulin syringe,825.2275652
prodigy insulin syringe,823.9120647
progesterone,14654.85573
progesterone,14570.88079
progesterone,30345099.73
progesterone,12429988.71
progesterone,236687.5048
progesterone,2729163.395
progesterone,98407.51086
progesterone,1146390.874
progesterone,1685.852731
progesterone,9879842.789
progesterone,3643067.048
proglycem,198917.5366
proglycem,198327.7541
prograf,5157810.385
prograf,5183264.214
prolastin c,172079847.6
prolastin c,229059069.6
prolate,11477968.94
prolate,11405128.5
prolensa,80375102.88
prolensa,90918569.18
prolia,180488237.6
prolia,412313226.0
promacta,247961264.7
promacta,509133779.1
promethazine hcl,19670302.59
promethazine hcl,4827483.503
promethazine hcl,108916.7899
promethazine hcl,1943.140025
promethazine hcl,768458.7478
promethazine hcl,78313.6793
promethazine hcl,478967.7103
promethazine hcl,114158.2622
promethazine hcl,22254.51215
promethazine hcl,237802.4165
promethazine hcl,1027650.63
promethazine hcl,1320026.184
promethazine hcl,394832.7236
promethazine hcl,280311.4187
promethazine hcl,1750.536377
promethazine hcl,2071.407286
promethazine hcl,2210875.461
promethazine hcl,33458.84111
promethazine hcl,33874.08831
promethazine hcl,179254.462
promethazine hcl,849931.9114
promethazine hcl,2670589.916
promethazine hcl,335338.6335
promethazine hcl,109.6290795
promethazine vc,36197.79469
promethazine vc,36397.39583
promethazine vc-codeine,404.2399071
promethazine vc-codeine,403.5404012
promethazine-codeine,11209.17326
promethazine-codeine,6656.209291
promethazine-codeine,1879.110774
promethazine-codeine,1440.844456
promethazine-codeine,1606.96971
promethazine-dm,142889.8414
promethazine-dm,15818.95619
promethazine-dm,10890.93979
promethazine-dm,54724.14927
promethazine-dm,10904.91993
promethazine-dm,39949.37876
promethegan,3422505.89
promethegan,3421627.461
prometrium,684915.9041
prometrium,346835.2502
prometrium,38010.93323
prometrium,260218.6102
propafenone hcl,14478856.92
propafenone hcl,3123635.076
propafenone hcl,225094.0032
propafenone hcl,36236.9394
propafenone hcl,5255624.847
propafenone hcl,5190086.985
propafenone hcl,724353.9358
propafenone hcl er,23912916.72
propafenone hcl er,150963.7271
propafenone hcl er,4329477.96
propafenone hcl er,922221.328
propafenone hcl er,4848091.859
propafenone hcl er,3132644.144
propafenone hcl er,341287.4909
propafenone hcl er,2039677.58
propafenone hcl er,5119913.778
propafenone hcl er,10468.03485
proparacaine hcl,31814.43337
proparacaine hcl,8986.536988
proparacaine hcl,21537.34001
proparacaine hcl,793.3265436
propranolol hcl er,68789215.71
propranolol hcl er,28320172.95
propranolol hcl er,22486002.54
propranolol hcl er,1366986.571
propranolol hcl er,11845219.32
propranolol hcl,63872755.93
propranolol hcl,192240.0403
propranolol hcl,17655973.99
propranolol hcl,353970.9573
propranolol hcl,56725.64735
propranolol hcl,288.0579402
propranolol hcl,334.7596218
propranolol hcl,48940700.45
propranolol hcl,5125171.664
propranolol hcl,4585150.47
propranolol hcl,373.3847805
propylthiouracil,2899256.337
propylthiouracil,702731.49
propylthiouracil,757943.8236
propylthiouracil,1428107.197
proquad,4639.187054
proquad,4608.697248
proscar,436342.3195
proscar,436451.7027
prosol,18152101.59
prosol,18054388.38
protonix,13708061.83
protonix,13627536.94
protonix iv,24412.29176
protonix iv,24432.9828
protopic,10056.16546
protopic,10008.52694
protriptyline hcl,2333468.756
protriptyline hcl,750497.2748
protriptyline hcl,1412747.061
protriptyline hcl,40320.29037
proventil hfa,369088.3404
provera,33206.29825
provera,32892.82675
provigil,13555045.42
provigil,13125244.99
prozac,22308584.1
prozac,22428681.8
pulmicort,227665.1982
pulmicort,226262.6191
pulmicort flexhaler,42877972.22
pulmicort flexhaler,6109377.239
pulmicort flexhaler,35237021.21
pulmozyme,2195762.194
pulmozyme,2171682.669
pure comfort alcohol pad,383888.6363
pure comfort alcohol pad,383915.1899
pure comfort pen needle,55510.21837
pure comfort pen needle,55558.19551
purixan,57953.18553
purixan,57748.38078
pylera,1688845.64
pylera,1705030.845
pyrazinamide,668236.8866
pyrazinamide,104945.6793
pyrazinamide,425863.3211
pyrazinamide,4325.266256
pyrazinamide,103295.8284
pyridium,23718.55305
pyridium,23688.25795
pyridostigmine bromide,28045198.44
pyridostigmine bromide,6758456.727
pyridostigmine bromide,2083.190453
pyridostigmine bromide,47613.01245
pyridostigmine bromide,4776661.476
pyridostigmine bromide,588031.7676
pyridostigmine bromide,983759.5568
pyridostigmine bromide,15591.11873
pyridostigmine bromide,108702.3646
pyridostigmine bromide,11592168.7
pyridostigmine bromide er,14940494.72
pyridostigmine bromide er,2368018.79
pyridostigmine bromide er,4877353.934
pyridostigmine bromide er,90443.58626
pyridostigmine bromide er,8191838.027
pyrimethamine,9581691.548
pyrimethamine,2719864.777
pyrimethamine,837383.989
pyrimethamine,5451940.609
pyrukynd,3146750.766
pyrukynd,4609132.728
qalsody,464300.7348
qalsody,462220.566
qbrelis,1461198.665
qbrelis,1482685.408
qbrexza,1709512.245
qbrexza,1748359.401
qelbree,3958141.222
qelbree,3967082.696
qinlock,39277600.29
qinlock,52399185.62
qnasl,4598452.631
qnasl,4610302.284
qnasl children,166727.1215
qnasl children,167375.7609
qtern,1628242.623
qtern,1658625.191
quadracel dtap-ipv,1865.564913
quadracel dtap-ipv,1862.172088
qudexy xr,1186487.996
qudexy xr,1226558.307
questran,79941.39172
questran,80793.96967
questran light,9028.134677
questran light,9105.916285
quetiapine fumarate,196009669.4
quetiapine fumarate,7676.390104
quetiapine fumarate,1048616.891
quetiapine fumarate,4889812.964
quetiapine fumarate,12928.56977
quetiapine fumarate,31968235.45
quetiapine fumarate,2722.007557
quetiapine fumarate,5587971.344
quetiapine fumarate,724.0186758
quetiapine fumarate,2818810.747
quetiapine fumarate,231114.7533
quetiapine fumarate,19628.89182
quetiapine fumarate,18566147.29
quetiapine fumarate,773.9413479
quetiapine fumarate,11642342.58
quetiapine fumarate,23751096.62
quetiapine fumarate,80021738.41
quetiapine fumarate,7068368.563
quetiapine fumarate,521.4238857
quetiapine fumarate er,53246946.29
quetiapine fumarate er,1977849.239
quetiapine fumarate er,3145923.783
quetiapine fumarate er,1726.386282
quetiapine fumarate er,31594.70611
quetiapine fumarate er,279490.497
quetiapine fumarate er,14874290.02
quetiapine fumarate er,745403.0564
quetiapine fumarate er,3075644.124
quetiapine fumarate er,9929.75646
quetiapine fumarate er,61103.889
quetiapine fumarate er,27500386.59
quillichew er,280638.1931
quillichew er,279876.8534
quillivant xr,182349.8329
quillivant xr,181286.9467
quinapril hcl,1019520.743
quinapril hcl,503856.9659
quinapril hcl,323566.702
quinapril hcl,1382.753141
quinapril hcl,179051.8069
quinapril hcl,26464.87306
quinapril hcl,2130.799195
quinapril-hydrochlorothiazide,73550.22384
quinapril-hydrochlorothiazide,2912.916665
quinapril-hydrochlorothiazide,73075.74127
quinidine gluconate,1575114.194
quinidine gluconate,1261414.641
quinidine gluconate,434479.249
quinidine sulfate,1675765.719
quinidine sulfate,3770.03486
quinidine sulfate,1568077.288
quinine sulfate,414898.2817
quinine sulfate,97359.72766
quinine sulfate,11507.4295
quinine sulfate,44390.15065
quinine sulfate,254270.9389
qulipta,110358257.1
qulipta,129118870.1
qutenza,13477127.21
qutenza,13386891.58
quviviq,14348745.65
quviviq,14444532.38
quzyttir,763515.947
quzyttir,765478.4993
qvar redihaler,48173985.38
qvar redihaler,48091496.0
rabavert,861741.5686
rabavert,607307.7633
rabavert,262848.6903
rabeprazole sodium,16071378.96
rabeprazole sodium,3083244.786
rabeprazole sodium,23837.71156
rabeprazole sodium,2990303.896
rabeprazole sodium,3462098.022
rabeprazole sodium,2488567.72
rabeprazole sodium,3188509.117
radicava,10363017.3
radicava,10242208.8
radicava ors,222321115.5
radicava ors,270898435.0
ragwitek,96928.15593
ragwitek,96985.79109
raloxifene hcl,56975768.46
raloxifene hcl,1150585.619
raloxifene hcl,3835884.127
raloxifene hcl,596519.8536
raloxifene hcl,13920.30731
raloxifene hcl,6494.748324
raloxifene hcl,6030088.675
raloxifene hcl,10558204.08
raloxifene hcl,24033733.33
raloxifene hcl,7233971.457
ramelteon,24323741.84
ramelteon,5710239.195
ramelteon,14422.95046
ramelteon,8020679.297
ramelteon,9291125.536
ramelteon,196841.1068
ramelteon,37713.32892
ramelteon,1374051.632
ramelteon,336257.7243
ramelteon,37905.76494
ramipril,21418179.55
ramipril,2237288.049
ramipril,5057774.63
ramipril,6795557.429
ramipril,41045.86443
ramipril,562.2039682
ramipril,5021.580058
ramipril,4480.140009
ramipril,991337.1957
ramipril,8727624.41
ramipril,16529.34351
ranexa,1823784.313
ranexa,1820090.325
ranolazine er,144124115.4
ranolazine er,29207898.64
ranolazine er,21351675.64
ranolazine er,11879255.73
ranolazine er,162531.3956
ranolazine er,30810.30814
ranolazine er,807176.2795
ranolazine er,20295457.29
ranolazine er,1349577.734
ranolazine er,402680.6493
ranolazine er,14418919.78
ranolazine er,2750998.777
ranolazine er,15733.00977
ranolazine er,1114567.562
ranolazine er,6598117.32
ranolazine er,40745563.34
ranolazine er,1417985.256
ranolazine er,262.3886347
rapaflo,2673175.265
rapaflo,2646712.513
rapamune,746929.0988
rapamune,747341.1659
rasagiline mesylate,50217104.42
rasagiline mesylate,13882890.59
rasagiline mesylate,3081198.898
rasagiline mesylate,91836.70206
rasagiline mesylate,10864334.92
rasagiline mesylate,549021.5403
rasagiline mesylate,12404896.96
rasagiline mesylate,2600400.09
rasuvo,21811420.61
rasuvo,21924179.0
ravicti,33922956.86
ravicti,51761251.15
raya sure pen needle,8330.889827
raya sure pen needle,8306.271162
rayaldee,36842887.49
rayaldee,36848136.25
rayos,22808496.51
rayos,22314072.52
rebif,109037098.4
rebif,145233757.1
rebif rebidose,79337251.25
rebif rebidose,94582559.71
reblozyl,28810609.86
reblozyl,27458893.37
rebyota,1142592.433
rebyota,1162530.378
recarbrio,1022235.494
recarbrio,1014961.513
reclast,95858.86937
reclast,95799.70961
reclipsen,6461.404683
reclipsen,6449.271351
recombivax hb,81773.14748
recombivax hb,81435.3151
recorlev,9923125.741
recorlev,9536310.314
rectiv,5911413.487
rectiv,5919914.564
reditrex,86299.47522
reditrex,86297.1161
reglan,95932.68497
reglan,96458.85723
regonol,43871.80633
regonol,43120.22078
regranex,8812885.183
regranex,8835123.538
relafen ds,2085822.096
relafen ds,2083566.505
relenza,13090.38357
relenza,13267.45124
releuko,26014.09099
releuko,25730.86957
relistor,122291457.4
relistor,114583234.9
relpax,3240967.786
relpax,3266164.233
reltone,602754.8567
reltone,601943.6786
relyvrio,142618114.6
relyvrio,187988471.7
remeron,756139.961
remeron,756924.6782
remicade,92752774.83
remicade,104664123.7
remodulin,11743597.88
remodulin,12194944.48
rena-vite rx,9600.147571
rena-vite rx,9575.82892
renacidin,3192765.356
renacidin,3197302.859
renagel,47984.45239
renagel,48114.95996
renal caps,1549.266088
renal caps,1544.152417
renflexis,6027294.873
renflexis,7130124.079
renflexis,527123.5363
renvela,95503432.53
renvela,101378589.0
repaglinide,18973395.49
repaglinide,10247695.81
repaglinide,483306.3028
repaglinide,1324757.367
repaglinide,7086469.92
repatha pushtronex,85358604.66
repatha pushtronex,90026300.07
repatha pushtronex,117218.549
repatha sureclick,328235567.2
repatha sureclick,830798473.2
repatha sureclick,147204.8114
repatha syringe,130540707.5
repatha syringe,141854105.8
repatha syringe,59205.54147
restasis,193232521.3
restasis,827131311.7
restasis multidose,58458244.31
restasis multidose,54166286.49
restoril,975289.5228
restoril,993750.3915
retacrit,24788642.24
retacrit,25011770.47
retevmo,61717196.66
retevmo,64615111.53
retin-a,1166130.057
retin-a,1167249.244
retin-a micro,185112.8883
retin-a micro,184787.5534
retin-a micro pump,545923.3442
retin-a micro pump,544085.5638
revatio,8904005.363
revatio,8367435.57
revcovi,4398576.161
revcovi,6270330.735
revlimid,388841102.1
revlimid,1762860234.0
rexulti,219836755.1
rexulti,432960605.9
reyataz,946473.3937
reyataz,963988.0906
reyvow,10714018.24
reyvow,10715678.1
rezlidhia,5059060.267
rezlidhia,5523181.15
rezurock,116219234.2
rezurock,174944445.6
rezvoglar kwikpen,69058.15759
rezvoglar kwikpen,69163.50111
rezzayo,64283.77676
rezzayo,63985.58126
rhofade,2532534.151
rhofade,2552898.532
rhopressa,115710305.2
rhopressa,157461049.5
riabni,2861357.425
riabni,2857085.453
ribavirin,275636.3132
ribavirin,275081.9199
ridaura,1022131.184
ridaura,1033208.318
rifabutin,7141376.732
rifabutin,3554775.657
rifabutin,92687.95651
rifabutin,3577536.654
rifadin,54714.5139
rifadin,54615.96737
rifampin,7869398.202
rifampin,38314.8109
rifampin,64017.83742
rifampin,1567.238381
rifampin,22674.96558
rifampin,855.3932107
rifampin,6890608.666
rifampin,923873.888
rifampin,106382.1529
rifampin,2931.784128
riluzole,9964368.759
riluzole,360954.9393
riluzole,5256.56007
riluzole,17883.56514
riluzole,2353349.867
riluzole,7408736.262
rimantadine hcl,157185.3288
rimantadine hcl,157701.1977
rimso-50,589488.8387
rimso-50,588116.1584
rinvoq,265150645.7
rinvoq,629475715.3
risedronate sodium,27724112.84
risedronate sodium,195022.062
risedronate sodium,1445692.723
risedronate sodium,2415171.509
risedronate sodium,6142424.862
risedronate sodium,1597346.154
risedronate sodium,9076530.989
risedronate sodium,5904003.288
risedronate sodium dr,4192973.642
risedronate sodium dr,1149036.68
risedronate sodium dr,570985.7801
risedronate sodium dr,2448745.27
risperdal,3846843.962
risperdal,3853015.848
risperdal consta,126039449.7
risperdal consta,157746298.1
risperidone,66125582.72
risperidone,13321566.11
risperidone,1154544.826
risperidone,1710321.007
risperidone,21299070.19
risperidone,106710.6851
risperidone,969877.6705
risperidone,138372.9252
risperidone,2123.393881
risperidone,1030.803865
risperidone,4833.311809
risperidone,125.3696742
risperidone,1349223.262
risperidone,20027869.2
risperidone,1317.365112
risperidone er,328635.3684
risperidone er,327902.6628
risperidone odt,9458416.626
risperidone odt,2668412.62
risperidone odt,6758832.017
ritalin,891592.8417
ritalin,889047.1313
ritalin la,1099753.007
ritalin la,1107491.64
ritonavir,9963019.169
ritonavir,1183751.441
ritonavir,178653.5076
ritonavir,3193569.099
ritonavir,5249741.018
rituxan,38819236.24
rituxan,37567411.51
rituxan hycela,589028.1677
rituxan hycela,586420.4289
rivastigmine,89488960.79
rivastigmine,2913814.173
rivastigmine,23797186.41
rivastigmine,8962983.995
rivastigmine,3094811.481
rivastigmine,20411890.51
rivastigmine,25795227.02
rivastigmine,3063206.985
rivastigmine,25019821.84
rivastigmine,462318.3861
rivastigmine,6654.362613
rivastigmine,491213.803
rivastigmine,4639.174039
rivastigmine,8941275.889
rivastigmine,4386407.409
rivastigmine,2049.505816
rivastigmine,737872.9788
rivastigmine,7444741.035
rivastigmine,3546149.74
rivelsa,2988.958694
rivelsa,2978.393986
rizatriptan,18934312.04
rizatriptan,6655.779853
rizatriptan,178216.9933
rizatriptan,2572216.234
rizatriptan,385793.0658
rizatriptan,4979805.834
rizatriptan,2613.466273
rizatriptan,137888.4949
rizatriptan,2070.567614
rizatriptan,33423.33234
rizatriptan,1150565.923
rizatriptan,1419239.376
rizatriptan,5099128.268
rizatriptan,3142306.624
rocaltrol,35418.33612
rocaltrol,35292.61363
rocklatan,94196610.37
rocklatan,123898251.3
roflumilast,56689465.11
roflumilast,14510095.51
roflumilast,4537984.868
roflumilast,19126962.82
roflumilast,4604771.093
roflumilast,265779.9922
roflumilast,13083628.31
roflumilast,2536111.599
rolvedon,612705.9424
rolvedon,608445.6519
ropinirole er,13240959.28
ropinirole er,300232.4708
ropinirole er,11433.59575
ropinirole er,6962307.111
ropinirole er,3402253.024
ropinirole er,1607112.441
ropinirole hcl,68247235.99
ropinirole hcl,23432626.48
ropinirole hcl,36743.52986
ropinirole hcl,68410.80282
ropinirole hcl,22226.70858
ropinirole hcl,24660950.06
ropinirole hcl,5509910.104
ropinirole hcl,17567202.51
ropinirole hcl,772885.3093
ropivacaine hcl,4324.072081
ropivacaine hcl,4308.756221
rosuvastatin calcium,454372398.4
rosuvastatin calcium,55058637.96
rosuvastatin calcium,2273637.912
rosuvastatin calcium,161199.1956
rosuvastatin calcium,13573938.0
rosuvastatin calcium,16982582.36
rosuvastatin calcium,1569.741424
rosuvastatin calcium,378558.0216
rosuvastatin calcium,62313256.04
rosuvastatin calcium,29656815.24
rosuvastatin calcium,67083308.84
rosuvastatin calcium,45330.28772
rosuvastatin calcium,2415.878587
rosuvastatin calcium,92109841.55
rosuvastatin calcium,7869.488202
rosuvastatin calcium,85103249.03
rosuvastatin calcium,109396457.8
rosuvastatin calcium,1003.933556
rosuvastatin calcium,66965477.9
rosuvastatin calcium,11893348.38
rosuvastatin calcium,4900505.545
rosuvastatin calcium,4400.483922
rosuvastatin-ezetimibe,2948.371577
rosuvastatin-ezetimibe,2941.07035
rowasa,69073.50956
rowasa,68873.42688
roweepra,997.4499457
roweepra,996.5769009
roxicodone,1803615.008
roxicodone,1840344.167
roxybond,820529.7058
roxybond,820427.059
rozerem,1031626.007
rozerem,1034945.329
rozlytrek,15961578.27
rozlytrek,16489867.8
rubraca,46325669.72
rubraca,42459193.87
ruconest,22921556.86
ruconest,40167627.82
rufinamide,38458734.13
rufinamide,14890865.9
rufinamide,1879598.632
rufinamide,3820976.592
rufinamide,5552717.279
rufinamide,4469223.359
rufinamide,3147377.284
rufinamide,2000126.305
rufinamide,3939085.023
rukobia,78771411.19
rukobia,95546068.57
ruxience,19268433.42
ruxience,17387502.48
ryaltris,1002086.614
ryaltris,1003025.156
rybelsus,307978554.6
rybelsus,1475581263.0
rybrevant,1134847.181
rybrevant,1147708.895
ryclora,44418.48113
ryclora,44302.31513
rydapt,32784452.34
rydapt,36680529.88
rystiggo,4546856.69
rystiggo,4253772.623
rytary,143315193.5
rytary,243255401.0
ryvent,439555.5136
ryvent,439990.5312
sabril,14007494.5
sabril,19455505.74
safety pen needle,50855.58369
safety pen needle,45786.7432
safety pen needle,1673.75951
safetyglide insulin syringe,220249.4632
safetyglide insulin syringe,220541.5233
safetyglide insulin syringe,261180.8836
safetyglide insulin syringe,122797.0815
safetyglide insulin syringe,123226.3234
safetyglide insulin syringe,335095.7373
safetyglide insulin syringe,189586.2
safetyglide insulin syringe,147239.8259
safetyglide insulin syringe,179595.791
safetyglide insulin syringe,179999.8973
safetyglide insulin syringe,173682.7112
safetyglide insulin syringe,174111.7564
safetyglide syringe,3923.065745
safetyglide syringe,3880.493695
safyral,8803.786604
safyral,8779.417368
saizen,133412.0178
saizen,133286.6654
saizen-saizenprep,38256.04806
saizen-saizenprep,38122.65595
sajazir,2773292.751
sajazir,3201020.885
salagen,49461.03444
salagen,50070.35283
salicylic acid,207306.422
salicylic acid,139183.3089
salicylic acid,18090.48209
salicylic acid,24647.37641
salsalate,699210.0879
salsalate,63174.356
salsalate,49548.15735
salsalate,491877.7142
salsalate,2201.239013
samsca,11700375.84
samsca,11313950.85
sancuso,6451167.695
sancuso,6501445.679
sandimmune,934172.9783
sandimmune,931186.7098
sandostatin,175298.9362
sandostatin,174970.2809
sandostatin lar depot,52400389.5
sandostatin lar depot,51283427.31
santyl,157870398.5
santyl,170012519.8
saphnelo,9266870.104
saphnelo,9903983.737
saphris,7556964.511
saphris,7574365.213
sapropterin dihydrochloride,16412373.86
sapropterin dihydrochloride,13277336.9
sapropterin dihydrochloride,2870286.408
sarclisa,4261284.097
sarclisa,4223114.722
savaysa,5455344.757
savaysa,5413401.308
savella,70796809.16
savella,64131966.71
saxagliptin hcl,4385207.217
saxagliptin hcl,3089300.558
saxagliptin hcl,533657.2475
saxagliptin hcl,842927.8208
saxagliptin-metformin er,1693196.932
saxagliptin-metformin er,986522.131
saxagliptin-metformin er,928835.1702
saxenda,33285.69785
saxenda,33250.87055
scemblix,95536725.14
scemblix,133307696.1
scopolamine,27273973.07
scopolamine,3759616.055
scopolamine,5797955.488
scopolamine,4256492.035
scopolamine,17128649.21
se-natal 19,20313.05064
se-natal 19,20306.50425
se-natal-19,30307.41753
se-natal-19,30297.65037
seasonique,92612.5312
seasonique,91684.78203
secuado,5168733.343
secuado,5204315.469
securesafe pen needle,641051.0217
securesafe pen needle,635531.3597
seglentis,706729.3152
seglentis,706588.8727
segluromet,1187948.744
segluromet,1194442.638
selegiline hcl,6621511.839
selegiline hcl,111299.5062
selegiline hcl,873299.6011
selegiline hcl,1151.958358
selegiline hcl,1159367.793
selegiline hcl,4782027.487
selenium sulfide,811991.0837
selenium sulfide,67048.38792
selenium sulfide,677396.2143
selenium sulfide,17925.47967
selenium sulfide,15901.81834
selenium sulfide,1987.016636
selenium sulfide,3525.704883
selzentry,7921974.807
selzentry,7965633.296
semglee (yfgn),4028527.495
semglee (yfgn),4056314.466
semglee (yfgn) pen,23354284.28
semglee (yfgn) pen,23252159.39
semglee (yfgn) pen,33383.39181
sensipar,2855588.372
sensipar,2839537.401
sensorcaine,335.680421
sensorcaine,335.4090894
sensorcaine-mpf,4010.360954
sensorcaine-mpf,3979.502425
serevent diskus,38283858.77
serevent diskus,37361657.05
seroquel,10167376.76
seroquel,10077137.31
seroquel xr,8828296.081
seroquel xr,8759337.919
serostim,76409154.61
serostim,104849117.0
sertraline hcl,205233909.7
sertraline hcl,440.8243265
sertraline hcl,81.35012404
sertraline hcl,21866449.73
sertraline hcl,57588.37065
sertraline hcl,40770681.73
sertraline hcl,10161321.85
sertraline hcl,119732.2351
sertraline hcl,4221232.735
sertraline hcl,872182.8079
sertraline hcl,262455.2523
sertraline hcl,24330086.01
sertraline hcl,133132.2995
sertraline hcl,59501149.51
sertraline hcl,84.64158634
sertraline hcl,3954197.782
sertraline hcl,373479.4104
sertraline hcl,5057349.749
sertraline hcl,2131.672749
setlakin,102081.5354
setlakin,102812.1499
sevelamer carbonate,177710197.5
sevelamer carbonate,331188.5952
sevelamer carbonate,16895258.8
sevelamer carbonate,3892.50335
sevelamer carbonate,8892457.03
sevelamer carbonate,24601.86733
sevelamer carbonate,11046405.78
sevelamer carbonate,50116.42637
sevelamer carbonate,2344.323282
sevelamer carbonate,39513920.63
sevelamer carbonate,15205350.42
sevelamer carbonate,2628376.782
sevelamer carbonate,59794510.54
sevelamer carbonate,33784203.98
sevelamer hcl,25592650.2
sevelamer hcl,9139118.128
sevelamer hcl,94116.71312
sevelamer hcl,9526862.444
sevelamer hcl,4942825.082
sevelamer hcl,196297.4682
sevelamer hcl,13931.74736
seysara,612404.6698
seysara,609902.7814
sf,33032.79213
sf,32960.81122
sf 5000 plus,444003.0848
sf 5000 plus,439854.3329
sfrowasa,30071.81194
sfrowasa,29878.49893
sharobel,31384.23646
sharobel,31434.53676
shingrix,515124132.3
shingrix,780791654.0
signifor,1561987.924
signifor,1783057.842
signifor lar,3793787.553
signifor lar,5349926.951
siklos,765975.8421
siklos,766197.3962
sildenafil citrate,43256343.79
sildenafil citrate,10150.962
sildenafil citrate,49997.98537
sildenafil citrate,375267.2152
sildenafil citrate,164268.7195
sildenafil citrate,890.0359275
sildenafil citrate,604.9920792
sildenafil citrate,3364205.214
sildenafil citrate,71153.16454
sildenafil citrate,3735868.126
sildenafil citrate,1054885.762
sildenafil citrate,71869.3517
sildenafil citrate,5418.977662
sildenafil citrate,217788.629
sildenafil citrate,434986.6122
sildenafil citrate,3097.59652
sildenafil citrate,20835.46913
sildenafil citrate,5354237.269
sildenafil citrate,1350213.436
sildenafil citrate,181.3571194
sildenafil citrate,8585458.55
sildenafil citrate,9398905.526
sildenafil citrate,10630205.17
sildenafil citrate,1162193.328
silenor,883923.3779
silenor,885473.955
siliq,9696950.396
siliq,10387515.72
silodosin,31318549.87
silodosin,1142044.047
silodosin,7690144.423
silodosin,2368112.368
silodosin,5105616.72
silodosin,4363013.479
silodosin,160218.5515
silodosin,3138259.092
silodosin,5114166.916
silvadene,31839.32138
silvadene,31808.94597
silver nitrate,2458.023409
silver nitrate,2452.309701
silver sulfadiazine,6519689.825
silver sulfadiazine,401011.9846
silver sulfadiazine,6358537.187
simbrinza,65465860.37
simbrinza,71830269.71
simpesse,191571.8739
simpesse,191185.3657
simponi,137745082.9
simponi,162446408.8
simponi aria,35192143.88
simponi aria,34030468.33
simvastatin,174630750.4
simvastatin,331099.7233
simvastatin,7468797.599
simvastatin,314.5911235
simvastatin,14382.61167
simvastatin,19914900.16
simvastatin,71409400.09
simvastatin,630.3574609
simvastatin,92613.28175
simvastatin,214669.6469
simvastatin,424.7010147
simvastatin,11472969.24
simvastatin,183147.5317
simvastatin,21407158.23
simvastatin,243.406895
simvastatin,8006.312014
simvastatin,2922.80847
simvastatin,22182138.54
sinemet 10-100,1681.016862
sinemet 10-100,1683.642591
sinemet 25-100,260688.4875
sinemet 25-100,261249.3841
single use swab,717841.3815
single use swab,722290.9496
singulair,6619612.605
singulair,6595374.089
sirolimus,22524215.5
sirolimus,19750.04093
sirolimus,1450331.926
sirolimus,1873400.312
sirolimus,8502104.497
sirolimus,1200138.722
sirolimus,5369.960606
sirolimus,5820013.571
sirolimus,142889.3154
sirolimus,2715322.437
sirolimus,420472.0371
sirolimus,149989.2692
sirturo,2893692.905
sirturo,2862790.495
sitavig,26950.00393
sitavig,26805.43124
sivextro,9122986.37
sivextro,10727283.45
sivextro,1737891.79
sky safety pen needle,1205.184817
sky safety pen needle,1200.460671
skyclarys,35985224.45
skyclarys,43062053.45
skyla,13931.8863
skyla,13862.30888
skyrizi on-body,116331982.3
skyrizi on-body,192083427.1
skyrizi pen,299284186.7
skyrizi pen,973467216.8
skyrizi,181671912.0
skyrizi,301410275.8
slynd,1760337.962
slynd,1763460.802
smoflipid,25727.91639
smoflipid,25705.90735
soaanz,4618563.427
soaanz,4627069.813
sod sulf-potass sulf-mag sulf,44794388.66
sod sulf-potass sulf-mag sulf,25068080.89
sod sulf-potass sulf-mag sulf,18201081.49
sodium acetate,53349.79852
sodium acetate,33684.81032
sodium acetate,15990.0273
sodium acetate,1203.96461
sodium bicarbonate,773590.8128
sodium bicarbonate,492514.0666
sodium bicarbonate,109647.8341
sodium bicarbonate,11026.68513
sodium bicarbonate,6265.513626
sodium bicarbonate,146680.0874
sodium chloride,23004.7342
sodium chloride,2614.839005
sodium chloride,18239.54068
sodium chloride,1479.680102
sodium chloride,526796.0191
sodium chloride,7151.192298
sodium chloride,71897.50253
sodium chloride,441184.7979
sodium chloride,12285.44867
sodium chloride,501.5475496
sodium chloride,15551.15716
sodium chloride,770.1538084
sodium chloride,770.4915553
sodium chloride,816364.612
sodium chloride,209737.6935
sodium chloride,766.1051453
sodium chloride,608489.2885
sodium chloride,7840480.698
sodium chloride,98831.40579
sodium chloride,25672.55808
sodium chloride,77449.12875
sodium chloride,59790.50882
sodium chloride,6357399.811
sodium chloride,681266.8367
sodium chloride,10438.91889
sodium citrate-citric acid,67815.51554
sodium citrate-citric acid,1160.344156
sodium citrate-citric acid,66294.59022
sodium fluoride 5000 dry mouth,256908.8109
sodium fluoride 5000 dry mouth,257292.156
sodium fluoride 5000 plus,282851.7781
sodium fluoride 5000 plus,282871.2049
sodium fluoride enamel protect,77581.55585
sodium fluoride enamel protect,77771.48505
sodium fluoride sensitive,350562.9138
sodium fluoride sensitive,351547.9199
sodium fluoride,1469248.137
sodium fluoride,193520.5665
sodium fluoride,1210458.506
sodium fluoride,1242.800889
sodium fluoride,139633.7719
sodium fluoride,4124.95506
sodium fluoride,2752.773479
sodium fluoride,508.9133389
sodium oxybate,55573483.33
sodium oxybate,1807651.142
sodium oxybate,49636084.07
sodium phenylbutyrate,3788652.441
sodium phenylbutyrate,138173.4108
sodium phenylbutyrate,3718099.133
sodium phosphate,60391.13909
sodium phosphate,20929.55707
sodium phosphate,16357.2243
sodium phosphate,27284.79279
sodium polystyrene sulfonate,3437526.402
sodium polystyrene sulfonate,123192.7525
sodium polystyrene sulfonate,26343.60747
sodium polystyrene sulfonate,1074681.454
sodium polystyrene sulfonate,69102.09784
sodium polystyrene sulfonate,7170.726329
sodium polystyrene sulfonate,2020010.864
sodium polystyrene sulfonate,29803.81277
sodium sulfacetamide-sulfur,58383.02453
sodium sulfacetamide-sulfur,53823.91393
sodium sulfacetamide-sulfur,7636.105326
sofosbuvir-velpatasvir,73280248.06
sofosbuvir-velpatasvir,113096031.2
sogroya,172033.6964
sogroya,171626.461
solifenacin succinate,84366075.44
solifenacin succinate,171674.5495
solifenacin succinate,4265592.733
solifenacin succinate,12118.1756
solifenacin succinate,19459213.06
solifenacin succinate,222.920454
solifenacin succinate,7985918.455
solifenacin succinate,4206251.408
solifenacin succinate,12838683.28
solifenacin succinate,16258.97331
solifenacin succinate,22565502.91
solifenacin succinate,216584.9614
solifenacin succinate,518639.9719
solifenacin succinate,16615746.78
solifenacin succinate,34072.87995
solifenacin succinate,14754.52736
soliqua 100-33,184676283.2
soliqua 100-33,247000485.2
soliris,108026049.5
soliris,198986933.8
solodyn,4056.205575
solodyn,4050.96848
solosec,63040.8828
solosec,62991.68079
soltamox,480961.8548
soltamox,479698.5113
solu-cortef,113412.4179
solu-cortef,113374.4618
solu-cortef,686616.5122
solu-cortef,684648.7795
solu-medrol,31889.28067
solu-medrol,27184.63747
solu-medrol,3550.093776
solu-medrol,244362.0822
solu-medrol,227141.1556
solu-medrol,6297.241603
solu-medrol,2380.966934
soma,1543847.374
soma,1580640.321
somatuline depot,47225995.49
somatuline depot,46091991.06
somavert,41597132.16
somavert,38156868.97
soolantra,2088508.958
soolantra,2095171.232
sorafenib,34829515.0
sorafenib,3527289.163
sorafenib,1068669.6
sorafenib,7122265.58
sorafenib,8014148.115
sorafenib,13971786.36
sorilux,372957.71
sorilux,372737.2014
sorine,3110.23679
sorine,3132.680282
sotalol,26368588.69
sotalol,9135883.402
sotalol,344129.4686
sotalol,14433957.28
sotalol,5836522.507
sotalol,752.2475025
sotalol,1559.602066
sotalol,1376.561586
sotalol af,3182296.901
sotalol af,1173836.732
sotalol af,1579215.601
sotalol af,472.541336
sotalol af,257488.6951
sotyktu,35341338.77
sotyktu,35360499.83
sotylize,15467.35721
sotylize,15418.31551
sovaldi,1633561.614
sovaldi,1691553.324
spevigo,1319400.711
spevigo,1348557.18
spinosad,325933.1895
spinosad,325878.0902
spinraza,1579500.273
spinraza,2305265.159
spiriva handihaler,214502768.8
spiriva handihaler,611362855.6
spiriva respimat,203272217.5
spiriva respimat,609421271.0
spironolactone,94111881.02
spironolactone,811292.8087
spironolactone,28130.72601
spironolactone,22179353.91
spironolactone,170.7348686
spironolactone,3564203.993
spironolactone,1227059.666
spironolactone,11830803.31
spironolactone,1897906.967
spironolactone,13114.79334
spironolactone,422794.9555
spironolactone,6298.089957
spironolactone,30169.32182
spironolactone,11775588.19
spironolactone,34798593.99
spironolactone,447.3548108
spironolactone,8289920.743
spironolactone-hctz,9504450.154
spironolactone-hctz,3471.273278
spironolactone-hctz,18618.02248
spironolactone-hctz,374061.898
spironolactone-hctz,4068293.974
spironolactone-hctz,5045039.228
spironolactone-hctz,60590.67889
sporanox,199083.2135
sporanox,198963.0255
spravato,74882540.9
spravato,76423125.04
sprintec,462071.2373
sprintec,464619.7008
spritam,1348053.761
spritam,1374810.88
sprix,2029681.048
sprix,2058550.202
sprycel,246836485.0
sprycel,458917892.0
sps,12956935.58
sps,13003986.04
sronyx,66704.99524
sronyx,67145.44258
ssd,4582549.838
ssd,4610487.353
stalevo 100,240119.8468
stalevo 100,241177.5155
stalevo 125,33485.50987
stalevo 125,33432.95843
stalevo 150,144020.2499
stalevo 150,144387.8914
stalevo 200,186076.7503
stalevo 200,186360.7234
stalevo 50,35328.79028
stalevo 50,35510.90224
stalevo 75,16838.48592
stalevo 75,16825.25107
steglatro,17242303.97
steglatro,17344615.53
steglujan,1348110.709
steglujan,1371733.878
stelara,321216364.0
stelara,1123967143.0
sterile pads,2523.655555
sterile pads,380.2822931
sterile pads,1883.623932
sterile pads,346.3333386
stiolto respimat,169622400.5
stiolto respimat,296935108.9
stivarga,90632479.74
stivarga,113853899.8
strattera,1513132.817
strattera,1552254.887
strensiq,90226950.54
strensiq,195288967.3
streptomycin sulfate,5805064.241
streptomycin sulfate,5785322.0
stribild,29440501.16
stribild,28813449.56
striverdi respimat,5006092.838
striverdi respimat,4974703.312
stromectol,1748.603843
stromectol,1738.303412
sublocade,30088508.03
sublocade,33087825.24
suboxone,75518889.61
suboxone,84367227.65
subsys,792762.7647
subsys,786468.2448
subvenite,21618.22693
subvenite,21603.41885
subvenite (orange),66153.37247
subvenite (orange),66131.0514
sucraid,74789524.97
sucraid,89190706.97
sucralfate,164677618.5
sucralfate,4876.24014
sucralfate,34447899.94
sucralfate,20788.5586
sucralfate,27046012.83
sucralfate,28654710.88
sucralfate,663259.3519
sucralfate,15224347.95
sucralfate,21133.69118
sucralfate,25878360.74
sucralfate,2381938.724
sucralfate,354.1866002
sucralfate,11631.57512
sucralfate,607470.6922
sucralfate,20528800.84
sucralfate,2179503.079
sucralfate,16344.60207
sucralfate,381196.746
suflave,465403.0305
sular,336228.207
sular,334537.9624
sulfacetamide sodium,2029504.553
sulfacetamide sodium,5030.975243
sulfacetamide sodium,797377.6745
sulfacetamide sodium,779472.2627
sulfacetamide sodium,571771.9691
sulfacetamide-prednisolone,95082.34041
sulfacetamide-prednisolone,95050.23892
sulfadiazine,845770.4433
sulfadiazine,13261.60485
sulfadiazine,802145.7469
sulfamethoxazole-trimethoprim,26965389.81
sulfamethoxazole-trimethoprim,4239.352889
sulfamethoxazole-trimethoprim,44531.18264
sulfamethoxazole-trimethoprim,48036.11796
sulfamethoxazole-trimethoprim,137761.7902
sulfamethoxazole-trimethoprim,179691.7461
sulfamethoxazole-trimethoprim,66684.97181
sulfamethoxazole-trimethoprim,4728197.434
sulfamethoxazole-trimethoprim,35833.50923
sulfamethoxazole-trimethoprim,66549.12746
sulfamethoxazole-trimethoprim,31457.6134
sulfamethoxazole-trimethoprim,189.7796467
sulfamethoxazole-trimethoprim,14397026.28
sulfamethoxazole-trimethoprim,14586.92647
sulfamethoxazole-trimethoprim,6842819.638
sulfamethoxazole-trimethoprim,1503.858089
sulfamylon,55367.92724
sulfamylon,55287.66043
sulfasalazine,13691105.02
sulfasalazine,9049086.893
sulfasalazine,2941600.024
sulfasalazine,1263616.143
sulfasalazine,456692.5202
sulfasalazine,5733.569677
sulfasalazine dr,6161776.372
sulfasalazine dr,6148087.436
sulindac,3992712.189
sulindac,1735.704115
sulindac,441412.3676
sulindac,3258.464775
sulindac,1173933.971
sulindac,2269096.876
sumatriptan,9757569.797
sumatriptan,3594070.724
sumatriptan,1303196.706
sumatriptan,475603.2771
sumatriptan,150824.5508
sumatriptan,2987543.19
sumatriptan,2787578.182
sumatriptan succ-naproxen sod,2931109.577
sumatriptan succ-naproxen sod,1684368.849
sumatriptan succ-naproxen sod,707653.4648
sumatriptan succ-naproxen sod,409235.0542
sumatriptan succ-naproxen sod,131300.634
sumatriptan succinate,56083600.77
sumatriptan succinate,8137.508121
sumatriptan succinate,86988.41221
sumatriptan succinate,15975.94701
sumatriptan succinate,1921602.092
sumatriptan succinate,1161998.692
sumatriptan succinate,11757442.57
sumatriptan succinate,512573.193
sumatriptan succinate,26629.24378
sumatriptan succinate,43327.82499
sumatriptan succinate,3936840.112
sumatriptan succinate,21639606.76
sumatriptan succinate,1117.559768
sumatriptan succinate,316380.4831
sumatriptan succinate,2576162.833
sumatriptan succinate,2918.669265
sumatriptan succinate,931051.1355
sumatriptan succinate,8773101.709
sumatriptan succinate,4695.333704
sumatriptan succinate,37356.58969
sunitinib malate,58823618.08
sunitinib malate,8154342.721
sunitinib malate,7145773.852
sunitinib malate,4118776.497
sunitinib malate,9700848.419
sunitinib malate,32399942.15
sunlenca,8288350.245
sunlenca,9118598.508
sunosi,15707066.63
sunosi,540712.6514
sunosi,15209036.98
suprep,14234951.94
suprep,14308492.55
sure comfort,517843.1922
sure comfort,517866.6914
sure comfort,768934.3051
sure comfort,768647.3564
sure comfort,1888211.399
sure comfort,1889515.034
sure comfort,1910102.913
sure comfort,1910229.293
sure comfort alcohol,71028.02123
sure comfort alcohol,70442.4306
sure comfort insulin syringe,6003.257314
sure comfort insulin syringe,6067.89361
sure comfort insulin syringe,7479.900785
sure comfort insulin syringe,7543.434026
sure comfort insulin syringe,3611.537397
sure comfort insulin syringe,3633.108402
sure comfort pen needle,7979854.763
sure comfort pen needle,7973864.453
sure comfort safety pen needle,3210.520671
sure comfort safety pen needle,3211.315275
sure-fine pen needles,2700.00356
sure-fine pen needles,2700.083035
sure-ject insulin syringe,4691.628233
sure-ject insulin syringe,4724.48321
sure-ject insulin syringe,3874.942634
sure-ject insulin syringe,3873.406347
sure-ject insulin syringe,4792.260072
sure-ject insulin syringe,4825.106835
sure-prep alcohol prep pads,3777.643894
sure-prep alcohol prep pads,3808.441641
sustiva,27090.69172
sustiva,27037.10127
sustol,87365.52097
sustol,87167.18472
sutab,27298729.68
sutab,27792922.03
sutent,6933837.125
sutent,6355607.466
syeda,149753.9657
syeda,149953.3086
syfovre,1368349.846
syfovre,1422811.248
symbicort,211645359.3
symbicort,980365940.2
symbyax,58220.93606
symbyax,58274.1846
symdeko,12492350.63
symdeko,16822221.57
symfi,1114006.53
symfi,1158322.885
symfi lo,130473.5767
symfi lo,130423.0584
symlinpen 120,2326670.128
symlinpen 120,2348046.791
symlinpen 60,1542871.877
symlinpen 60,1531968.484
sympazan,2661619.13
sympazan,2655020.284
symproic,12620477.24
symproic,12709558.29
symtuza,223598396.1
symtuza,348654499.3
synagis,48354.01151
synagis,47872.78894
synarel,251786.846
synarel,248519.4023
synjardy,124014482.2
synjardy,143833848.9
synjardy xr,167491302.6
synjardy xr,235270436.9
synribo,1095826.193
synribo,1189133.142
synthroid,248754185.2
synthroid,337761320.0
syprine,581055.993
syprine,575130.0641
tabloid,672283.2486
tabloid,335424.34
tabloid,295280.0933
tabrecta,78851908.46
tabrecta,95507903.36
taclonex,582153.4884
taclonex,582173.4361
tacrolimus,100440759.4
tacrolimus,540917.2428
tacrolimus,1451127.687
tacrolimus,79298.12938
tacrolimus,790383.3095
tacrolimus,12378.35961
tacrolimus,19193718.62
tacrolimus,7746.217109
tacrolimus,401450.1218
tacrolimus,7152915.123
tacrolimus,16269.42219
tacrolimus,212474.9064
tacrolimus,14568.9618
tacrolimus,22477641.14
tacrolimus,12814845.0
tacrolimus,2398966.232
tacrolimus,3098.38416
tacrolimus,3695316.125
tacrolimus,8687.805777
tacrolimus,2620503.204
tacrolimus,27315023.81
tacrolimus,4550.063865
tadalafil,98761425.98
tadalafil,899690.5373
tadalafil,6771371.582
tadalafil,670972.8292
tadalafil,1051553.256
tadalafil,1814373.093
tadalafil,4604390.969
tadalafil,1293583.192
tadalafil,7590.48147
tadalafil,115.8473897
tadalafil,3412.473149
tadalafil,2733129.003
tadalafil,194339.9868
tadalafil,27050192.63
tadalafil,26662351.48
tadalafil,2450913.174
tadalafil,371211.3243
tadalafil,4898759.197
tadalafil,632.3143549
tadalafil,165427.6973
tadalafil,1900473.816
tadalafil,2015560.233
tadalafil,546348.2229
tadalafil,37353.32866
tadalafil,8430519.286
tadalafil,313744.1414
tadliq,145198.8184
tadliq,145118.9554
tafinlar,110665942.6
tafinlar,144556707.9
tafluprost,13310072.35
tafluprost,7585700.188
tafluprost,4451404.022
tafluprost,853878.1458
tagrisso,299847284.4
tagrisso,808626719.4
takhzyro,118928804.3
takhzyro,216091885.0
takhzyro,11861994.11
talicia,3306333.54
talicia,3327979.428
taltz autoinjector,193626659.3
taltz autoinjector,366612044.1
taltz autoinjector (2 pack),59622861.44
taltz autoinjector (2 pack),66638591.38
taltz autoinjector (3 pack),22361729.84
taltz autoinjector (3 pack),30136846.39
taltz syringe,42604112.77
taltz syringe,43189343.03
talzenna,14794771.38
talzenna,14836558.91
tamiflu,67325.98894
tamiflu,64627.14226
tamiflu,4076.454381
tamoxifen citrate,12875975.34
tamoxifen citrate,17916.62924
tamoxifen citrate,2379885.919
tamoxifen citrate,2454926.743
tamoxifen citrate,620.8634221
tamoxifen citrate,6434837.699
tamoxifen citrate,1252786.96
tamsulosin hcl,309747888.0
tamsulosin hcl,174614453.0
tamsulosin hcl,1156412.443
tamsulosin hcl,6939772.26
tamsulosin hcl,464750.9642
tamsulosin hcl,92874147.0
tamsulosin hcl,6650994.694
tamsulosin hcl,15982029.8
tamsulosin hcl,2437.252154
tamsulosin hcl,610234.9142
tamsulosin hcl,2349344.262
tamsulosin hcl,1235.821232
tamsulosin hcl,120399667.3
tamsulosin hcl,9143504.682
tamsulosin hcl,425.4948088
tamsulosin hcl,1419444.463
tamsulosin hcl,7387.767372
targadox,26997.71851
targadox,27094.1141
targretin,4587176.83
targretin,4680882.078
tarina 24 fe,6319.232369
tarina 24 fe,6303.444184
tarina fe 1-20 eq,14398.01947
tarina fe 1-20 eq,14417.78968
taron-c dha,1675.158523
taron-c dha,1674.232623
tarpeyo,13897173.37
tarpeyo,15097904.32
tascenso odt,382856.3062
tascenso odt,377985.2581
tasigna,243501076.0
tasigna,400451879.0
tasimelteon,20348601.71
tasimelteon,18660418.56
tasimelteon,5773643.496
tasmar,193283.1901
tasmar,192113.8906
tavaborole,17822584.17
tavaborole,1913842.37
tavaborole,116820.3632
tavaborole,324805.0042
tavaborole,101455.9216
tavaborole,9713188.292
tavaborole,1793893.061
tavaborole,1386719.73
tavaborole,2034186.489
tavalisse,46797453.82
tavalisse,42937900.05
tavneos,35713299.69
tavneos,32005559.76
taytulla,34299.76912
taytulla,34248.15627
tazarotene,2642685.739
tazarotene,1056670.688
tazarotene,116373.3259
tazarotene,55940.71544
tazarotene,123413.3642
tazarotene,1281871.58
tazicef,36664.86402
tazicef,36507.20762
tazorac,1717148.811
tazorac,1720508.295
taztia xt,149805.1449
taztia xt,150096.4506
tazverik,18217970.07
tazverik,19022649.37
tdvax,453020.3768
tdvax,452851.3198
tecentriq,35014104.05
tecentriq,31521266.63
tecfidera,157322517.7
tecfidera,202345503.8
techlite insulin syringe,39238.97055
techlite insulin syringe,39273.97729
techlite insulin syringe,52683.39697
techlite insulin syringe,52657.05005
techlite insulin syringe,62552.48286
techlite insulin syringe,62608.28804
techlite pen needle,3210643.723
techlite pen needle,3217289.273
tecvayli,301712.1504
tecvayli,293634.8739
teflaro,11876614.75
teflaro,11511444.12
tegretol,12923571.21
tegretol,12973416.04
tegretol xr,16937371.17
tegretol xr,16951038.7
tegsedi,4480420.167
tegsedi,7802600.02
tekturna,1095660.578
tekturna,1100392.655
tekturna hct,398905.8463
tekturna hct,399407.5576
telmisartan,62398066.59
telmisartan,45629.09028
telmisartan,8127344.444
telmisartan,10879060.98
telmisartan,787143.3078
telmisartan,5413060.215
telmisartan,13164389.82
telmisartan,1195.556694
telmisartan,19334.79735
telmisartan,21245.29373
telmisartan,138905.9151
telmisartan,16807069.77
telmisartan,495303.2304
telmisartan-amlodipine,3956644.712
telmisartan-amlodipine,5642.951699
telmisartan-amlodipine,3956625.946
telmisartan-amlodipine,3277.123127
telmisartan-hydrochlorothiazid,33619862.38
telmisartan-hydrochlorothiazid,56921.70892
telmisartan-hydrochlorothiazid,10733852.29
telmisartan-hydrochlorothiazid,5857646.655
telmisartan-hydrochlorothiazid,2098302.265
telmisartan-hydrochlorothiazid,5062783.298
telmisartan-hydrochlorothiazid,7713305.813
temazepam,29713469.94
temazepam,148615.9698
temazepam,19249.6037
temazepam,8013060.426
temazepam,44942.49592
temazepam,9524.06556
temazepam,12521621.52
temazepam,1845467.577
temazepam,4042218.745
temazepam,4417755.967
temazepam,2822.946026
temozolomide,93481.59945
temozolomide,19160.11913
temozolomide,23678.13851
temozolomide,47799.85336
temsirolimus,121671.1226
temsirolimus,46143.53939
temsirolimus,64968.07124
tencon,7714.648209
tencon,7706.831024
tenivac,2875397.925
tenivac,2864732.565
tenofovir disoproxil fumarate,22014074.0
tenofovir disoproxil fumarate,2201310.886
tenofovir disoproxil fumarate,2912378.534
tenofovir disoproxil fumarate,1559375.573
tenofovir disoproxil fumarate,7983.296097
tenofovir disoproxil fumarate,5293044.173
tenofovir disoproxil fumarate,940804.8382
tenofovir disoproxil fumarate,4118.840839
tenofovir disoproxil fumarate,3654011.602
tenofovir disoproxil fumarate,2236958.839
tenoretic 50,109533.1855
tenoretic 50,110751.4832
tenormin,3439685.081
tenormin,3484166.291
tepezza,75540287.07
tepezza,132581186.3
tepmetko,20426541.01
tepmetko,21044749.85
terazosin hcl,35435360.02
terazosin hcl,28203064.08
terazosin hcl,10367.69821
terazosin hcl,232.9587538
terazosin hcl,9753288.564
terazosin hcl,1011120.547
terbinafine hcl,11852467.59
terbinafine hcl,4802.980182
terbinafine hcl,1293446.421
terbinafine hcl,4396.57048
terbinafine hcl,2693748.964
terbinafine hcl,1092.221858
terbinafine hcl,344037.2407
terbinafine hcl,323278.6894
terbinafine hcl,6862179.117
terbutaline sulfate,1402690.981
terbutaline sulfate,204577.8697
terbutaline sulfate,399762.1019
terbutaline sulfate,5479.557676
terbutaline sulfate,428821.606
terbutaline sulfate,378603.2573
terconazole,4179107.845
terconazole,2252658.463
terconazole,261021.6783
terconazole,1406648.604
terconazole,198334.7851
teriflunomide,92044335.63
teriflunomide,17708396.47
teriflunomide,32727853.19
teriflunomide,43457041.83
teriflunomide,66181.67188
teriflunomide,14513121.51
teriflunomide,645294.6262
teriflunomide,2927471.936
teriflunomide,10605190.55
teriparatide,77789864.47
teriparatide,60291.87743
teriparatide,8361639.605
teriparatide,1624728.78
teriparatide,74745344.45
terumo insulin syringe,251.7144253
terumo insulin syringe,251.4334746
testim,1053127.187
testim,1054074.316
testopel,1085063.048
testopel,1091164.654
testosterone,111414810.3
testosterone,2169543.056
testosterone,6932222.228
testosterone,650398.5379
testosterone,9883021.096
testosterone,177659.6911
testosterone,7143253.307
testosterone,9033662.155
testosterone,13087921.29
testosterone,4250453.886
testosterone,98953.23593
testosterone,17465310.94
testosterone,6796397.455
testosterone,24973.42163
testosterone,477699.1356
testosterone,1538847.217
testosterone,18827376.0
testosterone,15346230.38
testosterone cypionate,34807507.39
testosterone cypionate,990094.4012
testosterone cypionate,1786390.323
testosterone cypionate,12316874.75
testosterone cypionate,14442.39334
testosterone cypionate,7700038.704
testosterone cypionate,5906498.546
testosterone cypionate,295447.2927
testosterone cypionate,4625595.556
testosterone cypionate,2062.940873
testosterone cypionate,4306.051021
testosterone cypionate,3856026.815
testosterone cypionate,1231.442982
testosterone cypionate,621432.6066
testosterone cypionate,735083.7028
testosterone enanthate,855172.5767
testosterone enanthate,851774.8903
tetrabenazine,63642767.65
tetrabenazine,2103526.567
tetrabenazine,499977.8043
tetrabenazine,13843436.74
tetrabenazine,1141956.439
tetrabenazine,31468114.88
tetrabenazine,6086363.558
tetrabenazine,879703.3641
tetrabenazine,6103813.663
tetracaine hcl,8204.324226
tetracaine hcl,8187.427317
tetracaine hcl,3583.160877
tetracaine hcl,3542.392005
tetracycline hcl,6689515.537
tetracycline hcl,2702284.759
tetracycline hcl,1398821.633
tetracycline hcl,127980.932
tetracycline hcl,1755197.245
tetracycline hcl,192537.3272
tetracycline hcl,1953.361418
texacort,38817.50531
texacort,38746.23742
tezspire,81740680.48
tezspire,94353513.15
thalitone,549158.4762
thalomid,20438228.26
thalomid,19576257.5
theo-24,3368307.094
theo-24,3374782.999
theophylline,430821.0785
theophylline,280023.9744
theophylline,41389.96685
theophylline,106041.0076
theophylline,7162.465072
theophylline er,24957285.61
theophylline er,1581898.414
theophylline er,95183.26926
theophylline er,1217467.051
theophylline er,554659.0387
theophylline er,8438941.139
theophylline er,5584.091898
theophylline er,2383422.591
theophylline er,3555.535065
theophylline er,11087781.05
thiola,4074585.785
thiola,3652844.365
thiola ec,24578012.17
thiola ec,22017628.05
thioridazine hcl,1834177.622
thioridazine hcl,72302.91522
thioridazine hcl,1744812.893
thioridazine hcl,1061.45494
thiothixene,2713421.487
thiothixene,1537273.361
thiothixene,4238.079055
thiothixene,121871.0786
thiothixene,1135453.956
thrivite rx,9315.869062
thrivite rx,9223.061558
thyquidity,222233.2964
thyquidity,162073.155
thyquidity,47107.82438
thyrogen,368600.8577
thyrogen,368806.8097
thyroid,97803.59881
thyroid,97978.22291
tiadylt er,8183638.388
tiadylt er,8181602.2
tiagabine hcl,7896708.233
tiagabine hcl,2167157.758
tiagabine hcl,14895.40382
tiagabine hcl,5420961.342
tiagabine hcl,577724.2857
tiazac,113557.8843
tiazac,113480.2077
tibsovo,133477990.2
tibsovo,225740048.7
tibsovo,624744.0813
ticovac,28601.91749
ticovac,28824.56011
tigan,166995.2365
tigan,168019.3536
tigecycline,3641639.599
tigecycline,34647.2137
tigecycline,148791.3339
tigecycline,602489.1207
tigecycline,1422047.984
tigecycline,290114.018
tigecycline,412693.1079
tigecycline,641848.9157
tiglutik,3260436.749
tiglutik,3232741.957
tikosyn,795282.8375
tikosyn,789731.9667
tilia fe,27495.59691
tilia fe,27558.41784
timolol maleate,8992529.468
timolol maleate,1939163.694
timolol maleate,1778105.66
timolol maleate,51935.97373
timolol maleate,5604555.98
timolol maleate,95053.21755
timolol maleate,61636345.97
timolol maleate,30593866.86
timolol maleate,15942212.69
timolol maleate,1571084.276
timolol maleate,6076840.434
timolol maleate,3491.500529
timolol maleate,171436.0139
timolol maleate,23390.31708
timolol maleate,333028.5736
timolol maleate,3781901.486
timolol maleate,36434.12212
timolol maleate,1171012.729
timolol maleate,8550187.182
timolol maleate,220972.564
timoptic ocudose,4972703.844
timoptic ocudose,1984069.962
timoptic ocudose,2645626.585
tinidazole,397100.9179
tinidazole,115064.3955
tinidazole,266478.2457
tiopronin,1107079.807
tiopronin,1095328.375
tiotropium bromide,19079410.01
tiotropium bromide,18774010.19
tirosint,14712130.78
tirosint,14848591.43
tirosint-sol,1920886.718
tirosint-sol,1926016.189
tis-u-sol pentalyte,294.6270694
tis-u-sol pentalyte,297.820328
tivdak,754970.1225
tivdak,742578.3929
tivicay,243230002.9
tivicay,444364984.7
tivicay pd,34977.42437
tivicay pd,35095.37349
tizanidine hcl,98723053.46
tizanidine hcl,2367322.8
tizanidine hcl,6099557.884
tizanidine hcl,6310041.251
tizanidine hcl,15731.47274
tizanidine hcl,31647.41292
tizanidine hcl,43785175.7
tizanidine hcl,9582012.116
tizanidine hcl,6591656.69
tizanidine hcl,21013.01767
tizanidine hcl,60.30285506
tizanidine hcl,291.2047977
tizanidine hcl,2999006.643
tizanidine hcl,1577226.156
tizanidine hcl,5103567.068
tizanidine hcl,2286203.17
tizanidine hcl,889999.8752
tizanidine hcl,775957.1036
tizanidine hcl,95431.82215
tizanidine hcl,142.5226383
tlando,732241.9678
tlando,732016.518
tobi,150699.7746
tobi,149295.1685
tobi podhaler,9320286.09
tobi podhaler,11405553.03
tobradex,17143833.72
tobradex,17185225.29
tobradex,17024.97939
tobradex st,4003906.842
tobradex st,3928449.859
tobramycin,2649038.747
tobramycin,216251.4705
tobramycin,576975.8963
tobramycin,277092.6064
tobramycin,144220.4298
tobramycin,34378.73457
tobramycin,772566.0277
tobramycin,209152.3725
tobramycin,349399.706
tobramycin sulfate,1881863.475
tobramycin sulfate,424817.5085
tobramycin sulfate,364186.2375
tobramycin sulfate,174673.6169
tobramycin sulfate,59024.98307
tobramycin sulfate,333.657301
tobramycin sulfate,652438.561
tobramycin sulfate,91105.9231
tobramycin sulfate,168250.0324
tobramycin sulfate,1578.125663
tobramycin,2260378.741
tobramycin,127856.2957
tobramycin,734336.7262
tobramycin,461097.1064
tobramycin,149745.4905
tobramycin,127385.7408
tobramycin,3037.661052
tobramycin,320243.5257
tobramycin,250914.0352
tobramycin,13588.38326
tobramycin-dexamethasone,33399566.73
tobramycin-dexamethasone,8350078.279
tobramycin-dexamethasone,10269300.18
tobramycin-dexamethasone,11669993.17
tobramycin-dexamethasone,1001926.571
tobrex,1181212.8
tobrex,1119504.785
tobrex,57775.16756
tolcapone,993959.211
tolcapone,633910.4098
tolcapone,379433.3468
tolsura,776436.6586
tolsura,773279.2518
tolterodine tartrate,13787118.52
tolterodine tartrate,3298538.669
tolterodine tartrate,374413.3107
tolterodine tartrate,3186956.75
tolterodine tartrate,28462.26302
tolterodine tartrate,2497265.144
tolterodine tartrate,2470576.552
tolterodine tartrate,2517365.701
tolterodine tartrate,1510.695594
tolterodine tartrate er,87355571.26
tolterodine tartrate er,29107983.08
tolterodine tartrate er,1355331.599
tolterodine tartrate er,8371506.28
tolterodine tartrate er,29227.75931
tolterodine tartrate er,8466327.861
tolterodine tartrate er,241731.004
tolterodine tartrate er,11967439.08
tolterodine tartrate er,30074007.75
tolterodine tartrate er,2236.323521
tolvaptan,35831231.2
tolvaptan,14660732.82
tolvaptan,7215074.937
tolvaptan,15571705.86
tolvaptan,3757986.738
topamax,45904294.28
topamax,46091108.55
topiramate,60556231.17
topiramate,24724338.81
topiramate,1543225.769
topiramate,884.0108666
topiramate,23970.85193
topiramate,69593.01836
topiramate,1267400.606
topiramate,123001.3174
topiramate,39067.10828
topiramate,6686.728481
topiramate,10373949.06
topiramate,19614.89856
topiramate,14246841.81
topiramate,611.8509716
topiramate,2627744.911
topiramate,685.1045892
topiramate er,33418759.54
topiramate er,9441938.767
topiramate er,5889868.141
topiramate er,4218051.916
topiramate er,5624644.884
topiramate er,504278.225
topiramate er,4684428.675
topotecan hcl,61210.15428
topotecan hcl,13165.80612
topotecan hcl,11883.41075
topotecan hcl,7692.730678
topotecan hcl,28539.19444
toprol xl,5841554.871
toprol xl,3927272.576
toprol xl,1663058.241
toremifene citrate,1254230.549
toremifene citrate,929301.1974
toremifene citrate,315452.5473
torsemide,58214522.47
torsemide,31309108.17
torsemide,1127445.055
torsemide,35341.59529
torsemide,1655.574552
torsemide,20920748.24
torsemide,618.1217575
torsemide,200.8782172
torsemide,4299.122172
torsemide,7109212.184
torsemide,1832.527992
tosymra,483989.8202
tosymra,483805.8339
toujeo max solostar,210863917.5
toujeo max solostar,352262152.0
toujeo solostar,199160447.5
toujeo solostar,388646155.5
tovet emollient,36948.23068
tovet emollient,37271.65798
toviaz,7914392.973
toviaz,7943873.894
tpn electrolytes,17376.06639
tpn electrolytes,17362.66184
tracleer,13807518.93
tracleer,14737785.28
tradjenta,229017395.4
tradjenta,755092438.3
tramadol hcl,84221703.64
tramadol hcl,9442.868894
tramadol hcl,13149041.07
tramadol hcl,631140.0659
tramadol hcl,2840.924362
tramadol hcl,12935858.65
tramadol hcl,1902893.625
tramadol hcl,17060.13737
tramadol hcl,83.27208688
tramadol hcl,13171759.25
tramadol hcl,33490664.87
tramadol hcl,10569941.96
tramadol hcl,2273212.696
tramadol hcl,19462.352
tramadol hcl er,18648378.05
tramadol hcl er,1129964.984
tramadol hcl er,1520135.743
tramadol hcl er,17478423.1
tramadol hcl-acetaminophen,4478702.548
tramadol hcl-acetaminophen,5147.919009
tramadol hcl-acetaminophen,8675.906704
tramadol hcl-acetaminophen,72124.01749
tramadol hcl-acetaminophen,1286873.567
tramadol hcl-acetaminophen,2841168.995
trandolapril,2008803.366
trandolapril,871708.1943
trandolapril,1257620.275
trandolapril,1522.434688
trandolapril-verapamil er,1949980.925
trandolapril-verapamil er,1952524.609
tranexamic acid,2820328.903
tranexamic acid,672.1238064
tranexamic acid,2871.425321
tranexamic acid,3088.563327
tranexamic acid,1921.957292
tranexamic acid,1200.222187
tranexamic acid,659.344318
tranexamic acid,683939.3394
tranexamic acid,1957296.633
tranexamic acid,300392.6916
transderm-scop,374240.1769
transderm-scop,8767.155105
transderm-scop,356744.1534
tranylcypromine sulfate,3695332.81
tranylcypromine sulfate,1183805.691
tranylcypromine sulfate,89906.80039
tranylcypromine sulfate,1583248.68
tranylcypromine sulfate,5304.329118
tranylcypromine sulfate,1032219.28
travasol,48573.3256
travasol,48619.33139
travatan z,13540210.69
travatan z,13537164.25
travoprost,125943519.4
travoprost,13884847.86
travoprost,12512152.9
travoprost,51759002.24
travoprost,32772147.12
trazimera,4499422.25
trazimera,5250936.66
trazodone hcl,200848175.7
trazodone hcl,39191457.45
trazodone hcl,26106524.17
trazodone hcl,87562041.06
trazodone hcl,185303.1351
trazodone hcl,67798.64045
trazodone hcl,3647.754281
trazodone hcl,6267887.318
trazodone hcl,27819906.46
trazodone hcl,4994504.03
trazodone hcl,198.7348796
treanda,1346064.922
treanda,1413507.489
trelegy ellipta,371438883.4
trelegy ellipta,2026306022.0
trelstar,15045681.88
trelstar,14996109.66
tremfya,235096599.0
tremfya,422777982.2
treprostinil,2059462.744
treprostinil,567618.2636
treprostinil,1725713.04
tresiba,28317282.08
tresiba,27492900.23
tresiba flextouch u-100,197132168.0
tresiba flextouch u-100,418353248.6
tresiba flextouch u-200,214475385.2
tresiba flextouch u-200,609671436.1
tretinoin microsphere,850509.1742
tretinoin microsphere,448803.0424
tretinoin microsphere,390380.5777
tretinoin microsphere,26687.03545
tretinoin,21963304.14
tretinoin,5191453.425
tretinoin,35868.22477
tretinoin,2866002.832
tretinoin,1741576.79
tretinoin,2148718.076
tretinoin,228701.9373
tretinoin,1193550.644
tretinoin,4098102.873
tretinoin,11193.87585
tretinoin,2524834.335
tretinoin,2141441.294
trexall,2062788.746
trexall,2042913.931
treximet,1175273.725
treximet,1199323.808
trezix,59322.7297
trezix,59241.34465
tri femynor,1393.499595
tri femynor,1393.206278
tri-estarylla,177616.3957
tri-estarylla,178504.595
tri-legest fe,26374.85249
tri-legest fe,26339.23561
tri-linyah,81992.32759
tri-linyah,82314.1307
tri-lo-estarylla,56791.02734
tri-lo-estarylla,56865.92407
tri-lo-marzia,73622.9777
tri-lo-mili,143779.7356
tri-lo-mili,143708.5136
tri-lo-sprintec,109106.8861
tri-lo-sprintec,109359.838
tri-nymyo,5676.670074
tri-nymyo,5672.90752
tri-sprintec,331775.0311
tri-sprintec,332649.6939
tri-vylibra,2381.279088
tri-vylibra,2385.468642
tri-vylibra lo,2449.828864
tri-vylibra lo,2445.706062
triamcinolone acetonide,65535817.97
triamcinolone acetonide,172611.6403
triamcinolone acetonide,25484.16112
triamcinolone acetonide,5741143.711
triamcinolone acetonide,3773.683964
triamcinolone acetonide,3538165.587
triamcinolone acetonide,1104322.044
triamcinolone acetonide,7159520.714
triamcinolone acetonide,13565795.97
triamcinolone acetonide,3623661.911
triamcinolone acetonide,1246.147852
triamcinolone acetonide,507179.1282
triamcinolone acetonide,1282767.669
triamcinolone acetonide,33160.54031
triamcinolone acetonide,7877129.367
triamcinolone acetonide,1486308.388
triamcinolone acetonide,17848.44669
triamcinolone acetonide,19085.84021
triamcinolone acetonide,33113.95038
triamcinolone acetonide,170859.6828
triamcinolone acetonide,493854.8046
triamcinolone acetonide,4929189.989
triamcinolone acetonide,1704674.011
triamcinolone acetonide,5280785.935
triamcinolone acetonide,879926.4813
triamcinolone acetonide,10461.57708
triamcinolone acetonide,283.4295256
triamcinolone acetonide,10107.90553
triamcinolone acetonide,15715532.13
triamcinolone acetonide,276126.697
triamterene,4655500.166
triamterene,1973513.599
triamterene,2574148.492
triamterene-hydrochlorothiazid,34185364.72
triamterene-hydrochlorothiazid,3207913.335
triamterene-hydrochlorothiazid,5313337.949
triamterene-hydrochlorothiazid,5291307.908
triamterene-hydrochlorothiazid,1074.844124
triamterene-hydrochlorothiazid,2929912.137
triamterene-hydrochlorothiazid,806.5593136
triamterene-hydrochlorothiazid,1035854.381
triamterene-hydrochlorothiazid,12295553.89
triamterene-hydrochlorothiazid,2103321.314
triamterene-hydrochlorothiazid,4987852.46
triazolam,5200360.035
triazolam,287490.5445
triazolam,1436709.324
triazolam,2233946.074
triazolam,1220800.403
tribenzor,1914343.85
tribenzor,141275.814
tribenzor,1681190.006
tricare,10125.21431
tricare,10110.08927
tricitrates,23254.84014
tricitrates,23156.56661
tricor,134476.3121
tricor,135253.2768
triderm,5937.285386
triderm,5920.81016
trientine hcl,4473642.184
trientine hcl,1744244.277
trientine hcl,671215.164
trientine hcl,255864.3812
trientine hcl,344151.7962
trientine hcl,885919.4153
trientine hcl,61923.26849
trientine hcl,1495990.129
trifluoperazine hcl,2460789.267
trifluoperazine hcl,1171618.77
trifluoperazine hcl,19248.02834
trifluoperazine hcl,1300127.064
trifluridine,1696872.2
trifluridine,1695423.649
trihexyphenidyl hcl,3308676.877
trihexyphenidyl hcl,2407514.245
trihexyphenidyl hcl,428958.2313
trihexyphenidyl hcl,440605.6308
trihexyphenidyl hcl,6058.913214
trihexyphenidyl hcl,466.6543006
trihexyphenidyl hcl,84142.70662
trijardy xr,73218343.32
trijardy xr,74841025.4
trikafta,259966879.1
trikafta,510701985.8
trileptal,22064843.02
trileptal,21565190.66
trilipix,324191.5383
trilipix,326515.2289
trimethoprim,9671124.059
trimethoprim,1420801.672
trimethoprim,8214730.249
trimethoprim,9641.012916
trimipramine maleate,391408.796
trimipramine maleate,95055.43728
trimipramine maleate,19429.89913
trimipramine maleate,299234.4808
trinatal rx 1,15528.87267
trinatal rx 1,15523.39638
trintellix,151292686.4
trintellix,277599265.1
triumeq,237322146.3
triumeq,428901441.4
trivora-28,35355.0525
trivora-28,35672.67854
trizivir,1224023.784
trizivir,1232428.243
trodelvy,4236011.102
trodelvy,4949768.018
trogarzo,13349125.02
trogarzo,14675666.93
trokendi xr,28565833.22
trokendi xr,30315665.35
tropicamide,3288.758712
tropicamide,940.0668256
tropicamide,1536.588456
tropicamide,712.5661991
trospium chloride,20608012.79
trospium chloride,542304.8401
trospium chloride,40326.18143
trospium chloride,8789544.308
trospium chloride,16847.3294
trospium chloride,2490544.563
trospium chloride,11555199.78
trospium chloride er,22480429.49
trospium chloride er,6632690.716
trospium chloride er,7463981.122
trospium chloride er,8553958.266
trospium chloride er,86994.68526
trospium chloride er,826036.5071
trospium chloride er,1484523.835
trudhesa,3004560.48
trudhesa,3019185.56
true comfort alcohol pads,246143.5592
true comfort alcohol pads,246337.0952
true comfort pen needle,1349.112529
true comfort pen needle,1352.400063
true comfort pro alcohol pads,603241.0193
true comfort pro alcohol pads,604030.1168
true comfort pro ins syringe,94780.81057
true comfort pro ins syringe,94903.54157
true comfort pro ins syringe,4909.00759
true comfort pro ins syringe,4912.511238
true comfort pro pen needle,262709.7849
true comfort pro pen needle,262902.0889
true comfort safety pen needle,3088842.114
true comfort safety pen needle,3097737.109
trueplus insulin syringe,554102.5971
trueplus insulin syringe,553714.918
trueplus insulin syringe,1208044.151
trueplus insulin syringe,1205713.871
trueplus insulin syringe,1435178.736
trueplus insulin syringe,1431707.471
trueplus pen needle,3334306.228
trueplus pen needle,306904.5317
trueplus pen needle,3006765.159
trulance,131208256.4
trulance,16169.84982
trulance,130855217.9
trulicity,363273705.4
trulicity,2117038133.0
trumenba,176020.2333
trumenba,176521.7638
truqap,1392934.092
truqap,1361428.143
truseltiq,369039.499
truseltiq,365900.3116
truvada,4999985.499
truvada,5066848.191
truxima,16981044.39
truxima,16557626.89
tudorza pressair,11137256.15
tudorza pressair,11141580.5
tukysa,79981937.1
tukysa,103911842.4
turalio,1866828.331
turalio,2097480.369
twinrix,28064829.74
twinrix,27735713.72
twyneo,54702.60503
twyneo,54619.15046
tyblume,3154.018259
tyblume,3164.924506
tybost,246359.9691
tybost,248540.5573
tydemy,5972.102333
tydemy,5961.129471
tygacil,288266.4361
tygacil,177578.6762
tygacil,79328.05738
tykerb,2145867.036
tykerb,2115715.893
tymlos,156821264.0
tymlos,178788090.2
typhim vi,3446181.301
typhim vi,3409108.315
tyrvaya,40350242.08
tyrvaya,38946918.93
tysabri,39984588.35
tysabri,40322472.84
tyvaso dpi,237045392.2
tyvaso dpi,337627629.8
tyvaso refill kit,3432853.521
tyvaso refill kit,4053131.004
tyvaso starter kit,331366.798
tyvaso starter kit,327330.2955
ubrelvy,178023493.3
ubrelvy,247773237.3
uceris,1864444.086
uceris,1026647.862
uceris,827665.018
udenyca,6196650.257
udenyca,7662767.871
udenyca autoinjector,1000246.27
udenyca autoinjector,1002327.149
uloric,5969607.36
uloric,5971172.93
ulticare,96425.58904
ulticare,97151.99594
ulticare,233779.8209
ulticare,234688.2098
ulticare,193215.2549
ulticare,194406.0969
ulticare insulin syringe,22880.71859
ulticare insulin syringe,22961.93571
ulticare insulin syringe,50080.82068
ulticare insulin syringe,50345.62711
ulticare insulin syringe,96642.14742
ulticare insulin syringe,97270.15616
ulticare insulin syringe,95010.62369
ulticare insulin syringe,95544.05452
ulticare pen needle,21848392.61
ulticare pen needle,21635063.71
ulticare safety pen needle,266844.4876
ulticare safety pen needle,267374.7778
ultiguard safepack-insulin syr,1152.653105
ultiguard safepack-insulin syr,1154.5028
ultiguard safepack-insulin syr,1322.380504
ultiguard safepack-insulin syr,1323.766758
ultiguard safepack-pen needle,168018.857
ultiguard safepack-pen needle,168847.4394
ultilet insulin syringe,507.0241205
ultilet insulin syringe,506.1512189
ultilet pen needle,864.5872221
ultilet pen needle,863.0999454
ultomiris,89205617.73
ultomiris,174443803.1
ultra comfort,156.2937344
ultra comfort,156.0064008
ultra comfort,563.0427912
ultra comfort,561.7196985
ultra comfort,18157.59691
ultra comfort,3319.842487
ultra comfort,13600.50009
ultra comfort,5033.086424
ultra comfort,1898.907386
ultra comfort,3202.665143
ultra flo insulin syringe,1095.84598
ultra flo insulin syringe,1095.013068
ultra flo pen needle,144092.8025
ultra flo pen needle,144034.4648
ultra thin,13654.22456
ultra thin,13637.53154
ultra-fine micro pen needle,14346251.55
ultra-fine micro pen needle,14418453.1
ultra-fine mini pen needle,66750434.8
ultra-fine mini pen needle,64543155.3
ultra-fine nano pen needle,36126235.39
ultra-fine nano pen needle,36145445.3
ultra-fine nano pen needle,172952.0733
ultra-fine original pen needle,6682836.906
ultra-fine original pen needle,6699657.324
ultra-fine short pen needle,64502644.8
ultra-fine short pen needle,58853956.36
ultra-thin ii,18745.45351
ultra-thin ii,18729.14145
ultra-thin ii,2796.24436
ultra-thin ii,2788.920436
ultra-thin ii,15496.52862
ultra-thin ii,15483.04358
ultra-thin ii,7987.044184
ultra-thin ii,7974.449557
ultracare insulin syringe,5163.993313
ultracare insulin syringe,5186.745781
ultracare insulin syringe,17811.9177
ultracare insulin syringe,17915.15422
ultracare insulin syringe,23483.13649
ultracare insulin syringe,23587.55572
ultracare pen needle,690877.224
ultracare pen needle,693594.3425
ultravate,190044.7628
ultravate,189871.4823
unasyn,99083.34484
unasyn,98996.13465
unifine pentips,6322386.044
unifine pentips,6353435.305
unifine pentips,290.880498
unifine pentips maxflow,7612.211905
unifine pentips maxflow,7667.497163
unifine pentips plus,2547696.35
unifine pentips plus,113679.1095
unifine pentips plus,2169758.055
unifine pentips plus,828.3000293
unifine pentips plus,51778.58248
unifine pentips plus,1654.588628
unifine pentips plus maxflow,2403.233879
unifine pentips plus maxflow,2412.525443
unifine safecontrol,915176.5262
unifine safecontrol,918676.504
unifine ultra pen needle,405380.6651
unifine ultra pen needle,408108.675
unithroid,2723328.543
unithroid,2725857.267
uplizna,6616708.077
uplizna,13165442.59
uptravi,268927650.8
uptravi,820493361.3
urea,14791.30834
urea,3349.823139
urea,12853.88863
urea,959.1043776
uro-mp,4165.726511
uro-mp,4126.658052
urocit-k,107264.9745
urocit-k,107401.1934
urogesic-blue,127651.0469
urogesic-blue,127612.7985
uroxatral,1828755.004
uroxatral,1848316.124
urso,148896.3682
urso,148279.9116
urso forte,369413.1845
urso forte,368611.4681
ursodiol,98443977.7
ursodiol,13743426.1
ursodiol,556305.7226
ursodiol,74970.94461
ursodiol,13972287.23
ursodiol,2579.804308
ursodiol,3366840.008
ursodiol,8709.554531
ursodiol,7612.625545
ursodiol,28251.34456
ursodiol,670677.7677
ursodiol,3412098.655
ursodiol,761630.6161
ursodiol,13957050.64
ursodiol,5667893.077
ursodiol,70911.76132
ursodiol,10867103.32
ursodiol,1795998.339
ursodiol,4237796.236
ursodiol,16366001.08
ursodiol,9373112.988
ursodiol,1138.049103
uzedy,8794646.983
uzedy,8847695.041
v-go 20,9091684.113
v-go 20,8958907.825
v-go 30,7936687.886
v-go 30,7820779.331
v-go 40,10970880.86
v-go 40,10810276.01
vabomere,1400485.22
vabomere,1480931.663
vabysmo,15492958.44
vabysmo,15066525.46
vagifem,3286078.583
vagifem,3285122.947
valacyclovir,137325764.8
valacyclovir,2846811.538
valacyclovir,16631169.54
valacyclovir,1745758.064
valacyclovir,1866123.969
valacyclovir,31375.61031
valacyclovir,2207.852237
valacyclovir,8023209.199
valacyclovir,3144.715377
valacyclovir,17389208.63
valacyclovir,4968.938001
valacyclovir,295783.8658
valacyclovir,398.7407771
valacyclovir,382323.2811
valacyclovir,41684891.43
valacyclovir,30745354.56
valacyclovir,135.4633825
valacyclovir,1357.015753
valchlor,14538153.52
valchlor,13877043.29
valcyte,291677.8647
valcyte,291878.8302
valganciclovir hcl,51896358.95
valganciclovir hcl,60633.97054
valganciclovir hcl,82803.28167
valganciclovir hcl,332648.7666
valganciclovir hcl,1024010.232
valganciclovir hcl,72020.68793
valganciclovir hcl,819376.0687
valganciclovir hcl,4741903.386
valganciclovir hcl,173925.192
valganciclovir hcl,15220233.72
valganciclovir hcl,11570720.2
valganciclovir hcl,7248333.644
valganciclovir hcl,441989.6343
valganciclovir hcl,18591.47702
valium,4977679.897
valium,4036229.106
valium,266723.6428
valproate sodium,42247.41066
valproate sodium,28959.1845
valproate sodium,1267.864236
valproate sodium,608.9928428
valproate sodium,6351.397068
valproic acid,5422955.649
valproic acid,3094325.748
valproic acid,6667.865662
valproic acid,7006.046552
valproic acid,26080.80825
valproic acid,2382362.378
valproic acid,191866.1358
valproic acid,8658001.908
valproic acid,8639639.324
valproic acid,100284.3294
valproic acid,9175.148889
valproic acid,485395.4742
valproic acid,29291.04701
valsartan,153189312.0
valsartan,50976921.53
valsartan,139680.4087
valsartan,661895.4437
valsartan,359.3754825
valsartan,3453088.99
valsartan,9139.409581
valsartan,13897394.4
valsartan,6684.03551
valsartan,352185.7668
valsartan,590588.6
valsartan,18962694.87
valsartan,31251408.2
valsartan,254913.4299
valsartan,398641.9104
valsartan,6147612.555
valsartan,266462.4374
valsartan,2598219.07
valsartan,14840873.54
valsartan,967.605566
valsartan-hydrochlorothiazide,95263404.14
valsartan-hydrochlorothiazide,18034113.79
valsartan-hydrochlorothiazide,74244.38949
valsartan-hydrochlorothiazide,49866333.49
valsartan-hydrochlorothiazide,16759531.22
valsartan-hydrochlorothiazide,118473.8106
valsartan-hydrochlorothiazide,455074.4
valsartan-hydrochlorothiazide,4110319.343
valtoco,15384039.94
valtoco,15272889.96
valtrex,4489419.938
valtrex,4463749.291
vancocin hcl,537194.5293
vancocin hcl,526006.6911
vancomycin,28893.20676
vancomycin,28913.96792
vancomycin hcl,150886.3265
vancomycin hcl,150863.7624
vancomycin hcl,1204120.293
vancomycin hcl,1205280.375
vancomycin hcl,67839173.69
vancomycin hcl,272719.7021
vancomycin hcl,2402.729684
vancomycin hcl,1228311.486
vancomycin hcl,335467.4295
vancomycin hcl,11394692.4
vancomycin hcl,16210.04337
vancomycin hcl,1382285.846
vancomycin hcl,11994.22915
vancomycin hcl,13369789.72
vancomycin hcl,10316247.12
vancomycin hcl,1104440.132
vancomycin hcl,203652.6756
vancomycin hcl,74757.73998
vancomycin hcl,2230492.995
vancomycin hcl,13402.56816
vancomycin hcl,34438.15612
vancomycin hcl,550315.0463
vancomycin hcl,22150.02144
vancomycin hcl,20979.65338
vancomycin hcl,13346.46293
vancomycin hcl,19066.02187
vancomycin hcl,5704.76634
vancomycin hcl,2444272.087
vancomycin hcl,383836.0838
vancomycin hcl,17665536.96
vancomycin hcl,26833.87903
vancomycin hcl,2418787.146
vancomycin hcl,325265.6958
vancomycin hcl-0.9% nacl,540416.3258
vancomycin hcl-0.9% nacl,538491.4611
vancomycin hcl-d5w,8791.460532
vancomycin hcl-d5w,8864.98971
vandazole,268340.8707
vandazole,269455.961
vanflyta,1152358.765
vanflyta,1152343.522
vanishpoint,7703.822061
vanishpoint,7681.286197
vanishpoint,3176.535963
vanishpoint,3174.123038
vanos,28797.31655
vanos,28626.72277
vaqta,1179074.96
vaqta,1174608.085
vardenafil hcl,815534.2942
vardenafil hcl,295336.753
vardenafil hcl,36318.32912
vardenafil hcl,65818.6652
vardenafil hcl,204948.4572
vardenafil hcl,51518.62429
varenicline tartrate,148666282.8
varenicline tartrate,7624077.49
varenicline tartrate,140947871.7
varenicline tartrate,804552.8477
varenicline tartrate,1565085.42
varenicline tartrate,6025.481611
varenicline tartrate,280562.2287
varenicline tartrate,39800848.44
varivax vaccine,545203.0978
varivax vaccine,542562.7898
varubi,522410.91
varubi,531824.3102
vascepa,156640948.5
vascepa,553323669.7
vaseretic,68485.33611
vaseretic,68312.43469
vasotec,3177876.794
vasotec,3158679.644
vectibix,3706346.633
vectibix,3947229.046
vectical,1557672.159
vectical,1556731.542
veklury,642055.1303
veklury,645757.4089
velcade,1972927.548
velcade,1952347.946
veletri,683602.7538
veletri,653909.2109
velivet,33892.41652
velivet,33871.4643
velphoro,222755983.3
velphoro,353237195.4
veltassa,126121899.2
veltassa,142339882.3
vemlidy,121713968.2
vemlidy,158627872.2
venclexta,240924010.6
venclexta,666503850.6
venclexta starting pack,11476216.87
venclexta starting pack,11485240.15
venlafaxine besylate er,439403.7957
venlafaxine besylate er,442338.6569
venlafaxine hcl,22600287.2
venlafaxine hcl,4865732.363
venlafaxine hcl,145.412111
venlafaxine hcl,6298853.094
venlafaxine hcl,4273482.807
venlafaxine hcl,203588.8404
venlafaxine hcl,13102.9319
venlafaxine hcl,366588.5268
venlafaxine hcl,1321579.222
venlafaxine hcl,1810873.933
venlafaxine hcl,2438.980417
venlafaxine hcl,3500356.731
venlafaxine hcl,748.2995552
venlafaxine hcl er,138242328.8
venlafaxine hcl er,23855222.28
venlafaxine hcl er,90102.41449
venlafaxine hcl er,5456022.908
venlafaxine hcl er,1734772.154
venlafaxine hcl er,1316895.271
venlafaxine hcl er,51353.88795
venlafaxine hcl er,1111969.113
venlafaxine hcl er,736479.1901
venlafaxine hcl er,3792145.435
venlafaxine hcl er,7962593.739
venlafaxine hcl er,10327.78975
venlafaxine hcl er,5203275.004
venlafaxine hcl er,2100.237261
venlafaxine hcl er,625451.2308
venlafaxine hcl er,123450.8737
venlafaxine hcl er,9685584.161
venlafaxine hcl er,398805.8233
venlafaxine hcl er,2927381.029
venlafaxine hcl er,15681719.73
venlafaxine hcl er,1023862.078
venlafaxine hcl er,8354.130339
venlafaxine hcl er,75470980.71
venlafaxine hcl er,4329601.903
venlafaxine hcl er,102557.1846
venlafaxine hcl er,138.926884
venlafaxine hcl er,3604.297909
ventolin hfa,174482354.9
ventolin hfa,147827187.0
veo insulin syringe,966592.0983
veo insulin syringe,967998.4587
veo insulin syringe,1336417.722
veo insulin syringe,1337130.926
veo insulin syringe,3391642.592
veo insulin syringe,3398321.751
veo insulin syringe,4449027.469
veo insulin syringe,4460463.964
veozah,4522818.582
veozah,4548915.846
verapamil er,36044059.36
verapamil er,10812105.62
verapamil er,8920.171904
verapamil er,2171996.211
verapamil er,22589472.84
verapamil er pm,22562663.82
verapamil er pm,22668517.06
verapamil hcl,3926981.42
verapamil hcl,2425.767617
verapamil hcl,1117.102991
verapamil hcl,5353.543076
verapamil hcl,2776298.118
verapamil hcl,1333.925879
verapamil hcl,1161195.557
verapamil sr,40627806.44
verapamil sr,40132654.94
verdeso,36304.08912
verdeso,36080.89622
veregen,243522.3288
veregen,30003.66167
veregen,230482.1845
verelan pm,129785.1534
verelan pm,129563.7986
verkazia,264878.3438
verkazia,260919.415
verquvo,36005918.92
verquvo,35948442.88
versacloz,1382232.763
versacloz,1388880.809
verzenio,252664418.5
verzenio,691683228.5
vesicare,5103827.09
vesicare,5126410.043
vesicare ls,31683.17191
vesicare ls,31868.28281
vestura,69808.59303
vestura,69765.43816
vfend,11296.12271
vfend,11302.05655
vfend iv,138718.4663
vfend iv,1049.100874
vfend iv,167616.7313
viagra,324987.5118
viagra,324617.1043
vibativ,746283.5727
vibativ,741195.0933
viberzi,53846092.83
viberzi,53385172.71
vibramycin,4488.432371
vibramycin,4497.255623
vibramycin,752.1203083
vibramycin,752.0783691
victoza 2-pak,149857382.6
victoza 2-pak,229699971.5
victoza 3-pak,189630397.9
victoza 3-pak,480501686.5
vidaza,61878.03979
vidaza,61442.09265
vienva,296025.2149
vienva,297726.3234
vigabatrin,15288081.12
vigabatrin,5634443.874
vigabatrin,237090.3406
vigabatrin,2411433.876
vigabatrin,1644999.189
vigabatrin,845879.3076
vigabatrin,5151810.051
vigamox,168916.0481
vigamox,168896.9583
viibryd,18273858.13
viibryd,18269241.21
vijoice,4757500.423
vijoice,6508690.853
vilazodone hcl,42244053.27
vilazodone hcl,8145606.044
vilazodone hcl,635562.4929
vilazodone hcl,1500249.852
vilazodone hcl,184710.9408
vilazodone hcl,1073324.622
vilazodone hcl,9151799.785
vilazodone hcl,10834972.37
vilazodone hcl,7102720.531
vimizim,5716653.059
vimizim,14652852.04
vimovo,3562545.471
vimovo,3540610.426
vimpat,80561555.81
vimpat,83639506.78
vinblastine sulfate,2612.238965
vinblastine sulfate,2612.971776
vincristine sulfate,6409.477972
vincristine sulfate,6434.94788
vinorelbine tartrate,13216.85295
vinorelbine tartrate,9646.406418
vinorelbine tartrate,3646.907934
viokace,2561505.027
viokace,2599697.893
viorele,57631.9778
viorele,57663.889
viracept,965409.1583
viracept,979538.5003
viread,3398578.79
viread,3447292.457
virt-c dha,2480.627709
virt-c dha,2483.573343
virt-caps,937.6129745
virt-caps,936.5585076
virt-nate dha,2050.359147
virt-nate dha,2056.382356
virt-pn dha,2859.231496
virt-pn dha,2865.231974
vistaril,17725.0195
vistaril,17792.92917
vitafol fe plus,5044.455003
vitafol fe plus,5068.801946
vitafol gummies,7529.867252
vitafol gummies,7550.582928
vitafol ultra,23084.65386
vitafol ultra,23136.13479
vitafol-ob,3867.759022
vitafol-ob,3888.629432
vitafol-ob+dha,3733.526781
vitafol-ob+dha,3760.707952
vitafol-one,6941.864341
vitafol-one,6973.108092
vitamin b-1,1198.91105
vitamin b-1,1192.122042
vitamin d2,9058367.698
vitamin d2,2717601.215
vitamin d2,3361.28227
vitamin d2,4864413.966
vitamin d2,476.6477067
vitamin d2,282.6789442
vitamin d2,1937418.891
vitamin d2,108300.545
vitamin d2,19870.34385
vitrakvi,26801013.85
vitrakvi,34029760.77
vivelle-dot,4080481.357
vivelle-dot,4061751.222
vivitrol,53714441.1
vivitrol,55818019.37
vivjoa,206336.056
vivjoa,205745.7895
vizimpro,2329308.904
vizimpro,2530431.032
volnea,81759.03008
volnea,81935.53034
vonjo,74774004.57
vonjo,91085910.56
voquezna,40959.65689
voquezna,40885.22795
voriconazole,18059960.7
voriconazole,47513.63502
voriconazole,506496.2307
voriconazole,2558517.958
voriconazole,46995.86171
voriconazole,6802.96465
voriconazole,1540835.672
voriconazole,1674218.923
voriconazole,10016.33596
voriconazole,59483.70568
voriconazole,23318.81803
voriconazole,91994.26438
voriconazole,383706.4275
voriconazole,5447693.598
voriconazole,2812.151539
voriconazole,818085.2814
voriconazole,238304.2264
voriconazole,353237.7998
voriconazole,4579096.817
vosevi,43979340.81
vosevi,47929283.91
votrient,91861134.22
votrient,107702798.7
vowst,6482487.969
vowst,7758927.59
vpriv,5867917.967
vpriv,9189673.056
vraylar,223160501.3
vraylar,588821218.7
vtama,19539515.07
vtama,19562111.24
vuity,305584.1625
vuity,307560.4284
vumerity,116188341.6
vumerity,150406626.9
vusion,35117.64655
vusion,35200.66053
vyepti,10365477.07
vyepti,10299193.79
vyfemla,26466.28142
vyfemla,26474.89726
vyjuvek,2969058.934
vyjuvek,4286619.626
vylibra,3083.949709
vylibra,3079.902092
vyndamax,275187912.9
vyndamax,811834963.7
vyndaqel,88887531.26
vyndaqel,125799210.4
vyondys-53,1849932.824
vyondys-53,2672081.386
vytorin,4850079.587
vytorin,4851831.508
vyvanse,105756861.5
vyvanse,124261417.3
vyvgart,104528695.7
vyvgart,178297265.6
vyvgart hytrulo,5917685.271
vyvgart hytrulo,5690146.854
vyzulta,96550144.9
vyzulta,105088194.5
wakix,85877613.88
wakix,102950963.1
warfarin sodium,62522421.81
warfarin sodium,10219.98244
warfarin sodium,33943346.05
warfarin sodium,20848732.53
warfarin sodium,5041771.389
warfarin sodium,388.3032983
warfarin sodium,201.9967329
warfarin sodium,15271.54716
warfarin sodium,3840.562046
warfarin sodium,10070754.69
warfarin sodium,1912.045421
water,523034.3478
water,359752.1745
water,165489.2606
webcol,5970.365004
webcol,5357.160289
wegovy,210638.9718
wegovy,210164.4806
welchol,9811433.518
welchol,771289.6165
welchol,9415437.804
welireg,58837852.99
welireg,65705587.93
wellbutrin sr,5069353.106
wellbutrin sr,5066349.441
wellbutrin xl,69131881.94
wellbutrin xl,77181270.73
wera,16151.71198
wera,16228.38282
wescap-pn dha,5432.178484
wescap-pn dha,5409.133806
wesnate dha,4624.631467
wesnate dha,4613.847757
westab plus,481841.3448
westab plus,482072.8773
winlevi,923131.8534
winlevi,921480.2697
wixela inhub,185170526.0
wixela inhub,225789528.4
wymzya fe,5778.055485
wymzya fe,5754.281215
xadago,10356054.19
xadago,7472445.14
xadago,2765342.183
xalatan,5377327.157
xalatan,5372835.106
xalkori,51426097.87
xalkori,48999938.38
xanax,14287025.59
xanax,14199174.14
xanax xr,285380.9792
xanax xr,285017.4743
xarelto,422384092.1
xarelto,2393259142.0
xatmep,273292.4478
xatmep,272719.4758
xcopri,101850303.2
xcopri,114235062.3
xdemvy,6662527.582
xdemvy,6677611.943
xeljanz,146878757.2
xeljanz,237342150.7
xeljanz xr,194118816.5
xeljanz xr,384131557.6
xeloda,9330.110018
xeloda,9325.010753
xelpros,3684.774637
xelpros,3695.149264
xelstrym,53155.86081
xelstrym,53167.64661
xembify,15406274.6
xembify,13421531.99
xenazine,6201520.253
xenazine,9594272.724
xenical,301686.4341
xenical,301191.2439
xenleta,44900.37221
xenleta,44737.74901
xenpozyme,1585842.309
xenpozyme,2319667.049
xeomin,2985279.366
xeomin,3013871.529
xerava,779215.1128
xerava,779812.0527
xerese,488411.871
xerese,486587.5573
xermelo,18860668.23
xermelo,19082629.12
xgeva,43164506.04
xgeva,45426460.75
xhance,19290805.81
xhance,19318636.32
xiaflex,64614287.0
xiaflex,74059035.43
xifaxan,278521070.9
xifaxan,622973792.9
xigduo xr,131593560.0
xigduo xr,171058727.0
xiidra,243158572.3
xiidra,13539.72253
xiidra,463538195.9
ximino,32151.03354
ximino,32214.29394
xofluza,984278.737
xofluza,985036.7305
xolair,171671733.1
xolair,251869412.3
xopenex,6002.531763
xopenex,5988.514065
xopenex hfa,1549780.478
xopenex hfa,1381226.238
xopenex hfa,143546.6188
xospata,80471872.8
xospata,94766184.15
xphozah,1270568.538
xphozah,1297014.861
xpovio,68343984.33
xpovio,93697785.64
xtampza er,170114443.2
xtampza er,240455678.0
xtandi,327320815.6
xtandi,1174655384.0
xulane,857493.4506
xulane,855481.8718
xultophy 100-3.6,81178323.71
xultophy 100-3.6,80101191.27
xylocaine,5443.554872
xylocaine,460.2191968
xylocaine,4726.504985
xylocaine with epinephrine,431.6251777
xylocaine with epinephrine,430.0905254
xylocaine-mpf,48448.00508
xylocaine-mpf,9162.583287
xylocaine-mpf,37415.26007
xyosted,24032709.18
xyosted,24028081.9
xyrem,77199500.83
xyrem,93688203.28
xywav,125831959.6
xywav,181350909.4
yasmin 28,57507.07313
yasmin 28,57560.57114
yaz,106752.4761
yaz,106983.2883
yervoy,12846408.84
yervoy,13225546.46
yf-vax,1240681.594
yf-vax,1222690.133
yondelis,562070.9695
yondelis,555288.9572
yonsa,15221886.11
yonsa,15833806.08
yuflyma(cf) autoinjector,118193.3541
yuflyma(cf) autoinjector,117219.5173
yupelri,4247374.977
yupelri,4271835.061
yusimry(cf) pen,75625.56099
yusimry(cf) pen,75303.23739
yutiq,217657.7441
yutiq,216261.8647
yuvafem,28225399.4
yuvafem,36300.91536
yuvafem,28228767.01
zafemy,798586.0593
zafemy,796102.6054
zafirlukast,9441740.651
zafirlukast,1444583.192
zafirlukast,171647.099
zafirlukast,3958614.765
zafirlukast,4302034.346
zafirlukast,1998.866899
zaleplon,4691314.384
zaleplon,73139.48889
zaleplon,2420768.412
zaleplon,1335529.091
zaleplon,5294.896313
zaleplon,1042257.881
zanaflex,475233.3082
zanaflex,473984.1876
zarontin,239165.6871
zarontin,239281.3304
zarxio,42876084.33
zarxio,45722258.78
zavesca,1608893.065
zavesca,1964828.519
zavzpret,2417008.077
zavzpret,2433939.37
zegalogue autoinjector,102227.9964
zegalogue autoinjector,70159.06846
zegalogue autoinjector,24429.72226
zegalogue syringe,12167.79676
zegalogue syringe,12127.49127
zegerid,7880685.652
zegerid,8882842.732
zejula,134368098.1
zejula,167556421.6
zelapar,581015.9773
zelapar,577403.4192
zelboraf,14156753.48
zelboraf,12582814.82
zemaira,35504485.46
zemaira,29227911.25
zembrace symtouch,3301562.106
zembrace symtouch,3316416.83
zembrace symtouch,77386.61152
zemplar,18009.6008
zemplar,17886.79527
zenatane,636203.6869
zenatane,636410.8042
zenpep,257967524.9
zenpep,414345496.5
zenpep,366052.692
zenzedi,351098.6767
zenzedi,349382.7139
zepatier,437166.2292
zepatier,433749.2128
zeposia,64554621.66
zeposia,69580555.85
zepzelca,2221253.064
zepzelca,2499234.868
zerbaxa,12238968.77
zerbaxa,12175070.3
zerviate,8016451.155
zerviate,7917885.176
zestoretic,857077.6221
zestoretic,862532.2513
zestril,3797633.786
zestril,3840423.268
zetia,6037832.022
zetia,6002910.379
zetonna,312882.8422
zetonna,313253.2036
ziac,111926.578
ziac,110174.6972
ziagen,102105.8891
ziagen,102479.2742
ziana,9247.703857
ziana,9177.44944
zidovudine,209978.592
zidovudine,172128.0774
zidovudine,40294.82641
ziextenzo,10716867.64
ziextenzo,10522714.3
zileuton er,18745703.02
zileuton er,5264971.65
zileuton er,13328913.34
zileuton er,178356.2334
zileuton er,538324.6432
zilretta,691175.2008
zilretta,686912.7731
zilretta,10789.79374
zilxi,418248.5402
zilxi,418166.8251
zimhi,10030.75077
zimhi,10002.9186
zinplava,664449.4517
zinplava,660846.0715
zioptan,11343733.93
zioptan,8706381.046
zioptan,1571928.706
ziphex,896088.0117
ziphex,895053.3042
ziprasidone hcl,58302016.2
ziprasidone hcl,227412.9
ziprasidone hcl,5805382.034
ziprasidone hcl,435.6532448
ziprasidone hcl,85525.22188
ziprasidone hcl,4916991.975
ziprasidone hcl,268613.5548
ziprasidone hcl,263752.6866
ziprasidone hcl,28701379.96
ziprasidone hcl,769.469563
ziprasidone hcl,3059848.884
ziprasidone hcl,9019380.86
ziprasidone hcl,628671.3368
ziprasidone hcl,1245.40085
ziprasidone mesylate,490437.0957
ziprasidone mesylate,28761.84878
ziprasidone mesylate,206502.6278
ziprasidone mesylate,275934.9512
ziprasidone mesylate,11820.87355
zipsor,822328.6227
zipsor,828169.2804
zirabev,9276745.867
zirabev,9870151.589
zirgan,8793402.95
zirgan,8845939.114
zithromax,25907.90257
zithromax,25897.41311
zocor,1769947.978
zocor,1771600.315
zoladex,767462.5154
zoladex,780472.7185
zoledronic acid,70104.90178
zoledronic acid,781.212351
zoledronic acid,69779.52156
zoledronic acid,856347.4316
zoledronic acid,51065.0744
zoledronic acid,19090.0381
zoledronic acid,21600.25341
zoledronic acid,7670.64827
zoledronic acid,3937.250358
zoledronic acid,73175.40329
zoledronic acid,394.5418315
zoledronic acid,4451.137485
zoledronic acid,94442.31422
zoledronic acid,1470.275261
zoledronic acid,528097.4052
zoledronic acid,1720218.964
zoledronic acid,594594.7821
zoledronic acid,179376.8872
zoledronic acid,17896.81772
zoledronic acid,204293.4531
zoledronic acid,6545.031513
zoledronic acid,814940.2848
zoledronic acid,1137.134449
zolinza,3072396.535
zolinza,3359979.762
zolmitriptan odt,1234110.248
zolmitriptan odt,837272.8744
zolmitriptan odt,1508.52667
zolmitriptan odt,465238.8248
zolmitriptan,7896023.394
zolmitriptan,144931.751
zolmitriptan,2347114.603
zolmitriptan,25071.54352
zolmitriptan,21577.94757
zolmitriptan,1367279.58
zolmitriptan,245445.8076
zolmitriptan,2984.324559
zolmitriptan,1505262.291
zolmitriptan,2480443.968
zoloft,13540779.55
zoloft,13411817.71
zolpidem tartrate er,15283244.34
zolpidem tartrate er,716914.8517
zolpidem tartrate er,2946725.016
zolpidem tartrate er,645600.0374
zolpidem tartrate er,48560.5622
zolpidem tartrate er,8323530.067
zolpidem tartrate er,2399025.064
zolpidem tartrate,54744405.27
zolpidem tartrate,26185724.74
zolpidem tartrate,800002.9742
zolpidem tartrate,2356914.993
zolpidem tartrate,1009978.175
zolpidem tartrate,8464667.605
zolpidem tartrate,341.0428409
zolpidem tartrate,8715.970039
zolpidem tartrate,806.3791484
zolpidem tartrate,7456.493316
zolpidem tartrate,15563294.48
zolpidem tartrate,47597.76102
zolpidem tartrate,3112703.182
zolpidem tartrate,436.558544
zomacton,73566.97948
zomacton,73069.62512
zomig,1243689.161
zomig,1278703.362
zonalon,22288.21171
zonalon,22285.79592
zonegran,21337684.36
zonegran,20875080.18
zonisade,2038780.939
zonisade,2053231.713
zonisamide,17743127.66
zonisamide,1869745.557
zonisamide,3424439.386
zonisamide,826247.6075
zonisamide,2835880.083
zonisamide,40730.63328
zonisamide,4786369.851
zonisamide,1402783.194
zonisamide,2785381.182
zontivity,735817.1007
zontivity,720373.0841
zontivity,49327.47755
zortress,2201554.952
zortress,2197014.92
zorvolex,5744.388106
zorvolex,5708.065256
zoryve,6701013.311
zoryve,6708301.935
zosyn,590920.5998
zosyn,321908.4388
zosyn,273830.4394
zovia 1-35,22966.85104
zovia 1-35,23033.52056
zovirax,175918.7184
zovirax,175753.1295
ztalmy,965432.5124
ztalmy,951778.0
ztlido,47287577.42
ztlido,48065795.15
zubsolv,25161171.84
zubsolv,25377985.38
zumandimine,7952.67425
zumandimine,7902.594004
zyclara,105614.6758
zyclara,105506.2997
zydelig,8284230.587
zydelig,7375884.278
zyflo,2763106.532
zyflo,2780693.368
zykadia,5329375.271
zykadia,5193098.871
zylet,3800544.3
zylet,3800215.217
zynlonta,691212.2724
zynlonta,680584.1836
zypitamag,4011614.212
zypitamag,4019568.331
zyprexa relprevv,3880040.462
zyprexa relprevv,3904868.34
zyprexa zydis,3192681.204
zyprexa zydis,3221816.723
zyprexa,15820684.23
zyprexa,15706150.33
zytiga,33597480.18
zytiga,24482613.86
zytiga,11507322.32
zyvox,47448.88996
zyvox,46965.664
zyvox,27450.63537
zyvox,22977.97044
zyvox,7659.074883
